# Resource object code (Python 3)
# Created by: object code
# Created by: The Resource Compiler for Qt version 6.11.0
# WARNING! All changes made in this file will be lost!

from PySide6 import QtCore

qt_resource_data = b"\
\x00\x00\x1a\xa6\
\x89\
PNG\x0d\x0a\x1a\x0a\x00\x00\x00\x0dIHDR\x00\
\x00\x00\x80\x00\x00\x00\x80\x08\x06\x00\x00\x00\xc3>a\xcb\
\x00\x00\x05\xb7iTXtXML:com.\
adobe.xmp\x00\x00\x00\x00\x00<?\
xpacket begin=\x22\xef\
\xbb\xbf\x22 id=\x22W5M0MpCe\
hiHzreSzNTczkc9d\
\x22?>\x0a<x:xmpmeta x\
mlns:x=\x22adobe:ns\
:meta/\x22 x:xmptk=\
\x22XMP Core 5.5.0\x22\
>\x0a <rdf:RDF xmln\
s:rdf=\x22http://ww\
w.w3.org/1999/02\
/22-rdf-syntax-n\
s#\x22>\x0a  <rdf:Desc\
ription rdf:abou\
t=\x22\x22\x0a    xmlns:x\
mp=\x22http://ns.ad\
obe.com/xap/1.0/\
\x22\x0a    xmlns:phot\
oshop=\x22http://ns\
.adobe.com/photo\
shop/1.0/\x22\x0a    x\
mlns:dc=\x22http://\
purl.org/dc/elem\
ents/1.1/\x22\x0a    x\
mlns:exif=\x22http:\
//ns.adobe.com/e\
xif/1.0/\x22\x0a    xm\
lns:tiff=\x22http:/\
/ns.adobe.com/ti\
ff/1.0/\x22\x0a    xml\
ns:xmpMM=\x22http:/\
/ns.adobe.com/xa\
p/1.0/mm/\x22\x0a    x\
mlns:stEvt=\x22http\
://ns.adobe.com/\
xap/1.0/sType/Re\
sourceEvent#\x22\x0a  \
 xmp:CreateDate=\
\x222026-04-26T21:2\
0:16-05:00\x22\x0a   x\
mp:ModifyDate=\x222\
026-04-26T22:37:\
21-05:00\x22\x0a   xmp\
:MetadataDate=\x222\
026-04-26T22:37:\
21-05:00\x22\x0a   pho\
toshop:DateCreat\
ed=\x222026-04-26T2\
1:20:16-05:00\x22\x0a \
  photoshop:Colo\
rMode=\x223\x22\x0a   pho\
toshop:ICCProfil\
e=\x22sRGB IEC61966\
-2.1\x22\x0a   exif:Pi\
xelXDimension=\x221\
28\x22\x0a   exif:Pixe\
lYDimension=\x22128\
\x22\x0a   exif:ColorS\
pace=\x221\x22\x0a   tiff\
:ImageWidth=\x22128\
\x22\x0a   tiff:ImageL\
ength=\x22128\x22\x0a   t\
iff:ResolutionUn\
it=\x222\x22\x0a   tiff:X\
Resolution=\x22300/\
1\x22\x0a   tiff:YReso\
lution=\x22300/1\x22>\x0a\
   <dc:title>\x0a  \
  <rdf:Alt>\x0a    \
 <rdf:li xml:lan\
g=\x22x-default\x22>Lo\
go</rdf:li>\x0a    \
</rdf:Alt>\x0a   </\
dc:title>\x0a   <xm\
pMM:History>\x0a   \
 <rdf:Seq>\x0a     \
<rdf:li\x0a      st\
Evt:action=\x22prod\
uced\x22\x0a      stEv\
t:softwareAgent=\
\x22Affinity Design\
er 2 2.6.3\x22\x0a    \
  stEvt:when=\x2220\
26-04-26T22:37:2\
1-05:00\x22/>\x0a    <\
/rdf:Seq>\x0a   </x\
mpMM:History>\x0a  \
</rdf:Descriptio\
n>\x0a </rdf:RDF>\x0a<\
/x:xmpmeta>\x0a<?xp\
acket end=\x22r\x22?>\x85\
\xda\xfc\x96\x00\x00\x01\x81iCCPsRGB \
IEC61966-2.1\x00\x00(\x91\
u\x91\xdf+\x83Q\x18\xc7?\xfb!b\x9a\xe2Bq\
\xb14\xae6\xcdV\xe2F\x994ji\xcd\x94\xe1f\
{\xf7Km\xf3\xf6\xbe\x93\xe4V\xb9U\x94\xb8\xf1\xeb\
\x82\xbf\x80[\xe5Z)\x22%\xd7rI\xdc\xb0^\xcf\
\xbb\xa9I\xf6\x9c\x9e\xf3|\xce\xf7\x9c\xe7\xe9\x9c\xe7\x80\
5\x96W\x0a\xba\xdd\x07\x85bI\x8b\x86\x82\xae\xd9\xf8\
\x9c\xab\xf1\x05;]X\xf1\x13H(\xba:\x1a\x89\x84\
\xa9k\x1fwX\xccx\xe35k\xd5?\xf7\xaf\xb5\xa4\
\xd2\xba\x02\x96&\xe1\x11E\xd5J\xc2\x13\xc2\xe1\x95\x92\
j\xf2\xb6p\x87\x92K\xa4\x84O\x85=\x9a\x5cP\xf8\
\xd6\xd4\x93U~69[\xe5/\x93\xb5Xt\x0c\xac\
m\xc2\xae\xec/N\xfeb%\xa7\x15\x84\xe5\xe5\xb8\x0b\
\xf9e\xe5\xe7>\xe6K\x1c\xe9\xe2\xcc\xb4\xc4\x1e\xf1n\
t\xa2\x84\x08\xe2b\x92q\xc6\x18d\x80a\x99\x07\xf1\
J\x7f\xfaeE\x9d|_%\x7f\x8a%\xc9UdV\
YEc\x91,9JxD]\x96\xeai\x89\x19\xd1\
\xd32\xf2\xac\x9a\xfd\xff\xdbW=\x13\xf0W\xab;\x82\
\xd0\xf0d\x18o\xbd\xd0\xb8\x05\xe5M\xc3\xf8<4\x8c\
\xf2\x11\xd8\x1e\xe1\xa2X\xcb_:\x80\xa1w\xd17k\
\x9a{\x1f\x9c\xebpvY\xd3\x92;p\xbe\x01\x9d\x0f\
jBKT$\x9b\xb85\x93\x81\xd7\x13h\x8dC\xfb\
54\xcfW{\xf6\xb3\xcf\xf1=\xc4\xd6\xe4\xab\xae`\
w\x0f\xfa\xe4\xbcs\xe1\x1b\xa7fh\x03\x15K\xd0[\
\x00\x00\x00\x09pHYs\x00\x00.#\x00\x00.#\
\x01x\xa5?v\x00\x00\x13\x08IDATx\x9c\xed\
\x9dwt\x5c\xd5\x99\xc0\x7fo\xba\xa4\xb1\xeaHV\xb3\
$K\xb6%\x17,\x881\x8e1\xd8\xe0]J\x12:\
\xd9\x0d\x84$g\x93%9\x9bC\xb2\x09{\x92M\x82\
1\x18\xc8.\x09\x81ur8\x80\x03\x9c\x00\xc1\x04\xd2\
q Y\x13\xb2\x06\x0cn\x18\xcb\x96[l\xd9\x92U\
G\xbdk\x8a\xa6\xdd\xfdc4V\x99\xa2\x997\xa3\x82\
|\x7f\x92\xfdt\xde\xbb\xef\xbbw\xde\xf7\xcd\xad\xdf\xfd\
\x1eH$\x12\x89D\x22\x91H$\x12\x89D\x22\x91H\
$\x12\x89D\x22\x99\xcb(3\x95\xf1\x83?|\xde\x04\
\xe4\x03\xf9B\x88\x02 OQ\x94\xf4\x99*\xcf4b\
\x07\xacc\xfe\xb5<t\xff\xdd\x833U\x98i5\x80\
\x07\x7f\xf8|>p\x13p\x0b\xb0\x11\xd0Og\xfe\xb3\
\x98\x83\xc0\x0e\xe0u\xe0\xe4C\xf7\xdf-\xa6+\xe3)\
7\x80\x07\x1eyN\x01n\x06\xbe\x0f\xac\x99x\xdd\xed\
v\xe3\x1av2<\xec\xc4\xedv\x8f\xb9\x22\xce\x1f\xc6\
?\x0d\x11\xea0\xee\xaf\xf1\xd7\xa28?\xeeZ\x88g\
/\xc2\x5c\x11!s\x0f*\xf4\xd8T:\xad\x8e\xa4\xe4\
\x14R\xcc\xf30\x1aM\xc1yA-\xf0\x14\xf0\xf4\xc3\
\x9b\xbf:\x1c*A\x22\x99R\x03x\xe0\x91\xe7\xd6\x01\
\x8f\x01\x97\x07\xce\xd9\x86\x06\xe9\xea\xec\xa0\xab\xb3\x8d\xa1\
\xc1\x01\xbc>\x1f\x88\x91\x87\x1b8\x22\x82\xcf\x8d9\xfa\
\x0f\xa1\x8f F\x92D8N*G\x8c\xfc\x06\xce\x8d\
\xbf\xff\xfc\xb5\x10\xe5\x0eN3\xe18\x92~\xe9\x8a\x8b\
\xb9\xf4\xb2+\xce?+1\xc6\x98F\xa8\x17BlV\
\x14\xe5W\x0fo\xfe\xaa/\xba'\x1e;Sb\x00\x0f\
<\xf2l&\xf0,p;\xf8?\x5c{\x9b\x95\xb35\
\xa7\xf0x\xdc\xa3\x1f6\x9c\x92/@\x03\x00hn\xaa\
\xa7\xa3\xddJ\xc5\xd2\x8bHJN\x09\x9c>\x0c|\xf1\
\xe1\xcd_;\x11\xe5\xe3\x8f\x09m\xa2\x05n~\xf8\xd9\
\x0a`\x17p\x05@OW''\x8e\x1d\xa6\xad\xb5\x05\
\x9f\xcf\x9b\xe8\xec>\xb6d\xe7\xe4\x92_P4\xee\xdc\
\xc0@\x1f\xfb>\xd8\xc5\xf1\xa3U\x18\x8c&\xd2\xd22\
\xd1h\xb5y\xc0\x97\xd6_u\xc3\x89\xdd\xef\xbey:\
\xd1\xe5H\xa8\x01l~\xf8\xd9O\x01o\x01y\xae\xe1\
aN\x9e\xa8\xa6\xa9\xa1\x0e\xb7\xdb\x95\xc8l\xe6\x04\xe1\
\x0c\xa0\xee\xac_\xc7-\xcd\x0d46\xd4\x91\x9d\x93K\
rr\x8aAQ\x94;6\x5c}\xe3\xf0\x86\xabo\xdc\
\xb3\xfb\x9d7\x12V\x0eM\xa2\x04m\xda\xb2\xed\x0e!\
\xc4\x9bB\x88\xd4\xa1\xc1\x01N\x1c\xad\xa2\xaf\xb7;Q\
\xe2/H\xfaz\xbb\xf9\xcb\x1b\xbf\xa5\xcd\xda\x8c\x10B\
\x11B<*\x84\xd8\x9a\xc8<\x12b\x00\x9b\xb6l[\
\xad(\xca\x0b\x80f\xa0\xbf\x8fc\xd5\x1fa\xb3\x0d%\
B\xf4\x05\x8f\xd7\xe3\xe1\x7f\xdf\xfc\x1d\x1f\x1d\xf8 p\
\xea[\xf7?\xf4\xf3\xaf%J~\xdc\x06p\xff\x96m\
y\x0a\xfc\x11!L\x83\x03\xfd\x1c\xab>\x84\xd7+\xdb\
\xfaDs\xfc\xe8!\x8e\x1e9\xe8\xef\x91\x0a\xf1\xd4\xfd\
[\xb6mH\x84\xdc\xb8\x0c`\xd3\x96m:\x01\x7f\x10\
P\xe0p:8szJ:\xaa\x92\x11\x0e\x1d\xdcC\
{\xbb\x15\x01:\x01\xbf\xdf\xb4e\xdb\x82xe\xc6[\
\x03|\x05\xf8\xa4\xcf\xe7\xa3\xb6\xe6\x14N\xa7#\xde\xf2\
H&\xe1\x9d\xb7\xffL\xaf\xbfo\x95\x05\xfcw\xbc\xf2\
T\x1b\xc0\xa6\x07\x9fIA\x88\x87\x10\x826k\x13\x03\
\x03}\xf1\x96E\x12\x05\x0e\x87\x9d\xbd\xbb\xff\x16h\x0a\
\xee\xda\xf4\xe03\x17\xc7#O\xb5\x01\x08\xb8W@\xee\
\xf0\xf00\x8d\x0du\xf1\x94A\x12#\x1d\x1d\xad\xb4\xb5\
\xb6 @\x11\xf0\xe3xd\xa92\x80\xfb\x1e|:\x1d\
\xc4\xf7@\xd0\xda\xda\x14O\xfe\x12\x95\x1c<\xb0\x1b\xff\
*\x83\xb8\xf6\xbe\x07\x9f\xbeJ\xad\x1cU\x06\xe0\xf3\x89\
\x1b\x84\xc0l\x1b\x1a\xa2\xcd\xda\xa26oI\x1ctu\
\xb6S\x7f\xee\xecHK\xc0\x1dj\xe5\xa82\x00E\xe1\
f\x10\x0c\x0e\xf6\xab\xcdW\x92\x00\xeakk\x18\xa9\x05\
n\xfe\xc1\x03O\xa9\xd2e\xcc7\xfd`\xf3S&\x04\
\xd7#\xa0\xafG\xce\xf4\xcd$\x8d\x0du\xb8].\x10\
\xe4\x22X\xadFF\xcc\x06 \x10\x1b\x05\xc2\xec\x1cv\
\xca\x9e\xff\x0c\xe3\xf3yio\xb3\x22\xfc?\xb7\xa8\x91\
\xa1\xa6\xda\xa8\x04p\xd8mj\xf2\x93$\x98V\xeb\xf9\
Nx\xa5\x9a\xfbu1\xdf!\xc8\x07\xfcU\x8fd\xc6\
\xb1\xdb\x87\x02.G\xf9j\xee\x8f\xd9\x00\x04\x22\x1f\xc0\
\xe5\x9aro%I\x14\xd8m\xb6\x80\xa3\x89*\x03\x88\
\xbd\x09\x10\xe4#d\x0d0[8_\x03\x08\xb2\xbf\xb7\
\xe9IC\xac\xf7\xab\xe9\x04\xce\x17\x08\xdc\x1e\xf7\xe4\x89\
%S\x8e\xd3\xe1\x08t\x02\xf1x\xdd\xf3c\xbd_M\
'P\x0b!\x9d\x18%3\xc0X=h\xb5\xba\x98\xf5\
\xa9\xa2\x13(\x15?\xeb\x88C'*:\x81\x92\xd9F\
<:Q3\x0c\x8c?WIb\x89C\x17j\x86\x81\
\x93\xa61\xcfK\xa5\xb4l1I\x1a-\x05\xa3\xfe\xed\
c\x84\x8cn\xd1q9\x1dt\xd7\xd71\xe8rQ\xd5\
\xdd1.Y\xd9\xe2rV\xad^KaN\x1e\xb9\xe9\
Y\x18RR\xd0&%\xa3\xe8th\x5c.tn\x17\
8\x9dx\x1cv\x5c\xd6\x16\xfakNQ\xddt\x8e\xb7\
\x1b\xea\xe8\x1e\x9e\xdc9Eo0\xb0lE%+V\
\x5cLEY9\x19\xa9i\x98\x92R\xd0\x98\x8c\xa0\xd1\
\xa2s:\xd0\xdb\xedx\x06\xfa\xb1\xf5t\xd3\xdd\xd1F\
\xc3\xe9\x13\xd4\xb7\xb5\xb2\xa7\xa5\x81\x1e\x15\x0e0\x1a\x8d\
\x86e\xcb+))+\x0fz\x92\x19\x99\x16J\x17\x95\
S{\xe6TL2\xa3\xd1I8b\xaf\x01\xa2`A\
q\x09_\xfa\xd7oD\x95\xd6\xd4\xd7K\xd1\x9e=\xd4\
\xf6uS\xf5\xde[dY\xb2Y\x7f\xf55\x5cr\xc9\
edXr\xc2\xde\xe7KJ\xc2\x95\x94\x04\xa9i\x00\
\xe8\x8a\x17\x92\xb5\xe6rn\xe8\xe9\xe1\xf3\xf5\xe7h>\
^\xcd\x1bgO\xf2\x97\x86\xda\xa0{\xcb+\x96s\xd3\
mw\xb2x\xc9Rt\xfa\xf0#'\x8fy\x1e\x1e\xf3\
<\xc8\x99\x8f\x01\xc8\x03\xf2?u\x13\xd7\xb5\xb6ro\
]-\x87\x8e\x1e\xe2w'\x8f\xb0\xbf\xb59\xaa\xcf\xba\
\xa4b9+.ZE\xb2y^\xc8\xeb\xc9)f\xae\
\xbc\xfaz\xca\x97\xae\xe4\xa3\x03\xbbiok\x8dJn\
<\xc4\xd1\x09L|\x1b\xb0\xb8b\x19_\xfe\xda\xbfc\
6\xa7\xaa\x13\xa0\xd1`\xb7X\xb0[,Xrr\xf8\
\xee\xfc|V\xe5\x16\xf0\xd8\xc1=8\xbd\x1e\x0a\x8b\x8a\
\xb9\xfds_\xe2\xa2\xcaKQ\x14u\x9b\xa2\x84VK\
\x7fa!\xfd\x85\x85,/.f}Y\x05;O\x1d\
\xe5G{\xdf\xc1\xe6\x09?7\xb2lE%\x97\xac^\
\x17U\x1e9\xb9\xf9\x5c\x7f\xc3g\xf9\xf3\x9f~CW\
G{\x14\x85\x9a\x81N`\xa2\xd5/J\x16\xf2o\xff\
\xfcy\xf4\xfa\xc4l\x18\xee+*\xc6\x95\x9c\xc2?\xf8\
|\xe4\x99\xd3\xd8\xd6\xd5\xc2\xdd\xf7|\x97\xa4\xa4\xe4\x84\
\xc8\x07\xe8-.\xc1\x96e\xe1\x1a\x93\x89\xca\xdcB\xbe\
\xf3\xd7?r\xba\xb7'(]Zz\x06+/\xb9,\
&\xd9\x1a\xad\x8e+7\x5c\xcb\x8e\xdf\xbf2\xa9\x97u\
<\xbaP3\x13\x98`\xed+\xf4,^\x8co\xdd\xfa\
\x84)?\x80\xddb\xa1\xbbb)\x0b\x97\xaf\xe4\x9eo\
\xdd\x97P\xe5\x07p\x99\xcd\xb4\xac\xbe\x8c\xdc\xacl\x9e\
\xb8\xf6V\xb2\x93\x92\x82\xd2\x5c~\xc5F\xb4\xba\xd8?\
[z\xa6\x85\xcb\xd6^9yB\x81j\xbd\xa8\x98\x08\
J\xac\x058\xd3\xd2\xe8ZR\x9e0y\x13\xe9)+\
\xa3y\xd5\xa5h\x12l\x5ccq\x99\xcdt\xac\x5cI\
~j:[\xd6_?\xeeZf\x96\x85LK\xf0\x04\
\x9d\xcf\xeb\xa1\xa9\xa1\x96\x13G?\xc2\xda\x5c\x8f7\xcc\
\xcc\xea\xa2%+\xd0h\x22\xa9I\x10\x8f\x05\xcc\xfc<\
@\xa4\xb6\xd8\xe7C\xeft\xe21\x18\x10\xba8\xfa\xab\
\x11\x1e\xa0\xe2\xf3a\xb0\x0d\xe1S4\xb8\x93\x93#\xa6\
\x8d\xc4\xe0\xfc\x5c,\xc9\xc9\xacY\xb0\x90\xf2\xf4\xcc\xf3\
MA~aq\xc8\xf4{v\xff\x8d\xfa\xba3\xe7w\
\x17ku:\xd6\x5c\xbe\x81EK\x96\x8fK\xa77\x18\
(^X\xc6\xb9\xda3a\xf3\x9e\xe6y\x80\xa9\x9b\x00\
P|>2\xebj1tu\xf2\xfe\xa9\xe3T\x9d;\
CC_/M\xf6!\xb2r\xe6S\xb8\xa0\x84uk\
\xd7SQ\xb9*\xae|\xe6\xb5\xb51\xcf\xda\xc2\xe9\xda\
\xd3\xbcs\xac\x8aS]\x1d\xd4\xf4v\xa3\xe8t\x14.\
(f\xcd\xda+\xb9\xe6\xd3\xb7\xa2\xd5\xc6\xf0x\x14\x85\
\x81\x05\x0b\xc8:}\x9a[+V\xf2\xa3}\xef\x02\x90\
:2J\x19\x8b\xd3a\xa7\xfe\xdc\xd9q\xe7<\x1e\x0f\
\xfb\xde\xdfEAA1I)\xe6q\xd7,\xd9\xb9\x11\
\x0d`Z;\x81S\x85\xa9\xbf\x8f\xdc\xeajZ\x9a\x1b\
\xf8\xe9\xe1\xfd\x9c\xea\xeb\x19\xb7\xf7\xbe\xa3\xad\x95\xf6\xb6\
V\x0e}\xb8\x97\xf5W_\xc3m\x9f\xfb\x17\x0c\x86\x18\
\x17\xbf|>\xf2\x8f\x1c&\xa9\xa5\x85\xff9\xf0.;\
\xeaj\xc6\xc7\x05p\xbb\xa9\xab=C]m\x0d\xc7\xaa\
\xab\xb8\xfb\x9e\xef\x90\x91\x91\x15\xb5x\x8f\xc9\x1f\xf1#\
;et\x98g0\x18C\x14#t\xbc\x07\x9f\xcfG\
ooW\x90\x01\x98\xc3\x0c\x1b\x13A\xecM\xc0\x98\xe0\
\x0e\x89B\xebrQ\xb8w/v\xa7\x83o\xbf\xff6\
N\xaf'b\xfa\xdd\xef\xbc\xcd\xd2\x15\x17S\x19c\xcf\
:\xfbL\x0d\xe6\xd6V~u\xf20;\xeaj\x22\xa6\
=~\xf40\x7f\xdb\xb9\x83\x7f\xba\xf3+Q\xcb\xf7\x8c\
(;\xdd4\xda\x11\xd4h\x83w\xe0'\xa7\x98\xb1X\
r\xe8\xea\x0c\x1e\xe2\x9d<~\x98\x8e6+0Z\xb5\
\x0f\xf4\xf7F\xcc7\x9e\x85\xb9YQ\x03\xa4\xb64\xa3\
\xf1\xf9\xf8\xa0\xa5\x01g\x94\x1bK\x9b\x1b\xebc6\x00\
s\x8b\xdf\x85}\xe7\xb9\x08\xd5\xe9\x18\xaa\x0e\xee\x8b\xc9\
\x00\xbcF\x7f\x8d\x94:\xc6\x00lC\xa1\x03\x80\xad\xdf\
x=\xbbw\xed\xa4s\x82\x11\xb445\xd2\xdc\xd8\x00\
\x84\x8a~\x92x\xd4\xf8\x03\x8c\xfc$\x0e\xe3\x90\x7f+\
yS\x0cn\xe6\xe7\xea\xa2Sb\x00\xbd\xdd\x8e\xde\xe1\
\xa0\xc36H]\x94\xf9\xb447\x86\xfc\x96\x86#P\
\x03\xa4\x8d\x09\xfe\x14\xee\xdb\x9bbN\xe5\xba\xcf\xdc\xce\
?^w#%\xa5\x8bTOL\xc1X\x9dL\xc3(\
`*\x16\x81\xb4N'\x00]1\xcc\xad\xd7\x9e9\x85\
\xcf\xe7\x9bd\x884Jr\xb7\xdf\x85\xfdDg[L\
es8\xecQ\xa7\x15#e\xd1\x8d\xa9\xf6{\xba\xbb\
\xc2\xa6\xd7h\xb5\xe4\x17\x96\x90_X\xc2'\x87\x9d\xb4\
\xb64r\xb6\xe6$M\x8d\xf51\x95qZ\x17\x83\xa6\
\x02e\xa4S\xe4\x8a!\xae\x80\xd3\xe1`x\xd8\x19\xf5\
\xe4\x8e\xde\xe17\xaeN\xfb4\x04\xae\x18\xa3\x90\xf66\
+\xed\xad\xcd\xcc\xcf+\x8cx\x8b\xc1h\xa2\xb8t\x09\
\xc5\xa5K\x18\xe8\xeb\xe1X\xf5AjN\x9d\x9c\xe2\x82\
\xaai\x02\x84\x90\xde@aPFc\x9c\x8d\xe3\xc0\xde\
w\xf1\xc4\x10')5=\x93u\x1b\xaec\xfd\xc6\xeb\
\xd0\x86\xe8DN$\xa0\x135zIX\x8c \x09c\
4?^\x11\x83\x83\x03\xfc\xdf[o08Io~\
\x22e\x8b\x97q\xc5\x86k\x12S\xb60\xa8\xee\x04J\
\xc2\x13\xea\x8b\xd8\xd5\xd9\xce\x9b;~\xc3\xc9cU1\
m\xaa)]TN^A\xe4\xe6#\x9eN\xa0\xfa\xc5\
 i\x03a\x09\xa7\x08\xaf\xd7C\xd5G\xfb\xf8\xc3\xaf\
_\xe4\x83\xf7\xde\xa2\xcd\xda\x84\x083)t\x1eE\xc3\
%\xab\xd6N\x96\xa1j\x9d\xcc\x8aN\xe0\x9c!\xca6\
X\x08\xc1\xb9\xda3\x9c;[\x8395\x8d\x8a\xa5\x17\
QR\xbadlt\xd0q\xa4\xa5g&\xb2\x94\xe3\x88\
\xa3\x13(\xab\x80p\xc4\xd2\x17\x1b\x1c\xe8\xe7\xe0\xfe\xf7\
\xf9\xed\xab\xbf\xe0\xe4\xb1\xaa\x90i\x92\x92\x92#.\x95\
\xc7\xd3\x09\x945\xc0\x94\xe0W\x84\xc1``A\xd1B\
\xc4\xf9S\xfe\xf3\xb5gN\x05)K\x08\xc1\xc1\xfd\xef\
c6\xcf\xa3h\xe1\xe2\xf1\xe2\x14\x05Kv\x0eVk\
t\xaeg\xb1\xa0\xda)T~\xff\x83\x998\x0c\xd4\x1b\
\x8c\xacY\xb71(]OO\x17\xdd]\x9d!e\xb4\
47\x04\x1b\xc0$\xc4\xd3)\x9f\x05\x1eAs\x88\x09\
\xebdv\xdbP\xc8\xf6 3\xd3\x12VD\xb8\x99M\
\xbb=\xc2\x8c\xe4\xc7\xd9#hn2\xba\x88\x13j\xc8\
\xb7h\xc9\xb2\xb0wf\xe7\xe4\x05K\xf3\xf9\xc2.*\
\x8d\xe6\xa7N/*:\x81rw\xd8d\x8c}<\x1d\
\x1d\xc1\xae\xdd\x96\x9c<>qi\xf0\xd0nAQ\x09\
\x0b\xcb\x82\xdd\xe3z{:\xf1x\xc2/\x91\x07t\xa2\
F/\xb2\x13\x98P\x82\x97o\x9b\x1a\xea(\x0e\xd1\xa6\
/_\xb9\x8a\xfc\x82\x22\xda\xdaZp9\x1dde\xfb\
=\x9eP\x82\xbf\x93\xd6\x96\xa9\x0b\xc5\xa7\xc2\x00\xe4\xde\
\xb0\xb0\x84x$\x8d\xf5u\xb4Y\x9b\xc8\xcd\x0f\x0e\xeb\
\x9b\x91\x95MFVvD\x91v\xdb G\x0e\xed\x8f\
=\xe3(Q\xdf\x04H\xfd\x07\x11X\xd1\x9f\xf8h\xf6\
\xefy\x07\xb7\xca\x88*\x1f\xee}\x0fW\x84`\x1c\x82\
\xf8\x9a\x00\xd9\x09L(\xa1kG\x9bm\x88\xaa\x83{\
'\x9f\xf6\x9d@}\xed\xe9(\x1d_\xa6\xd1-\x5c\xea\
>\x02\x11\xdc%\xcf\xd6\xfc\x9d\xbe\xdenV\xad\xb9\x02\
KvnD1N\xbb\x8d\xea\xc3\x078y\xbc:\xa6\
|\xd5 '\x82\xa6\x80p\x133\x9d\x9d\xed\xec|\xf3\
\xf7\x94-ZB^A1\xf3\xe6\xa5\x92bNE\xa7\
\xd3a\x1b\x1adhh\x80\xde\xee.\xaa\x0f\x7f8\xe1\
\x1d\x8a\xea\xf2\x8b\x86\x98\x1d\xd1\xbe\xfe\xcdG\x1a\x80\xa2\
\x96\xe6F\xec\xb6\xc1\xb0\xaff\xf3\xff\x8e9\x12\xc2\xc9\
\xf1\x02~m\x9c\x9a\xcf&&\xe4\x0d~\xb7\xb2\x1bo\
\xb93\xa0\x9e\x92g\x9e\xdc\xdc\x10RqaP\xef\x16\
.\x995\xc4\xa3\x13\xe9\x11t\x81#C\xc4\xcc\x05f\
\xa2\x13(-`\xf60\xbd\xab\x81\x929\xc5\xac\xda\x1d\
,QA`*P%3\x1f\x1f@\x127\xf1\xe8D\
\xce\x04\xce\x05\xe4L\xe0\x85\x8d\xec\x04JT3\xab\xe2\
\x04JT2\x9d3\x81r1x<\x1a\x8d\x86\xe2\xd2\
2\x1e\x7f\xf2\x05\x9e|\xee\xb5\x19)C\x1c>\xa1q\
\xd4\x00\x17\xb8\x15|\xfd\x9b\xff\xc9\xeaO\xae\xc7`4\
\x9e\x0f\xee\xd0\xd5\x15}0\x89\x84\x22\x87\x81S\x8bF\
\xa3\xe1\xe6\xcf\xde\xc9\xfa\xab\xae%3+'\xea\xa0\x14\
\xd3\xc5\xf4\x0e\x03/\x00L&\x13\xd7~\xfa6.[\
{%\xf9\x05\x0b\xa2\x0a\x17\xe7\xf1x\xd8\xbdk\xe74\
\x94.\xb1\xc8\x99@\xfcA\xaa\xd7\xae\xbb\x8a\x8ae+\
\xc9\xcd+\x8c:^\x8f\xd7\xe3a\xef\x07\xbbx\xe3\xf5\
\xd7hj\xa8g\xc6\xea\xc7\xb9\x10,z:\xc8\xca\xce\
fI\xf92J\x17\x95S\xbe\xf4\x22\xf2\x0b\x16\xa0\x84\
p\xc3\x8e\x84\xc7\xe3\xe1H\xd5~~\xbd\xfdy\xac\xcd\
M\xe3\x1c9f\x8ai\x9e\x09\x9c\x9d\xaa7%%\x91\
\x99e!=#\x93\x8c\x8c,\x8aJJ).^D\
AQI\xec\x01%'\xe0v\xb98y\xe2\x08\xbfz\
\xe9\xe7\xb447\x8e\xf7\xee\x99\x0d\xcc\xb68\x81))\
f\x1e\xfa\xd1\x93A\xe7\xddn7v\xbb\x0d\xbb\xcd\x86\
\xd3ic\xd89\x8ck\xd8\x89\xc7\xe3\xc1\xe3\xf5 |\
^\x04\xa0(\x1a\xb4Z-z\xbd\x1e\x83\xc1\x88\xc9\x94\
DRR2\xc9)fR\xcc\xe6\xd8B\xb8\xaa\xc4\xed\
vQw\xf64O\xff\xecQz\xba\xbb\x19u\xf7\x9a\
[L\xab?\x80^\xaf'--\x9d\xb4\xb4\xf4\x98\xef\
\x9d\x0e\x86\x9dN\x0e\x7f\xb4\x8f\xe7\x9ey\x02\x8f\xdb3\
\xbb\xbe\xe5\x11\x98\xdeW\xc6\x08\xbc\x00J\xec\xfe\xa4\xb3\
\x0e\x9f\xcf\xcb\x81\xbd\xbby\xf9\x85\xa7q\xd8\xed\x1f\xcb\
\xe0\x17\x8a\xa2\x8c-n\xe4\x18\xbb!PS\x03\xb4\x03\
\x0b5\xda\xd95\x16\x8e\x86\xe3G\x0f\xf1\xd6_^\xa7\
\xb1\xe1\x1c\x83\xfd}@(\xaf\xe2\x8f\x17\x06\xa3ql\
\x0d\x10:\xe8@\x04\xd44\xa6V`Z\xdaa5\xf4\
\xf7\xf7R[\xf3w\x8e\x1f=DsS\x03\xed\xadV\
l6\x1bAn\xe1s\x04\xd3h\x5c\xe2\xce\x17\x9f\x7f\
4\xe6\x17:\xabi\x02\xac\x00\x1aM\xf8\x00\x866\xdb\
\x10\xdf\xf9\xc6\x97\xd1\xe8\xb4$\x99\x921\x99L\x18L\
F\xf4:=\xc6\xa4d\x8cF#\x06\x83\x11\xbd^\x8f\
N\xa7G\xa3\xf1w\xfaP\x02M\x8b\xc0\xe7\x13x}\
^\xbcn7.\xb7\x0b\xd7\xb0\x13\x87\xd3\x89\xc3n\xf3\
\xff\xedp\xe0t\xd8\xb1\x0d\x0d\xe1v\xbb#\xee\x0b\x98\
\xcb\x18\x8d\xa6\xc0G\xb4\xaa\xb9_M\x130R\x03L\
\xde\x04x=\x1e\x86\x06\x07\x18\x1c\x09\xce<\x95\x1bC\
.T\x8cFS\xa0N\x9b\x1e\x03@P\x0d\xa0\xd7\xc5\
7\xb6\x96$\x86\xcc\xac\x9c@\x0d\x10\xe5F\xc2\xf1\xa8\
\xd9\x1d\xbc\x0b\xc4\x90V\xa7\xf5W?\x92\x19C\xa3\xd1\
\x90\x9e\x91\xc9\xc8b\xf0\xeb\xaad\xc4z\xc3K\xbf\xf8\
\xb1S\x08v\x0a\x01&S\xe2_\xc3&\x89\x9e\xec\x9c\
<\xb4Z\x1dB\xd0*\x04\x07\xd5\xc8P;\x96\xdb\x01\
\xfe!\x88d\xe6\x98\x9f[\x10\xf8\xf3O\xbf|\xe1\xc7\
\xb1\x05\x1f\x18A\x95\x01\x08\xc4\x9b\x021\xa8\xd3\xeb\xa7\
\xf4\x85F\x92\xf0\xa4\xa6\xa6\x93=?\x8f\x91 \xd1\xaa\
]\x91T\x19\xc0\xcb/<\xd6\x87\xe01\x84\xff\xd5'\
\x92\xe9gq\xf9\x8a\x80\x1f\xd8__~\xe1\xb1w\xd5\
\xca\x89c:Ol\x05\xd1\xaa\xd5jHM\x9d\x9ds\
\xfbs\x95\xb4\xb4\x8c@\xe7O\x80\xf8^<\xb2T\x1b\
\xc0\xcb/\xfe\xc4&`\x8b\x00\x92\xcd\xf3d\x7f`\x9a\
0\x18\x8cT,\xab\x0c8\x81\xbe\xf2\xf2\x8b?9\x12\
\x8f\xbc\xf8&\xf4\x85\xf8\x05B\xecW\x80\xf4\xf4L\xb4\
\xf1\xbc\xdeU\x12\x15+V\xae\x22%\xc5\x0cBt#\
\xc4}\xf1\xca\x8b\xcb\x00\xb6\xbf\xf4\xb8\x07\xb8\x0dh\xd1\
\xe9tdd\x84\x8f\x81+\x89\x9f\xd2\xb2\x0a\xd2\xd23\
\xc0\xbf\xeaw\xfb\xf6\x97\x1e\x8f;\x82d\xdcKz\xdb\
_z\xbcU\x08q\xab\x108\xf5z\x03\x96\xec\xf91\
\xbbYI&gAq)E\xc5e\x81x\x80\xf7l\
\x7f\xe9\xf1\xf7\x12!w\xf2WRE\xc1\xb1\xea}\xd6\
\x95\x95kk\x81\xdb\xb4Z\xadb2\x99p\xbb\x86\xf1\
\xfa\xa2\x7f\x0d\x9c$4\x1a\x8d\x96\xcaKV\x937\x1a\
i\xf4g\xaf\xfc\xf2\x89\xffJ\x98\xfcD\x09z\xe5\x97\
O\xbc&\xe0\x06\x01\x03:\xbd\x81\x0cK\x0eF\x93\x9c\
*\x8e\x87\xe4\x143\x95\x9fXCjzf .\xd8\
\xf7\x05\xdc\x9b\xc8<\x12\xee\xd6\xf3\xf9/\xfeG\x05\xf0\
\x06\xb0\x08\xc0\xe9t\xd0\xdf\xd7\x8b\xc7\xe3\x9e\xd2\xd5\xc0\
\xb9\x14&N\xa3\xd1R\xb2p\x119\xf3\xf3\x03\x1d\xeb\
!!\xc4]\xafn\xdf\xfa\xa7\x18T\x11\x15\x09i\x02\
\xc6r\xec\xe8\xbe\xae\x8b*\xd7n\xc7o\x00\xcbt:\
=))ft:\x1d\xc3\xc3\xce\x0b~\xf9v2\x16\
\x14\x95\xb2x\xc92\xd23-\x81\x1dH\x87\x81\xcf\xbc\
\xba}\xeb\x07S\x91\xdf\x94:\xf6\xdd\xf9\x85{\xd7\x01\
\x8f\x01\x97\x07\xce\xb9\xddn\x9c\x0e;\x0e\x87\x1d\xb7k\
\x18\x9f\x08\xfdM\xba\x10j\x00\x05\xff+c33-\
ddeO\x9cP\xab\x076\x01\xaf\xbd\xba}\xab\xaa\
y\xfeh\x98r\xcf\xce;\xbfp\xaf\x02\xdc\x04\xfc\x00\
X3\xf1\xba\xcf\xe7\xc3\xeb\xf5\xe0\xf5z\xf1Mxw\
\xb0\x18\xf3\xffD\xc7\x1e\x11t^\x10\xf4\xd7\x04\x8f\xa0\
\xf1\x95\x8f\x08\x916:9\xa3\xa7\x82k\xb3Q\x03\x0e\
\xba\x84@\xa0\xd5h\xd1\x1b\x8c\x18\x0c\x06\xf4\xfa\x90>\
\x15g\x81\xa7\x80g^\xdd\xbeU]\x88\xf1\x18\x98V\
\xd7\xde;\xee\xba7\x1f\xb8\x11\xb8\x05\xd8\x08H\xaf\x12\
?\x1f\xe2_a}\x1d\xf8\xfbk\xafl\x9d\xb6vr\
\xc6|\xbb\xef\xb8\xeb\xdb&!D\xbe\xa2(y@>\
P\x00\x5c\x08\x8b\x0a6!D\xab\xa2(-\xf8\xdd\xb8\
\xac\xaf\xbd\xf2\xd3H/\x04\x92H$\x12\x89D\x22\x91\
H$\x12\x89D\x22\x91H$\x12\x89D\x22Q\xcd\xff\
\x03D\xe5\xce\xfbY\xf4\xed\xa0\x00\x00\x00\x00IEN\
D\xaeB`\x82\
\x00\x00Z_\
\x89\
PNG\x0d\x0a\x1a\x0a\x00\x00\x00\x0dIHDR\x00\
\x00\x02\x00\x00\x00\x02\x00\x08\x06\x00\x00\x00\xf4x\xd4\xfa\
\x00\x00\x05\xb7iTXtXML:com.\
adobe.xmp\x00\x00\x00\x00\x00<?\
xpacket begin=\x22\xef\
\xbb\xbf\x22 id=\x22W5M0MpCe\
hiHzreSzNTczkc9d\
\x22?>\x0a<x:xmpmeta x\
mlns:x=\x22adobe:ns\
:meta/\x22 x:xmptk=\
\x22XMP Core 5.5.0\x22\
>\x0a <rdf:RDF xmln\
s:rdf=\x22http://ww\
w.w3.org/1999/02\
/22-rdf-syntax-n\
s#\x22>\x0a  <rdf:Desc\
ription rdf:abou\
t=\x22\x22\x0a    xmlns:x\
mp=\x22http://ns.ad\
obe.com/xap/1.0/\
\x22\x0a    xmlns:phot\
oshop=\x22http://ns\
.adobe.com/photo\
shop/1.0/\x22\x0a    x\
mlns:dc=\x22http://\
purl.org/dc/elem\
ents/1.1/\x22\x0a    x\
mlns:exif=\x22http:\
//ns.adobe.com/e\
xif/1.0/\x22\x0a    xm\
lns:tiff=\x22http:/\
/ns.adobe.com/ti\
ff/1.0/\x22\x0a    xml\
ns:xmpMM=\x22http:/\
/ns.adobe.com/xa\
p/1.0/mm/\x22\x0a    x\
mlns:stEvt=\x22http\
://ns.adobe.com/\
xap/1.0/sType/Re\
sourceEvent#\x22\x0a  \
 xmp:CreateDate=\
\x222026-04-26T21:2\
0:16-05:00\x22\x0a   x\
mp:ModifyDate=\x222\
026-04-26T22:37:\
40-05:00\x22\x0a   xmp\
:MetadataDate=\x222\
026-04-26T22:37:\
40-05:00\x22\x0a   pho\
toshop:DateCreat\
ed=\x222026-04-26T2\
1:20:16-05:00\x22\x0a \
  photoshop:Colo\
rMode=\x223\x22\x0a   pho\
toshop:ICCProfil\
e=\x22sRGB IEC61966\
-2.1\x22\x0a   exif:Pi\
xelXDimension=\x225\
12\x22\x0a   exif:Pixe\
lYDimension=\x22512\
\x22\x0a   exif:ColorS\
pace=\x221\x22\x0a   tiff\
:ImageWidth=\x22512\
\x22\x0a   tiff:ImageL\
ength=\x22512\x22\x0a   t\
iff:ResolutionUn\
it=\x222\x22\x0a   tiff:X\
Resolution=\x22300/\
1\x22\x0a   tiff:YReso\
lution=\x22300/1\x22>\x0a\
   <dc:title>\x0a  \
  <rdf:Alt>\x0a    \
 <rdf:li xml:lan\
g=\x22x-default\x22>Lo\
go</rdf:li>\x0a    \
</rdf:Alt>\x0a   </\
dc:title>\x0a   <xm\
pMM:History>\x0a   \
 <rdf:Seq>\x0a     \
<rdf:li\x0a      st\
Evt:action=\x22prod\
uced\x22\x0a      stEv\
t:softwareAgent=\
\x22Affinity Design\
er 2 2.6.3\x22\x0a    \
  stEvt:when=\x2220\
26-04-26T22:37:4\
0-05:00\x22/>\x0a    <\
/rdf:Seq>\x0a   </x\
mpMM:History>\x0a  \
</rdf:Descriptio\
n>\x0a </rdf:RDF>\x0a<\
/x:xmpmeta>\x0a<?xp\
acket end=\x22r\x22?>\x15\
\xf4G\x1c\x00\x00\x01\x81iCCPsRGB \
IEC61966-2.1\x00\x00(\x91\
u\x91\xdf+\x83Q\x18\xc7?\xfb!b\x9a\xe2Bq\
\xb14\xae6\xcdV\xe2F\x994ji\xcd\x94\xe1f\
{\xf7Km\xf3\xf6\xbe\x93\xe4V\xb9U\x94\xb8\xf1\xeb\
\x82\xbf\x80[\xe5Z)\x22%\xd7rI\xdc\xb0^\xcf\
\xbb\xa9I\xf6\x9c\x9e\xf3|\xce\xf7\x9c\xe7\xe9\x9c\xe7\x80\
5\x96W\x0a\xba\xdd\x07\x85bI\x8b\x86\x82\xae\xd9\xf8\
\x9c\xab\xf1\x05;]X\xf1\x13H(\xba:\x1a\x89\x84\
\xa9k\x1fwX\xccx\xe35k\xd5?\xf7\xaf\xb5\xa4\
\xd2\xba\x02\x96&\xe1\x11E\xd5J\xc2\x13\xc2\xe1\x95\x92\
j\xf2\xb6p\x87\x92K\xa4\x84O\x85=\x9a\x5cP\xf8\
\xd6\xd4\x93U~69[\xe5/\x93\xb5Xt\x0c\xac\
m\xc2\xae\xec/N\xfeb%\xa7\x15\x84\xe5\xe5\xb8\x0b\
\xf9e\xe5\xe7>\xe6K\x1c\xe9\xe2\xcc\xb4\xc4\x1e\xf1n\
t\xa2\x84\x08\xe2b\x92q\xc6\x18d\x80a\x99\x07\xf1\
J\x7f\xfaeE\x9d|_%\x7f\x8a%\xc9UdV\
YEc\x91,9JxD]\x96\xeai\x89\x19\xd1\
\xd32\xf2\xac\x9a\xfd\xff\xdbW=\x13\xf0W\xab;\x82\
\xd0\xf0d\x18o\xbd\xd0\xb8\x05\xe5M\xc3\xf8<4\x8c\
\xf2\x11\xd8\x1e\xe1\xa2X\xcb_:\x80\xa1w\xd17k\
\x9a{\x1f\x9c\xebpvY\xd3\x92;p\xbe\x01\x9d\x0f\
jBKT$\x9b\xb85\x93\x81\xd7\x13h\x8dC\xfb\
54\xcfW{\xf6\xb3\xcf\xf1=\xc4\xd6\xe4\xab\xae`\
w\x0f\xfa\xe4\xbcs\xe1\x1b\xa7fh\x03\x15K\xd0[\
\x00\x00\x00\x09pHYs\x00\x00.#\x00\x00.#\
\x01x\xa5?v\x00\x00 \x00IDATx\x9c\xec\
\xddwx\x1c\xd7}.\xfew\xb6\xef\xa2\xf7F\x10D\
#\xd8\x8bX$Y\x85\xea\x92%K\x8e-;\x8e\xaf\
\x1d\xdb\xf9\xd9rr\x93\xd8\xbf$7\x89c\x89\x14%\
\xca7\x8ed\xdf\xc4\xd7\xb6\xbamU;n\x92-\xab\
W\x16I$E\xb1W\x00$\x00\x82\xe8\x1d\xd8\xde\xe7\
\xfe\x01Jl\xbb;\x8b\xc5\xce\xce\xce\xcc\xfb\xf1\x83\xc7\
\x10\xf6`\xe6K,\xb0\xe7\xdd3g\xce\x01\x88\x88\x88\
\x88\x88\x88\x88\x88\x88\x88\x88\x88\x88\x88\x88\x88\x88\x88\x88\
\x88\x88\x88\x88\x88\x88\x88\x88\x88\x88\x88\x88\x88\x88\x88\x88\
\x88\x88\x88\x88\x88\x88\x88\x88\x88\x88\x88\x88\x88\x88\x88\x88\
\x88\x88\x88\x88\x88\x88\x88\x88\x88\x88\x88\x88\x88\x88\x88\x88\
\x88\x88\x88\x88\x88\x88\x88\x88\x88\x88\x88\x88\x88\x88\x88\x88\
\x88\x88\x88\x88\x88\x88\x88\x88\x88\x88\x88\x88\x88\x88\x88\x88\
\x88\x88\x88\x88\x88\x88\x88\x88\x88\x88\x88\x88\x88\x88\x88\x88\
\x88\x88\x88\x88\x88\x88\x88\x88\x88\x88\x88\x88\x88\x88\x88\x88\
\x88\x88\x88\x88\x88\x88\x88\x88\x88\x88\x88\x88\x88\x88\x88\x88\
\x88\x88\x88\x88\x88\x88\x88\x88\x88\x88\x88\x88\x88\x88\x88\x88\
\x88\x88\x88\x88\x88\x88\x88\x88\x88\x88\x88\x88\x88\x88\x88\x88\
\x88\x88\x88\x88\x88\x88\x88\x88\x88\x88\x88\x88\x88\x88\x88\x88\
\x88\x88\x88(6A\xe9\x02H9\x1b\xbf\xf73!\x1a\
\x8d\xcc\x11\x04C\x8b \x08-\x00\xea\x00\xe4I|\xe4\
\x82\xbf7D\xd9B\x04\xe0\x06\xe0J\xf0\xe1\x04p\x12\
@\xdb\xe9\x8f\xfe{\xd7\x7fCT\xa2X\xca.|!\
\xd7\x81\x8d\xdf\xfb\x99\x05\xc0b\x00\x0b\x00\xb4\x9c\xf51\
\x1f@\x8e\x82\xa5\x11Q\xe6\xb9q&\x0c\xb4\x89\xa2\xd8\
.\x08\xc21\x00G\xef]\xff\x8d\x90\xb2\xa5Q&1\
\x00h\xd0\xc6\xef\xfd\xcc\x04`%\x80kN\x7f\x5c\x0e\
\xc0\xa1hQD\x94\xed\xdc\x00\xde\x05\xf0\xce\xe9\x8f\x03\
\xf7\xae\xffFD\xd9\x92HN\x0c\x00\x1a\xb0\xf1{?\
3\x00X\x823\x1d\xfe\x95\x00\x0a\x14-\x8a\x88\xd4n\
\x02\xc0V\x9c\x09\x04Gy\xe9@[\x18\x00Tj\xe3\
\xf7\x1e\x17\x00\x5c\x0c\xe0/\x01|\x1e@\x99\xb2\x15\x11\
\x91\xc6\x0d\x02\xf8m4\x1a}\xd6`0\xec\xbew\xfd\
\x1d\x0c\x03*\xc7\x00\xa02w\xdf\xf7\xf8<\x00_\x06\
\xf0\x15\x00\xcd\xcaVCD:u\x0c\xc0\xd3\x00~\xb9\
i\xc3\x1d=J\x17C\xa9a\x00P\x81\xbb\xef{\xbc\
\x00\xc0\xe70\xdd\xe9_\xa9p9DD\x1f\x11\x01l\
\xc6t\x18x~\xd3\x86;\x5c\x0a\xd7C3\xc0\x00\x90\
\xc5\xd6\xdf\xfbh\x8b\xc1`\xf8\x0e\x80/\x02\xb0)]\
\x0f\x11Q\x02^\x00\xcf\x02\xb8\x7f\xd3\x86;:\x95.\
\x86\xa41\x00d\xa1\xbb\xef{|\x19\x80;\x01\xfc9\
\x14z\x8e\xa2\xd1(\x22\x910\xc2\xe10\x22\xe10\xc2\
\x91\xe9\xff\x8fD\x22\x80x\xee\xa5\xbf\xf4\x5c\x08\x8cs\
\x94\x18_N\xed|\x12\xdf\x95\xfc\xe9g\xdcb\xf6e\
\xa4\xf8\x13\x96<W\x9a.\xe1\xc6<\xcc\x85_\x9c\xf5\
\xd9\xc4\xb8\xff\x91\xdes\x893\xff\xee\x99}\x87\x18\xf3\
\xd3T\xce%\x000\x99\xcd0\x9b\xcd0\x99-0\x9b\
\xcc0\x9b-0\x99\xcd0\x1a\x8d3?xzD\x00\
\xfc7\x80\xefo\xdap\xc7Q\xa5\x8a i\x0c\x00Y\
\xe4\xee\xfb\x1e\xbf\x18\xc0]\x00n\x95\xfb\x5c\x91p\x18\
^\xaf\xe7\xcc\x87\xc7\x0d\x8f\xc7\x85\x80\xcf\x8fH$\x8c\
h4\x0a\xe0\xfc\xd7'\x111\xbex\xd6\x7f\xc6{a\
\x13\xe3}\xe9\x9c/$\xeeGb\x9e%\xe6\xe3\xb1\xdb\
\xcd\xfc\xf1s\xaa\x8a\xfbB}\xde\xbf-\xce?B\xea\
\xf1s>\x8b\xf1\xb3\xb9\xe0+\xb1\x1b\x9ew\x1c\x89N\
R\xaa\xa3\x13c<o1\xea\x8a}\x98\x0b\x7f\x17$\
c\xa3\x18\xf7Y\x8eq\x9c\x04\xb5\x8b\x12\xe1FLx\
\x16\xe9\xc7\xcf-4F\xbb\xd4\xfeN\xa4\xff\x8e\xa6\xbf\
\x90\xec\xdf\x89`0\xc2l6#77\x0fW^}\
\x13r\xf3\xf2c}\xa7\x9cD\x00\xcf\x03\xf8\xdf\x9b6\
\xdc\xb1/\xd3''i\x0c\x00\x0a\xbb\xfb\xbe\xc7\x05L\
_\xd7_\x0f\xe0:9\xce\x11\x89D06:\x0c\x97\
s\x0a.\xe7\x14\xbc^7\x02~?\x80\x18/\x5c2\
\xbc\xb01\x000\x00\x5cx\x1c\x06\x80\xf8\x9f\xa6'\x00\
\x9c\xdd\xee\xe6[?\x8f\xd2\xb2\x8aX\xdf9\xdd6\x85\
Q\x8f\x19z\x05\xd3A`\xbb\xdc'\xa2\xe41\x00(\
\xe8\xee\xfb\x1eo\x01\xf0S\xa4\xb9\xe3\x17E\x11\x13\xe3\
c\x98\x9c\x1c\xc7\xd4\xc48&'\xc7?zD\xfa\x85\
\x8b\x01 vU\x0c\x00\xf1\xce\xc2\x00pA;\xf5\x05\
\x80\x0b\x0e'_ x\x05\xc0\xb78G ;0\x00\
(\xe0\xee\xfb\x1ew`z\xa8\xff_\x00\x98\xd3q\xcc\
`0\x80\xfe\xdeS\x98\x9a\x9c\xc0\xe4\xc4\x18\xa21\xff\
\x80\x19\x00f\xf2\xf89U1\x00\xc4;\x0b\x03\xc0\x05\
\xed\xd4\x1f\x00\xce9t\xfa\xc3@\x00\xc0\xbf\x03x`\
\xd3\x86;\xfc\xe9>8%\x8f\x01 \xc3\xee\xbe\xef\xb1\
\xdb\x00\xfc\x18\xd3\x1b\xef\xcc\xda\xd0`?\xfa\xfbz0\
59\x91\x9e\x17.\x06\x80\xd8U1\x00\xc4;\x0b\x03\
\xc0\x05\xed\xb4\x15\x00\xce9\xb7\xc4\xef\xdd\x0c\x9d\x10\xc5\
\xe8\xb7\xef\xbb\xfbo^M\xd7\x01if\x18\x002d\
\xfd\xbd\x8f4\x18\x0c\x86\x1f!\x0d\x13\xfc&\xc6\xc70\
\xd0\xdf\x83\xf1\xb1Q\x84\xc3\xe13\x0f0\x00\xc4\xa9\x0b\
\x0c\x00\xb1\xda0\x000\x00\xa4\xc8\xeb\xf5\xc099\x8e\
\x8a\xaa\x9at\x1c\xee9\x00\xff\xb8i\xc37\xb9\xa0P\
\x861\x00\xc8l\xc3\xa6\xc7\xcc\x98\x1e\xea_\x0f\xc0>\
\x9bc\x0d\xf6\xf7\xa2\xe7T\x17\xbc^O\xec\x06\x0c\x00\
q\xea\x02\x03@\xac6\x0c\x00\x0c\x00)\x9a\x9c\x18\xc7\
\x1f\x7f\xff\x0c\x0a\x0a\x8b\xb1x\xe9J4\xcd_4\xdb\
Cz\x00\xdc\x03\xe0\xbf\xee\xbb\xfb\x9b\xdc\x80(C\x14\
\xbbQT\x0f6lz\xac\x16\xc0K\x00\xbe\x86\x14\xaf\
\xf5G\xc2a\xf4\xf7\x9eB\xeb\xd1\x83\x18\x1a\xecG(\
\x14Lg\x89D\xa4\x03\xcd-\x8b\xe1\xc8\xc9M\xdb\xf1\
\xfc~\x1fZ\x8f\x1eD\xc0\xefC\xcf\xa9.tt\xb4\
\xc2d2\xa3\xa4\xb4<\xd5CZ\x00\xdc\x00\xe0\x8au\
W\xdf\xfa\xfa\xb6\xcd/\xba\xd3V,\xc5\xc5\x00 \x93\
\x0d\x9b\x1e\xbb\x05\xc0\xeb\x00\xe6\xa7\xf2\xfd\xc1`\x10}\
='q\xf8\xe0^L\x8c\x9f7\xd4OD4\x03r\
\x05\x80\x8f\x04\x02\xfe\xe9 p\xfc\x18\xa2\x91\x08\x0a\x8b\
J`4\x99R9t=\x80\xaf\xac\xbb\xfa\xd6\xfd\xdb\
6\xbf\xc8;\x05d\xc6K\x00ivz\xc8\xff\x7fc\
z\xd8\x7f\xc6B\xc1 \xfaz\xbbq\xaa;\xc6\xef\xfe\
l\x876y\x09`F\x8f\x9fS\x15/\x01\xc4;\x0b\
/\x01\x5c\xd0N?\x97\x00.\xa8\xea\xf4\xff\x09\x82\x80\
e+\xd7b\xd1\xe2\x15\xb0X\xad\xa9\x9cB\x04p\x1f\
\x80M\xbc$ \x1f\x8e\x00\xa4\xd1\x86M\x8f\xcd\x05\xf0\
2\x80/\xa4\xf2\xfd\xfd\xbd\xa7p\xec\xc8\x01L\x8c\x8f\
\xa6\xb70\x22\xd25\xb9G\x00b\x19\x1a\xe8C\xe7\x89\
\xe9K\x03)\x84\x0f\x01\xc0:\x00W\xae\xbb\xfa\xd67\
xI@\x1e\x06\xa5\x0b\xd0\x8a\x0d\x9b\x1e\xfb\x14\x80}\
\x00.\x9d\xe9\xf7NMN`\xdf\xee\x9d\xe88\xde\xca\
k\xfcD\xa4\x19^\xaf\x07;\xdf\xdf\x8cW^\xfc\x1d\
F\x86\x07S9\xc4U\x00\xf6o\xd8\xf4\xd8\xf5\xe9\xad\
\x8c\x00\x8e\x00\xcc\xda\x86M\x8f\x09\xeb\xae\xbe\xf5_\x00\
<\x81\x19\xce\xf2\x0f\x87\xc3\xe8\xeah\xc3\x89\xf6c\x08\
\x06\x03\xf2\x14HD\xba\xa7\xc4\x08\xc0\xd9<\x1e\x17\x8e\
\xb7\x1dA(\x18DyE\xf5L7*\xca\x01\xf0\xe5\
uW\xdf:\xb6m\xf3\x8b\xbbfZ+\xc5\xc7\x000\
\x0b\x1b6=f\x00\xf0C\x00w\xcf\xf4{\x07\xfa{\
\xd1z\xf4\x00&'\xc6\xa5\x1b\x13\x11\xcd\x82\xd2\x01\xe0\
##\xc3\x83\xe8\xeah\x85\xd9l\x99\xe9\x1d\x03\x02\x80\
\x9b\xd7]}\xabi\xdd\xd5\xb7n\xd9\xb6\xf9\xc5\x19\x9f\
\x9b.\xc4K\x00)\xda\xb0\xe9Q3 >\x05\x88\xff\
4=_%\xb9\x8fH$\x8ccG\x0e\xe0D\xfbQ\
\x04\x03|\xd7OD\xfa\xe2v\xbb\xf0\xfe\xb6\xb7\xb0m\
\xf3k\x88D\xc2\x98\xc9\xeb' \xae\x07\xc4G7l\
z4\xa5[\x0c\xe8\x5c\x0c\x00)\xd8\xb0\xe9\xd1\x1c\x00\
\x7f\x02\xf0\xe5\x99|\x9fsj\x0a\xfb\xf6|\x80\xd1\x91\
!y\x0a#\x22R\x89\xce\x13mx\xf9\x85\xdf\xc2\xe5\
\x9c\x9a\xe9\xb7\xde\x01\xe0w\x1b6=j\x93\xa1,]\
a\x00\x98\xa1\x0d\xf7>Z\x0a\x11\xef@\xc4M3\x09\
\xae=\xdd'q`\xdf\x87\xf0\xc5[\xc5\x8f\x88Hg\
\xc6\xc7F\xf0\xd2\x1f\x7f\x83\xf6\xd6\xc33\x1c\x08\xc0\x9f\
A\xc4\xeb\x1b\xee}\xb4P\xa1\xd25\x81\x01`\x06\xd6\
\xdf\xfb\xe8\x5c\x11xO\x04\xd6&\xfb{\x1a\x8eDp\
\xec\xe8A\x9c\xec:\xa1T\xd9DDY+\x10\xf0c\
\xfb\xbboc\xeb\xe6\xd7\x10\x8eDf\x92\x03\xae\x14\x81\
\xad\xeb\xef}\xb4J\xa9\xda\xd5\x8e\x01 I\xa7\x7f\xc9\
\xb6\x00hI\xf6{\x9c\xceI\x1c\xd8\xfb\x01\xc6F\x86\
e\xab\x8b\x88H\x0b\xba:\xda\xf0\xf2\x9f~3\xd3K\
\x02\xcb\x00l^\x7f\xef\xa3\xa52\x95\xa5i\x0c\x00I\
X\x7f\xef\xa3\x05\x00^\xc5\xf42\x95I\x19\x1e\x1a\xc0\
\xa1\xfd\xbb\xe1\xf3y\xe5+\x8c\x88HC\xc6\xc7F\xf0\
\xd2\x0b\xbf\xc6\xc9\xae\xe33\xf9\xb6\x16\x00/\xaf\xbf\xf7\
\xd1\xf4\xdd\xe6\xa0\x13\x0c\x00\x12\xd6\xdf\xfb\xa8\x0d\xc0\x0b\
\x00\x96'\xfb=}\xbd\xdd8\xdevD\xbe\xa2\x88\x88\
4*\x10\xf0c\xcb[\xaf\xa0\xf5\xe8\x81\x99|\xdbZ\
\x00\xbf_\x7f\xef\xa3\x16\x99\xca\xd2$\x06\x80\x04\xd6\xdf\
\xfb\xa8\x11\xc0\xaf0\xbd$eR\xba\xbbN\xe0d\xe7\
\x8c\xd2+\x11\x11\x9dg\xe7\xfb[\xb0\x7f\xcf\xce\x99|\
\xcb\x8d\x00~\xb1\xfe\xdeG\xd9\xaf%\x89?\xa88\xd6\
\xdf\xfb\xa8\x00\xe0a\x00\x9fI\xf6{:\x8e\xb7\xa2\xb7\
\xe7\xa4l5\x11\x11\xe9\xc9\xfe\xbd\x1f\xe0\x83\xed[f\
\xf2-_\x02\xf0\xc3\xd3\xaf\xdf$\x81\x01 \xbe{1\
}\xbfiR\x8e\xb7\x1d\xc5\xe0@\x9f\x8c\xe5\x10\x11\xe9\
\xcf\xb1#\x07\xf0\xfe\xb6\xb7f\xf2-\xff\x88\x14wc\
\xd5\x1b\x06\x80\x18\xd6\xdf\xfb\xc8_\x03\xe2\x86doF\
io=\x8c\xe1\xa1\x01\xc5\xea%\x22\xd2\xb2\xe3mG\
\xf0\xee\x96\xd71\x83\x85\x02\xee_\x7f\xef#3Z\xa8\
M\x8f\x18\x00\xces\xd7\xc6\x87\xd7@\xc4O\x92\xfd=\
\xebho\xc5\xc80W\xf6#\x22\x92S\xc7\xf1c\xd8\
\xfe\xee\xdb3Y,\xe8\xb1\xf5\xf7<\xb2X\xa9z\xd5\
\x80\x01\xe0,\xeb\xefy\xa4P\x10\x84\xdf\x000'\xd3\
\xbe\xab\xa3\x1dC\x83\xfd2WEDD\x00\xd0\xdez\
\x18\xbbw\xbd\x97ls;\x80\xdf\xad\xbf\xe7\x91\x1c\x19\
KR5\x06\x80\xd3\xee\xba\xe7\x11A\x04~&\x02\xf5\
\xc9\x84\xcb\x9eS]\x18\xe8\xefU\xac^\x22\x22=:\
|p\x0f\x0e\x1d\xdc\x93\xec@\xc0B\x11xP\xb1b\
\xb3\x1c\x03\xc0\x19\x7f\x0b\xe0\xf6d\x1a\x0e\x0e\xf4\xa2\xe7\
T\x97\xcc\xe5\x10\x11Q,\xbbw\xbd\x87\x13\xed\xc7\x92\
m\xfe\xd5;7>\xfcWr\xd6\xa3V\x0c\x00\x00\xee\
\xba\xe7\x91\x8b\x00\xfcg2m\xc7FG\xd0\xd5\xd1.\
sEDD\x94\xc8{[\xdf@_owRm\x05\
Ax\xf0.\xce\x07\xb8\x80\xee\x03\xc0]\xf7<\x92\x0f\
\xe0\xb7\x00$W\x90\x0a\x04\xfc\xe8\xeah\x93\xbf(\x22\
\x22\x92\xf4\xee\x967\xe0Mn\x87U;\x80\xdf\xde\xc5\
\xf9\x00\xe7\xd0}\x00\x00\xf0(\x80\xc6d\x1a\x9eh?\
\x86P((s9DD\x94\x0c\xbf\xcf\x8b\xf7\xb7\xbe\
\x99l\xf3E\x00\xfe\xaf\x8c\xe5\xa8\x8e\xae\x03\xc0]\xf7\
<r\x0b\x80\xbfH\xa6m\xc7\xf1V8\xa7&e\xae\
\x88\x88\x88f\xa2\xaf\xb7\x1b\xbbvlK\xb6\xf9\xd7\xef\
\xba\xe7\x91\xabd,GUt\x1b\x00\xee\xba\xe7\x11;\
\x80\x9f$\xd3vtd\x88\x0b\xfd\x10\x11e\xa9\xa3\x87\
\xf7\xe1TwG\xb2\xcd\x1f\xba\xeb\x9eG\xb8i\x10t\
\x1c\x00\x00\xf1\xdf\x00\xb1^\xea&\x92@\xc0\x87\x93\x9d\
'\x14\xac\x93\x88\x88\xa4\xec|\xef\x1dx\xbdn$q\
s\xe0B@\xfc\x07\xc5\x0a\xcd\x22\xba\x0c\x00wm|\
\xb8\x19\x22\xfe-\xd9\x95\xfex\xdd\x9f\x88(\xbby\xbd\
\x9e\xe9\xf9\x00\xc9-\x10\xb0\xf1\xae\x8d\x0f\xcfU\xac\xd8\
,\xa1\xbb\x00p\xd7\xc6\x87\x05\x00?E\x12\xb3\xfeO\
v\x9e\xe0u\x7f\x22\x22\x95\xe8\xeb\xed\xc6\xde\x0f\xb7'\
\xd3\xd4\x01\xe0\xbfd.'\xeb\xe9.\x00`z\xb1\x9f\
\x1b\xa4\x1a\xb9\x5cS\x18\x1c\xe0J\x7fDDjr\xf0\
\xc0\x87\x18\x1f\x1fM\xa6\xe9g\xef\xda\xf8\xf0'\xe5\xae\
'\x9b\xe9*\x00\xdc\xb9\xf1\xe1<\x11\xf8Q2#D\
\xdd'\x93\x9ePBDDYd\xd7\xcem\xc9.\x15\
\xfc\xd3;7>lW\xacP\x85\xe9*\x00\x00\xf8W\
\x005R\x8d\x86\x06\xfb\xe0v93P\x0e\x11\x11\xa5\
\xdb@\x7f\x0f\xda[\x0f'\xd3\xb4\x01\xc0\xb7e.'\
k\xe9&\x00\xdc\xb9\xf1\xe1\x02\x00\xdf\x92j\x17\x0e\x85\
\xd0\xd7\x93\xdc\xf2\x92DD\x94\x9d\x0e\xec\xdb\x95\xec\x04\
\xee\xffu\xe7\xc6\x87\x1dr\xd7\x93\x8dt\x13\x00\x00\xfc\
\x1d\x80\x02\xa9F=\xa7\xba8\xeb\x9f\x88H\xe5<n\
\x17\xf6\xed\xde\x99L\xd32Q\x14\xef\x90\xbb\x9el\xa4\
\x8b\x00p\xe7\xc6\x87r\x00\xf1\x9f\xa4\xae\x069\xa7&\
\xb8\xe0\x0f\x11\x91F\x1c=\xbc\x0f#\xc3\x03\x90z\xed\
\x17\x04\xfc\xcb\x9d\x1b\x1f\xb2*W\xa92t\x11\x00\x00\
|\x13@\x89T\xa3\x9enn\xf1KD\xa4%I\xde\
\x16X#\x8a\xe2W\xe5\xae%\xdbh>\x00\xdc\xb9\xf1\
!\x1b\x80\x7f\x91j7>6\x02\xb7\xdb\x95\x81\x8a\x88\
\x88(S\x06\xfa{\xd0\xd3\xdd)\xd9N\x10\x84\xef\xdc\
\xb9\xf1!S\x06J\xca\x1a\x9a\x0f\x00\x00\xbe\x06\xa0J\
\xaa\xd1\xd0@\xbf\xfc\x95\x10\x11Q\xc6\xb5%\x7fG@\
R\x9b\xc3i\x85\xa6\x03\xc0\x9dw?d\x86\x88\xefH\
\xdd\x08:16\x0a\xa7sJ\xc1J\x89\x88H.\xbd\
\xa7\xba\xd0\xdf{*\x99\x85\x01\xee\xbc\xf3\xee\x874\xdd\
/\x9eM\xeb\xff\xd0\xdb\x01\xcc\x93j4<4(\x7f\
%DD\xa4\x98$\xd7\x05X\x08\xe0f\x99K\xc9\x1a\
\x9a\x0e\x00\x22\xf0U\xa9\xc0799\x8e\xc9\xc9q\xe5\
\x8a$\x22\x22\xd9\x9d\xec:\x8e\xa1\xc1\xfedV\x07\xd4\
\xcdd@\xcd\x06\x80\xef\xde\xfdP\x15\x92X\xf3\x9f\xef\
\xfe\x89\x88\xf4\xa1\xbd\xf5P2\xcdn\xfb\xee\xdd\x0f\x15\
\xc9]K6\xd0l\x00\x00\xf0EH\xfc\xfb\xdc.'\
&\x92\xdb4\x82\x88\x88T\xae\xe3D+&'\xc6\xa4\
\x9aY\x00|>\x03\xe5(N\xc3\x01@\xfc\x8a\xd4@\
\xcf\xd8\xd8\xb0\x82\xf5\x11\x11Q\xa6\x1do?\x82$f\
\x03~E\xb1\x023H\x93\x01\xe0\xbbw?\xb8\x1c\xc0\
r\xa9v\x93\x13\xbc\xf6OD\xa4'\xbd\xa7\x92Z\xf0\
\xed\xb2\xef\xde\xfd`\xa3\xdc\xb5(M\x93\x01\x00\xc0_\
J5\x98\x18\x1fE\xc0\xef\xcfD-DD\x94%\x9c\
S\x93\xe8\xef;\x95LS\xc9~D\xed4\x17\x00\xbe\
{\xf7\x83&\x00_\x92j72\xcc\xc9\x7fDDz\
\x94\xe4-\x81\x7f\xf9\xdd\xbb\x1f\x14\xe4\xaeEI\x9a\x0b\
\x00\x00\xae\x05P\x99\xa8A$\x12\xc6\xd4\xe4D\x86\xca\
!\x22\xa2l\xd2\xd7\xd3\x0dQ\x14\xa5\x9a5\x00\xf8D\
\x06\xcaQ\x8c\xf6\x02\x80\x88\x9b\xa5\xe6w\x8c\x8dp\xf2\
\x1f\x11\x91^\x85\xc3!t\x1coMfe@M/\
\x0a\xa4\xbd\x00\x00\x5c-\xd5`\x98\xc3\xffDD\xba\x96\
\xe4e\x80k\xe4\xaeCI\x9a\x0a\x00\xdf\xdd\xf0`9\
\x80\xa5\x89\xda\xf8\xfd>\xf8\xbc\x9e\x0cUDDD\xd9\
hdx \x99\xbe`\xcdw7<\x98\x97\x89z\x94\
\xa0\xa9\x00\x10\x15\xc5\xab\xa5Ft\xb8\xe9\x0f\x11\x11\x01\
@Oo\xb7\xd4U\x00\xa3\x08\x5c\xa1`\x89\xb2\xd2T\
\x00\x10\x04Ar\xf8\xdf\xedrf\xa2\x14\x22\x22\xcar\
I\xae\x04\xab\xd9\xcb\x00&\xa5\x0bH/Q\xf2\x89r\
9'3Q\x08\x11\x11e\xb9\xfe\xdenL\xbf\xd7O\
H\xb3\x01@3#\x00\xffz\xd7\x8fk\x014'j\
\xe3\xf3y\x11\x0c\x063T\x11\x11\x11e\xb3\xa9\xc9\x89\
dF\x85W\xfc\xdb\x86\x9f\x96d\xa2\x9eL\xd3L\x00\
0\x18\x0cWI\xb5qM\xf1\xfa?\x11\x11\x9d1\xd0\
\xdf#\xd5D\x10E\xf1\xaa\x0c\x94\x92q\x9a\x09\x00\x00\
\xae\x92j\xe0v\xf3\xfa?\x11\x11\x9d\x91\xcc<\x00A\
\x10\xd6e\xa0\x94\x8c\xd3R\x00X\x22\xd5\x80w\x00\x10\
\x11\xd1\xd9z\x92\xdb\x1cH\xb2\x7fQ#M\x04\x80\x7f\
[\xffS\x01\x22Z\x12\xdd\xcb\xe1\xf5x\x10\x0e\x85\x94\
,\x93\x88\x88\xb2\x8c\xdb\xe5\x84kjRjE\xc0\x16\
\x05K\x94\x8d&\x02@4\x1a\xad\x00P\x90\xa8\x8d\xdf\
\xef\xcbP5DD\xa4&SS\x92w\x87U\xff\xdb\
\xfa\x9fjnA M\x04\x00\x83\xc1 \x99\xce\xb8\xf5\
/\x11\x11\xc5\xe2L\xe2\xf6\xf0h4\xba \x03\xa5d\
\x94&\x02\x00 =<\xc3\x11\x00\x22\x22\x8a\xc5\x99\xc4\
\xee\xb0\x82 h\xee2\x80~\x02\x80\xcf\x9b\x89:\x88\
\x88He\xa6\xa6\x92\x0a\x00\xf33PJFib%\
@\x11\x22G\x00\x88\x88(%\xce\xa9\x09\x88\xd2+\x02\
r\x04 K%|bB\xc1 \x22\x91H\xa6j!\
\x22\x22\x15\xf1z=\xc9\xac\x12\xcb\x00\x90m\xbe\xb3\xfe\
'f\x00\xf5\x89\xda\xf0\xdd?\x11\x11%\xe2\x94\xbe\x0c\
0\xff;\xeb\x7f\x22d\xa2\x96LQ}\x00\x00P\x04\
\xc0\x98\xa8\x81\xdf\xc7\x00@DD\xf1MM\x8eK5\
\xb1\x03pd\xa0\x94\x8c\xd1B\x00\x90\xbc73\x12\xe5\
\xf0?\x11\x11\xc5\x17\x0a%\xb5Q\x9c\xa6\xd6\x02P\x7f\
\x00\x10\x91'\xb1\x82\x13\x22a\x06\x00\x22\x22\x8a/\x14\
\x0cI\xad\x068\xdd\xdfh\x88\xfa\x03@\x12\x89,\xca\
\x11\x00\x22\x22J\x80#\x00\xea$}\x09\x80w\x00\x10\
\x11Q\x02\xa1\xe4\xf6\x8aa\x00\xc8&\xa2(\xe6K\xb5\
\x892\x00\x10\x11Q\x02a\x1d\x8e\x00\xa8\x7f! \x01\
9R\x0b8p\x12 \x11\x11%\x12\x0a\x87\x92Y\x0c\
(7\x13\xb5d\x8a\xeaG\x00\xc0K\x00DD4K\
\xc9\xcc\x01Hf\xc4YMt\x11\x00x\x09\x80\x88\x88\
\x12If\x0e\x80 \x08\x1c\x01\xc826\xa9\x06Q1\
\x9a\x89:\x88\x88H\xa5\x22\xe1p2\xcd\xecr\xd7\x91\
IZ\x08\x00DDD4C\x0c\x00DDD:\xc4\
\x00@DD\xa4C\xea\xbf\x0dP\xf2\xae\x0d\x22\x22\xa2\
$\xe8\xac?Q\x7f\x00\xd0\xdb3FDD2\xd1W\
\x7f\xc2K\x00DDD:\xc4\x00@DD\xa4C\x0c\
\x00DDD:\xa4\xfa9\x00\xfa\xbabCDDr\
\xd1[\x7f\xc2\x11\x00\x22\x22\x22\x1db\x00 \x22\x22\xd2\
!\x06\x00\x22\x22\x22\x1db\x00 \x22\x22\xd2!\xd5O\
\x02Lj\xd6\x86\xdefv\x10\x11\xd1\xcc\xe9\xac\xafP\
\x7f\x00\xd0\xdb3FDD2\xd1W\x7f\xc2K\x00D\
DD:\xc4\x00@DD\xa4C\xaa\xbf\x04\xa0\xaf\x01\
\x1b}\x11\x04\x01\x15U\xd5\xa8\xae\xa9EEU5\x0a\
\x0b\x8b`\xb1\xd8`\xb1Za\xb1Xa\xb1Z\x91c\
\xb5\xc1n\xb5\xc1j\xb5\xc2l\xb6\xc0`2\x03\x06\x01\
\x08G D\xc2\x10\x22\x11\x08\x91\x08\x0c\x91\x08\x8c\xd1\
(\x8c\x91\x08\x0c\x91(\xa2\xe1\x10\xe0q#\xeat\x22\
25\x89\xe0\xe4\x04\x82~\x1f\x02\xe1\x08\x82\x910|\
\xe1\x10F|\x1e\xf4\xbb\x9d\xe8q9\xd1\xe5\x9c\x843\
\x14R\xfaG\xa2(\xa3\xd1\x88\xf2\xca*TTV\xa3\
\xac\xac\x02\xc5\xa5e(*.Enn\x1e\xccf\x0b\
,\x16\x0b\xec\x16\x1b\xac\x16\x0b\xac\x16+Lf3\x8c\
&3\x0cF\x03\xc4P\x08B0\x08!\x18\x84!\x14\
\x821\x14\x82)\x1c\x86)\x14\x82)\x14B\xd8\xefC\
\xc0\xeb\x85\xdf\xeb\x86gx\x08n\x8f\x1b\xee`\x00\xee\
`\x00\xce\x80\x1f\xae`\x00S~\x1f&\xfc~\x1c\x1d\
\x1b\x813\x14P\xfa\xc7\xa1:\xb1^+\x858_O\
DHC-\xd9Jo\xfd\x89\xea\x03\x00\xa9\x9f\xdd\xee\
@\xe3\xfc\x16TTV\xa3\xbc\xa2\x0a\xa5e\x15(.\
\x99\xee\x5cL\xa6\x14\x7fE\xcdg>\x15\x01DN\x7f\
\xc4c\x00\x90\x13\x0c\xa2\xd0\xeb\x85\xd9\xe7\x85\xc5\xeb\x85\
\xc5\xe9\x84ct\x14\xc6`\x10\x00\xe0\x0a\xf81\xe2\xf5\
`\xc4\xeb\xc6\x90\xc7\x8d\x13\x93c\xd89\xd8\x8b\x11\xbf\
/\xb5\x1a\xb3\x94\xc9dBcs\x0b\x1a\x9b\x17\xa0\xae\
\xbe\x09\x15\x955((,B~^\x01\x0cFcJ\
\xc7\x14\xcc\x16\xc0\x91\x03\x00\x88\x9e\xfe\x88\x15\xa7\x0c\x00\
\xf2D\x11%\x1e7\xecSS\xb0NN\xc269\x09\
\xeb\xd4\x14\x04q\xfa\xe59*\x8a\xe8wN\xa2cb\
\x14\xedc\xc388\xdc\x8f\xfd\xc3C\x08D\x13=\xc3\
\xfab6\x9bQ;\xaf\x11\xa5e\x15(**Eq\
IY\xccv\xa9tx\x22\x00\x9b\xcd\x8e\xc6\xe6\x05\xe8\
\xeb\xe9\x86_c\xbf\xffz\xc2\x00 \xa3\xdc\xdc\xbc\xe9\
O\xc4\xb3\xff\xd0\xce|\x96o6\x9f\xff%\x88\x89\xfe\
$E\xe9\xc7c|\x1a\xbbA\x0c>\x8f\x0bb\xf4\xdc\
6g\xff\xd7d0\x90\xb6\x84\xdc8\xbf\x05\x8b\x97\xae\
\xc4\xfc\x96\xc5\xa8\xad\xab\x87\xd1\xa8\xfc\xafb\xc4bA\
\xc4b\x81\xbf\xb0\xf0\x9c\xaf[\x5c.8\xc6\xc7\xe0\x18\
\x1bC\xdd\xe8(\x1a\xce\x1b\x09\xe8sN\xe2\xe8\xd8\x10\
\x0e\x0c\x0f`\xc7@\x1f\xc6\x02\xfeL\x96=ks\xeb\
\xea\xd1\xb2h)\xe6\xd57a\xce\xdczTU\xcd\x81\
\xd9bQ\xae A@07\x0f\xc1\xdc<\xa0f\xce\
\xf4\x97\xa2QX]N\xd8\xa6\xa6`\x9b\x9cD\xf9D\
\x1ej\x0a\x8a\xb0n^3\x00 \x14\x89\xe0\xd4\xd48\
:\xc6G\xd0::\x8c\x03C\xfd8<>\x82\xa8\xa8\
\xaf\xf7te\x15\x95hY\xb0\x14s\xe6\xd6\xc3d\x96\
\xef9\xb4\xda\xed\xb8\xfc\xaa\x1b\x11\x0d\x87\xd1\xd3\xd3\x85\
#\x87\xf6bxh@\xb6\xf3\x91<\x94\x7f\xd5\xd5\xb0\
\xbb\xee\xfd\xa1\xb2/\xa43\xd4\xf8\xe6\x1b\x1f\xbf\xdb\x8d\
\xe5\xcf_\xf9\x1d\x9c\xe1\xd4\x86\xc1\x8b\x8aK\xb0t\xc5\
*\xb4,\x5c\x8a\x86\xa6\x05g\xc2\x91\x0a\x04\xf3\xf2\x10\
\xcc\xcb\xc3d\xdd<@\x14au\xbb\xe0\x18\x1dC~\
o\x0f\xacN'j\xf2\x0bQ\x93_\x88\xeb\xeb[ \
\x8a\x22z\x9c\x938<2\x88W:\xdbpxbL\
\xe9\xf2/`4\x99\xb0l\xc5*\xac\x5cu1\x16.\
^\x81\x92\xd2r\xa5K\x92$\x1a\x0c\xf0\x17\x14\xc2_\
P\x08\xcc\xad\x03\x00\x18\xc2a8\xc6F\x91\xd7?\x80\
\x9c\xa1A4\x16\x97\xa1\xb1\xb8\x0c74-\x02\x00\xf8\
BA\x1c\x1a\xea\xc7\x96\x93\xc7\xf1jg;\xdc)\xfe\
\xeef;\xb3\xd9\x8c\xe6\x96\xc5hhlAaqi\
F\xcfm0\x99PW\xdf\x8c\xba\xfaf\x8c\x8d\x0c\xa1\
\xbd\xf5\x10\xda[\x8f@\xd4Y\xf0R+\x06\x00\x92\xd5\
\xca\xd5\x17c\xdd57\xa1\xb1y\x81\xd2\xa5\xa4\x87 \
 \x90\x97\x8f@^>&\xea\xeba\x9f\x98@\xc1\xa9\
n\xe4\xf6\xf7\xc3\x10\x8dB\x10\x04\xcc-(\xc2\xdc\x82\
\x22\xdc\xdc\xb4\x10\xc7\xc7G\xf0zg\x1b^<y\x1c\
\xfe\x88rC\xd4\xb9yyX}\xf1eX\xb6b\x0d\
\xe6/X\x02\xc7\xe9\xe1x5\x8b\x9aLpWT\xc2\
]Q\x09!\x12F\xee\xf0\x08\xf2\x06\xfa\xe1\x18\x1a\x82\
!\x1a\x85\xddl\xc1\xda9\xf3\xb0v\xce<|\xfb\x92\
\xab\xb0o\xa0\x07\x9b\xbb\x8e\xe3\xb5\xcev\xf8\x22a\xa5\
\xcbO\x8b\x96\x85K\xb0\xe2\xa2K`\xb6X\x95.\x05\
%e\x15\xb8\xb4\xac\x02+W]\x8a}{v\xa0\xed\
\xd8a\xa5K\x22\x09\xea\x0f\x00\x0c\x9aY\xc7j\xb5\xe1\
\x8a\xab\xae\xc7eW^\x8b\xd2\xb2\x0a\xa5\xcb\x91\x95\xaf\
\xa8\x08\xbe\xa2\x22\x18\x16.BA\x7f\x1f\x0a\xba\xbba\
q\xbb?~\xbc\xb9\xb8\x0c\xcd\xc5e\xf8\xda\xb25\xd8\
v\xaa\x13\x7f8~\x14\xedS\x13\x19\xab\xaf\xbe\xb1\x19\
\x9f\xfc\xd4\xedX\xb1\xeab\x98Lf\xe9oP)\xd1\
h\x82\xab\xaa\x0a\xae\xaa*\x18\x82A\x14\x9d\xeaFa\
g'\x8c\xa7/\xd7\xd8Lf\x5cZ\xdb\x80Kk\x1b\
\xf0\xad\x8b\xd7\xe1\xd5\xf6\xc3x\xf2\xe0n\x0c\xab\xf4\xfa\
\xb5\xdd\xe1\xc0'.\xbf\x06U5uJ\x97r\x01\x9b\
#\x07\x97^q\x1d\xaak\xe6\xe2\xbd\xado\x22\xa4\xa6\
\xc9\xb3:\xebO\xd4\x1f\x00(k\x94\x96\x95\xe3\x9a\xeb\
o\xc6\xaa\xb5\x97k\xe2\x1d\xe6LD-\x16L\xcc\xab\
\xc7\xc4\xbcz\xe4\x0d\x0e\xa2\xec\xf0!\x98\x02gf\xaa\
\xe7Z\xac\xb8\xb9i!nnZ\x88\x0f\xfa\xba\xf1\x9f\
\xbb\xdf\xc7\xa0\xcf+O1\x82\x80U\xab/\xc6u7\
\xde\x86\x96\x85K\xe59G\x16\x8bZ,\x18kj\xc6\
x}=\x0a{zP\xd4\xd1\x01\x93\xff\xcc\xbc\x8c<\
\xab\x0d\x7f\xbet5n[\xb8\x1cou\xb4\xe2\x89\x03\
\xbb\xd0\xedr*X\xf1\xcc\xd47\xce\xc7\xea\xb5\x97\xc3\
j\xb3+]JBu\x0d\xf3QRZ\x81w\xb7\xbc\
\x8e\xc1\xc1>\xa5\xcb\xa1\x184\x10\x00t\x16\xd9\xb2\x90\
\xdd\xe1\xc0g?\xffe\xac\xb9\xe4\x0a\x18S\x9c%\xae\
%\xae\xcaJxJJP~\xf4\x08\xf2z{/\xb8\
m\xea\xe2\x9a:\xfc\xbc\xac\x12\xbf8\xb0\x0b\xcfw\xb4\
\xa5\xed7\xd8`4\xe2\xaako\xc4\xd5\xd7\xdd\x82\xea\
\x9a\xb9i:\xaaz\x89F\xd3t(\x9b[\x87\x82\xfe\
>\x94\xb4\xb6\x9e\x13\xcal&3>\xd5\xb2\x1475\
/\xc2\xd6\xae\xe3\xf8\xd1\xaem\x18\xf0z\x14\xac81\
\x83\xc1\x80\xcb\xd6]\x87\xb9\xf3\x9a\x94.%i\xb9\xf9\
\x05\xb8\xf1\x96\xdbqp\xff.\xec\xdb\xb3S\xe9r$\
\x88\xd0[\x7f\xa2\x81\x00@J\xba\xe4\xb2u\xb8\xf53\
\x7f\x81\xbc\xfc\x02\xa5K\xc9*Q\xb3\x19\x83\xcbW\xc0\
U]\x8d\x8a\x83\x07\xcfy\x07\x0aL\x8f\x08|{\xcd\
\x15\xb8\xa2\xb6\x1e?\xfc\xf0]\xf4z\xdcq\x8e\x94\x9c\
%\xcbV\xe2\x8b_\xf9&*\xab\xe6\xcc\xea8\x9ad\
0`jN-\x5c\x15\x95(koC\xfe\xc9\x93\xe7\
\x842\x93\xc1\x88k\x1b\x17\xe0\xe2\xdaz<\xbd\xff\x03\
<yhOV\xde=p\xe557\xa1\xa6v\x9e\xd2\
e\xcc\x98\xc1h\xc4\x8aU\x97\xc2\xee\xc8\xc1\xf6w\xdf\
V\xba\x1c:\x0b\x03\x00\xa5\xa4\xa8\xb8\x04_\xfe\xab\xbf\
As\xcbb\xa5K\xc9j\x9e\xb2r\x9c\xbcr\x1d\xaa\
\xf6\xefG\xce\xf0\xd0\x05\x8f\xaf\xac\x9c\x83\xc7o\xba\x1d\
?\xfc`+\xde\xee=9\xe3\xe3\xe7\x17\x14\xe2\x8b_\
\xb9\x03k.\xbe\x02\x82\xa0\xe5%Zf/j6c\
h\xf1\x12L\xd5\xccA\xc5\xe1C\xb0NM\x9d\xf3x\
\xae\xc5\x8a\xbf]{%\xaeo\x5c\x80\xff\xb3\xfdm\xec\
\xce\xa2\xdb\xda.\xb9\xec*Uv\xfegkY\xb8\x0c\
n\xd7\x14\x0e\xee\xdf\xadt)t\x1a\x97\x02\xa6\x19[\
\xb8d\x19\xfe\xf9\xae\xef\xb1\xf3OR\xd4lF\xdf\xea\
\xd5\x98\xac\xaf\x8f\xf9\xb8\xc3l\xc1\xfa\xcb\xae\xc3_.\
\x98\xc1\xf5zA\xc0u7\xdd\x8a\xef=\xf0\x10\xd6^\
r%;\xff\x19\xf0\x17\x16\xa2\xfb\xb2\xcb1\xb2h\x11\
\xc4\x18?\xb7\xe6\x92r<\xf4\xa9/`\xc3e\xd7\xc2\
lP\xfe%r\xd9\xca\xd5h\x9c\xbfH\xe92\xd2\xe2\
\xa2\xd5\x97\xa1\xa1q\xbe\xd2e\xd0i\x1c\x01\xa0\x19\xf9\
\xe4\xa7>\x8b\x1bo\xf9\x0c\x0c\x06^\xeb\x9f\x11A\xc0\
\xf0\xa2\xc5\x08\xe5\xe4\xa0\xf4\xf0\xe1\x0b\xe6\x05\x18\x04\x01\
\xdfXq\x09jr\x0bp\xff\x87\xef#\x9a\xe0Zd\
yE%\xbe\xf1?\xff\x17\x1a\x9aZ\xe4\xadY\xcb\x04\
\x01\x13\xf5\x0d\xf0\x15\x15\xa1z\xcf\x9e\x0b.\xd1\x18\x04\
\x03>\xbdp9\x16\x94U\xe2\xce\xb7_\xc2I\xd7T\
\x9c\x03\xc9\xabi\xfeB,]\xbeF\x91s\xcbA0\
\x18p\xd9\x957\xc0\xe3vah0{FX\xf4J\
\xf9x;Kb\x12\x1f4{\xa2 \xe0\xcb\x7f\xf3\x0f\
\xf8\xe4\xad\x9fc\xe7?\x0b\x13u\xf3\xd0\xbff-\xa2\
q\xdeY~\xb2i!\xfe\xf3\xaa\x1ba\x8d\xf33^\
\xb2l%\xbe\xbb\xf1\x07\xec\xfc\xd3\xc4_X\x84\xee+\
\xae\x80\xb7,\xf6R\xb9-\xa5\x15\xf8\xc5\xa7\xff\x07\xae\
\xafk\xc8pe@uM-\xd6\x5cr%\xa0\xb1\xd1\
\x1d\x93\xd9\x8ck\xae\xbf\x15\xf9Y8oHo\xfd\x89\
\xea\x03\x00\xc9/j0\xa0\x7f\xf5\x1a,X\xbaR\xe9\
R4\xc1S^\x8e\xc1\x8b.\x8a\xfbbrQU-\
\xbew\xf9\xb50\x9c7Np\xfd'o\xc3\xdf\xff\xd3\
\x06N\xb8L\xb3\x88\xc5\x8a\xde5k1\xde\xdc\x1c\xf3\
9)\xb0\xd9\xf1\xef\xd7\xdd\x86\x7f\x5c}YF7\xc2\
Y\xb5\xe6\xb2\x94\xf7^\xc8v6G\x0e\xae\xb8\xfaF\
\xa5\xcb\xd0=\x06\x00J(j0``\xf5\x1ax\xca\
\xb3\x7f\xb9X5qWTbd\xc9\xd2\xb8!\xe0\xe2\
\x9a:|g\xcde\x00\xa6\x97\xee\xfd\xabo~\x1b_\
\xf8\xd27R\xdf\x1c\x89\x12\x13\x04\x8c\xceo\xc1\xd0\x8a\
\x151\x9f\x13\x83`\xc0\x97W\x5c\x8c\x1f\x5cs\x0b\x8c\
\x19xG\xde\xdc\xb2\x08\xf9\x85\xc5\xb2\x9fGI\xe5\x95\
5\xa8olV\xba\x0c]S\xff\xab\x89\xd6\xc6d\xb2\
H\xd4`\xc0\xc0\x9a5\xf0\x94\xc6\x1e\x1e\xa5\xd9\x99\xac\
\xab\x83\xc9\xefC\xf1\x89\x131\x1f\xffd\xd3BL\x8a\
\x22\x0ao\xb9M;K)g9g\xcd\x1c\x00\x02*\
\xf6\xef\x8b\xf9n\xff\xea\x86\x16\xdc\x0f\x11\xdfy\xe7\x15\
Dd\xbaU\xd0`0`\xc9\xd2U\xb2\x1c;\xdb\x5c\
\xb4\xfa\x13\xe8\xea8\xaet\x19\xd3\xb48\xc6/\x81#\
\x00\x14S\xd4`@\xff\x9a\xb5\xec\xfce6\xda\xb2\x00\
\xae\xea\x9a\x98\x8fE\x8dF\x5c\xfe\xb5;\xd8\xf9g\x98\
\xb3\xa6\x06C+V\xc6\xed\x0b\xaenX\x80\xfb\xaf\xb9\
Y\xb6\x91\x80EKV\xc0\xa1\xa2\xcd\xb2f#\xbf\xb0\
\x18K\x96\xf1\xd2\xa2R4\x10\x00\xf46mC~Q\
\xa3\x11\xfdk/\x86\xb74\xb3;\x8b\xe9\xd5\xd0\x92%\
\x08\xdbl\xe7|m:\x80\xad\x81\xaf\xb0H\xa1\xaa\xf4\
\xcdYS\x83\xe1e\xcb\xe2>~u\xc3\x02lZ\x97\
\xfek\xd8f\xb3\x19\x0b\x16-O\xfbq\xb3\xd9\xd2\xe5\
k`2g\xcb>\x15\xfa\xeaO4\x10\x00(\x9d\xa6\
;\xff\xb5\xf0\x96\x94(]\x8anD\xcdf\x0c-]\
\xf6\xf1K\x8b(\x08\x18\x5c\xb5\x0a\xde\x12\x060%M\
\xd5\xce\x85sN\xfc\x95\x15oj^\x8c\xbf\x98\xc9\xda\
\x0dIX\xba|U\xd6\xaf\xf1\x9fn6G\x0eV\xae\
\xbaD\xe92t\x89\x01\x80>\x165\x1a\xd1\xb7\xf6b\
x\x8b\xd9\xf9g\x9a\xa7\xbc\x1c\xae\xdaZ\x88\x00\x86V\
\xac\x84\xbb\x5c\xdb\xbb(\xaa\xc5\xd0\xe2%\x08\xe6\xe6\xc6\
}\xfc\xef/\xb9\x0a\x0b\x8b\xd3\x13\xd4\x0c\x06\x03\x9a4\
\xb2\xe0\xcfL-X\xb4\x1c6\x9d\x05\x9fl\xc0\x00@\
\x1f\xeb_\xbd\x06\xbebm\xcf<\xcef\xc3\x0b\x17a\
h\xe5J8\xab\xab\x95.\x85N\x13M&\x0c\x5c\xb4\
*\xee\xba\x0dv\xb3\x05\xdf\xbb\xe6\x16\xd8\xd2p\xbb\xde\
\xdcy\x0d0[\xac\xb3>\x8e\x1a\x99\xcc\x16\xcc_\xb8\
D\xe92tG\xf5\x01@_Wl\xe4\x15\xc8\xcfW\
\xba\x04]\x8b\x9a\xcdp\xc6\x99\x10H\xca\x09\xe4\xe5a\
\xa29\xfe\xf2\xb5\xf3\x8aJ\xf1\xed\xd5\x97\xcd\xfa<s\
\xeb\x1ag}\x8c\x19\x11E\x84\x82\x01\xb8]S\x18\x1f\
\x1d\xc2\xf8\xe8\x10\x02~_fk8K}\x83\xb2\x8b\
[%\xd3\x97h\xad?Q\xffm\x80DD2\x1b\xaf\
\x9f\x87\x82\x93]\xe7l'|\xb6O/\x5c\x8eg\x0e\
\xedIy;a\x83\xc1\x80\xaa\x0c\xec\xe4\x18\x8dD0\
8\xd0\x83\xce\x13\xad8\xd9\xd5\x81h4:\xfd\xc0\xc7\
=\x9b\x08\xab\xcd\x86\xe2\x92R\x14\x16\x96\xa0\xa8\xb8\x14\
\xf3\x1a\x9aa2[d\xaf\xad\xb8\xa4\x0c\xc5%\xa5\x18\
\x1f\x1b\x95\xfd\x5c4\x8d\x01\x80\x88H\x82h4a\xbc\
\xb9\x19\xe5\x87\x0f\xc7|\xdcn\xb6\xe0oW_\x86\x0d\
\xdb\xdeH\xe9\xf8U5s`\xb2\xc8\xd7\xc9F\xc2!\
\x1c9\xb8\x17m\xad\x87\xe0\xf7M\xbf\xcb\x8f\xf7n6\
\xe0\xf7c\xa0\xaf\x17\x03}\xbd\x00\x80\xbd\xbbw`\xe5\
\xaa\x8b\xd1\xd8\xb4\x10\x069\x17\xa2\x12\x044\xcf_\x8c\
\x0fvl\x95\xef\x1ct\x0e\xd5_\x02 \x22\xca\x84\xc9\
\xda\xb9\x089\x1cq\x1f\xbf\xa1i\x11\x1a\x0b\x0aS:\
viYe\xaaeI\xf2\xfb\xbcx\xeb\xf5?\xe1\xc0\
\xbe\x0f?\xee\xfcg\xc2\xe7\xf3b\xfb{\x9b\xf1\xc7\xe7\
\x9fEWG\x1b\xc4\x8fF\x0ddPQ\xc5K`\x99\
\xa4\xfe\x00\xa0\xb7\x8b6D\xa4\x0c\x83\x01\x13\x8d\xf1\xaf\
\xd3\x9b\x8dF\xfc\xd5\xf2\xb5)\x1d\xba\xb8D\x9e\x05\xb7\
\xc4h\x04\xdb6\xbf\x86\xe14\xec\xbc\xe7r:\xb1\xed\
\x9d\xd7\xf0\xee\x96\xd7!F#i\xa8\xeeB\xc5\xc5e\
\xca.w\xad\xb3\xfeD\xfd\x01@o\xcf\x18Q\xa6\xc8\
\xb4\xd4\xad\x9a\xb9*\xab &X\x01\xf0\x13u\x8d0\
\xa5\xb0B`Q\x91<\xb7\xde\x1e=\xbc\x0fC\x83\xfd\
i=fWG;v\xbe\xbf\x19\x10\xd3?\x12`0\
\x1aQ;\xb7>\xed\xc7M\x9e\xbe\xfa\x13\xce\x01 \xd9\
\x19\x82A\x98\x03~\x18Ba\x18\xc3!\x18Ba\x18\
\xc2!\x18C!\x18\xc2a\x84\xfc>x\xbd^\x04\x05\
\x01A\xb3\x09a\xb3\x05\x11\x8b\x19\xa2\xd9\x02X\xad\x10\
\xacVXr\xf3`u\xe4(\xfdO\xd1\x04C8\x0c\
\xdb\xd4$\xcc^\x1f\x8c\xa1 \x8c\xc1\xd3\x1f\x81 \x8c\
\xc1\x00B\x1e7N\x0d\x0dbxj\x1cn1\x0a\xaf\
\xc9\x04\xbf\xc9\x88\xa0\xd9\x82\xb0\xd5\x82\xa8\xd5\x0a\xc1f\
GYU5\x1a\x9b\x16 7O?\xbb\x13F,\x16\
x\xcb\xcb\x9134\x14\xf3\xf1B\x9b\x037X\x08\x10\
N\x00\x00 \x00IDAT\xcck\xc2+]\xc9\xaf\
oow8`\x93\xe1w;\x1c\x0a\xe2\xe0\xfe\xddi\
?.\x00\xb4\xb7\x1eAEe\x0d\x1a\x9a\x17\xa6\xfd\xd8\
\x95\xd5s\xb2g\x7f\x00\x8dc\x00\xa0\xf4\x12EX\xdc\
n\xd8''a\x9f\x98\x80mb\x1cf\xb7\xfb\xe3\x8d\
U\xa2\xa2\x88\x01\xb7\x13m\x13ch\x1d\x1f\xc5\xfe\xd1\
!t\xba\xa6 B\x8c\x9d\xad\xcf\x9a\x9d<\xb7\xae\x1e\
\x8b\x97\xadD\xd3\xfcE\x98W\xdf\x04\x9b=\xfe\xf5X\
:K4\x8a\x9c\xd1Q\xe4\x8e\x0c\xc36>\x0e\x8b\xd3\
y\xceF7\xe1h\x04\x87\x86\xfa\xb1{\xa0\x07\xfb\x86\
\x06ph|\x04QQ\xfcx\x04 \xfe{\x1e\x11\x82\
 `^}\x13\x96\xaeX\x8d\xf9\x0b\x16\xa3\xbe\xb1\x05\
99\xf1\x17\xce\xd1\x02WuM\xdc\x00\x00\x00\xd77\
.\x9cQ\x00\xc8Oq\xde\x80\x94\xfe\xbeS\x08\x87\xc3\
\xb2\x1c\x1b\x00\xf6\xed\xd9\x81y\xf5\xcdi\x9f\x18\x98\x9f\
/\xcf\xcf\x83.\xc4\x00@\xb3f\x08\x85P\xd8\xdb\x03\
\xc7\xe8(\xac\xe3\xe30\x9e\xf7\xa2\xe3\x09\x06\xb1\xb5\xb7\
\x13\xfbG\x06\xb1ot\x18S\xa1`J#i\xa7\xba\
\xbbp\xaa\xbb\x0b\x22\x9e\x87\xc1`@s\xcbB,Y\
v\x11.\xbd\xfc\x1a88:p\x01\xfb\xe4\x04\xf2{\
{\x91\xdb\xdf\x0fc(t\xc1\xe3\xc7\xc7\x86\xf1\xf6\xc9\
\xe3x\xa5\xb3\x1dc\x01\x7fJ\xe7\x10E\x11\x9d\x1d\xc7\
\xd1y\xfa\x1d\x9b\xc1`\xc0%\x97]\x89O\xdf\xfe%\
Tf\xe0\xb66%\xb8*\xcaQn0\xc0\x10g2\
\xdc\xda9\xf3`5\x18\x11\x88$w\x9d<W\xa6\x8d\
\x7fz{\xbad9\xeeG\xdc.\x17:;Z\xd1\xd4\
\x92\xde\x05|rr\xf4\xb1\x11R6`\x00\xa0\x94\x19\
\x03\x01\x14\x9f\xecB\xc1\xc9\x930\xc4x\xa71\x15\xf0\
\xe3\xd5\xce6\xfc\xbe\xa3\x15\xaep(\xadW\xcf\xa2\xd1\
(\xda\x8e\x1dA\xdb\xd1#x\xfd\xe5\x17p\xdbg\xbf\
\x80K.\xbbZ\xd9\x09DY\xc2>1\x81\x92\xf66\
\xd8GGcni\xdb::\x84_\x1e\xde\x8bwz\
O\xa6\xfd\xdc\xd1h\x14\xdb\xdf\xdd\x82\x9d\xefo\xc5u\
7\xde\x8a\x9bo\xfb<\x8a\xd2\xb4Tn\xb6\x10\x8d&\
\x84rsau:c>n7[\xb0\xb0\xa4\x14\xfb\
\x87\xe3\x8f\x12\x9cM\xae\x0e\xcf\xe3v\xc9r\xdc\xb3u\
\x9cH\x7f\x00`\x98\xcf\x1c\xbeZ\xd2\x8c\x99|>\x14\
wu\x22\xbf\xbb;\xe6\xbb\xa01\x9f\x07/u\xb4\xe1\
\xb9\xcev\x04\xa2\x11\xc8=q\xc6\xedr\xe2WO=\
\x86\xcdo\xbd\x82\xcf|\xfe/\xb1d\xd9E\xb2\x9e/\
[\x19\x03\x01T\x1e:\x08\xc7\xd0P\xcc\x8e\x7f\xc2\xe7\
\xc5Ow\xbf\x87\xd7Ou\xca^K4\x1a\xc5\x1b\xaf\
\xbe\x80-o\xbf\x8aO\xfd\xd9\x9f\xe3\xa6O}\x0eV\
\xabM\xfa\x1bU\x22\x98\x97\x177\x00\x00@sqY\
\xd2\x01\xc0\x9e#O\x87\xe7q\xbbe9\xee\xd9\x06\xfb\
\xfb\x10\x0c\xf8aI\xe3sk\xb1\xd9a6\x9b\x11\x8a\
1jE\xe9\xc5\x00@3R\xd2q\x02\xc5mm\x10\
\xe2\xcc\x10\xff\xe3\xf1#x\xfc\xd8\x01\x84\xa3\x99\x9f-\
;\xd0\xd7\x8b\x87~\xf4}\x5c\xb4\xfa\x12|\xf5\x8eo\
\xc3\x9c5[\x8c\xca/op\x10\xe5\x07\x0f\xc4\x1c\xea\
\x07\x80\x9d\xbd]\xf8\xfe\xce\xad)\x0f\xf5\xa7*\x18\x0c\
\xe2\xf9\xdf<\x8b\xce\x13\xed\xf8\xbb\x7f\xb8\x0b\x16\xab6\
\xd6\xbaO\xb4A\x10\x00\xcc+L~O\x0d\xbbM\x9e\
\xb9,\x1eOj\xab\x12\xce\xd4\xc8\xf0 jj\xe7\xa5\
\xf5\x98\x85\xc5%\x18\x19\x1aL\xeb1\xe9B\xaa\xbf\x0d\
P_7m(\xab\xfc\xd8Q\x94\xb4\xb6\xc6\xec\xfcE\
Q\xc4SG\xf6\xe2\xe1\xa3\xfb\x11V\xf8\xf6\xb1\xbd\xbb\
w\xe2\xd9'\x1eD$\xc9k\xb0jW\xdcq\x02\x95\
{v\xc7\xed\xfc\x9f;v\x00\xff\xbc\xf5\xf5\x8cw\xfe\
g\xdb\xbfg\x17\x1e\xfe\xf1\xf7\x11\x0c\xc6^JWm\
\x82\x12\x13\x1dk\x0b\x92\x0f\x00F\x99.[\xe5\xe6e\
f2\xe6\xc8\xf0\xec\xd7\x188_\x81L\x13#\xa5\xe8\
\xad?Q}\x00\xd0\xe7\x16\x0e\x19&\x8a\xa8<x\x00\
\x85\x9d\xb1\x87\x8e#\xd1(\x1e>\xb0\x0b\xbf:q,\
\xc3\x85\xc5\xf7\xe1\xce\xf7\xf1\x9b_\xfe\x0c\xa2\x0c\xf7*\
g\x93\x82\xde\x9e\xe9P\x16\xe7\xf1\xb7\xbb\xda\xf0\xa3\xbd\
;2ZS<{>\xdc\x89G~r?B\xc1\xa0\
\xd2\xa5\xccZ07\xf1\xb0}\xf5\x0cn\x8d4\xa6a\
'\xc1X\x0af0\x0a1\x1b\x1ew\xfcK!\xa9R\
\xee\xd6R}\xf5%\x1a\x08\x00$'!\x1aE\xf5\xde\
=\xc8\xef\xe9\x89\xf9x(\x12\xc1\x7f\xee\xd9\x8e\x17\xba\
;2\x5c\x99\xb4w\xb7\xbc\x85?\xfc\xfe\x97J\x97!\
\x9b\x9c\xe1a\x94\x1f<\x18\xb7\xf3\xdf\xdd\x7f\x0a\x9bv\
l\xc9\xaa\x97\xac\xdd\x1fl\xc7\x93?\xfb\xb1\xd2e\xcc\
Z\xd0\x91\x93\xf0\xe7Z\x9dW\x18\xf7y9\x9fA\xa6\
\x00\x90\xa9\xdb\xe9\xdc\xae\xf4O6\xcc\xcd\xe5\xce\xa4\x99\
\xa0\xfe\x00\xa0\xaf\xc0\x96qe\xc7\x8e!w0\xfe\xb5\
\xb8g\x8e\xee\xc7[\xfd\xa72X\xd1\xcc\xbc\xf9\xea\x9f\
p\xf4\xf0~\xa5\xcbH;\xdb\xe4\x04\xaa\xf6\xec\x8e;\
\x17\xa3}l\x18wn{\x03\x91,\x5c\xcd\xef\xbd\xad\
o\xa3\xe7\x94\xbc\xb7\xa8\xc9M4\x1a\x11N\xb0/\x80\
\xcdl\xc6\xbc\xfc\xe4\xde\xc5\x1a\x0d\xf2\x5c\x02(,\xca\
\xcc\x08\x80\xcb9\x95\xf6c\xe6H\xcc\xb1\x90\x8d\xce\xfa\
\x13N\x02\xa4\xb8,n\x17\x0a\xbaO\xc6}\xbc\xc79\
\x85\xe7\xba\xda3WP\x8a^}\xe99,Z\xb2B\
\xe92\xd2\xc6\xe2v\xa3f\xd7\xae\xb8\xf7\xa1\xf7\xb9\xa6\
\xf0/[^\x857\x22\xdf\x220\xb3!\x8a\x22\xdex\
\xe5\x0f\xf8\xfa\xdf\xfc\x93\xd2\xa5\xccJ\xc8\xe1\x80\xd9\xeb\
\x8d\xfb\xf8\xbc\x82\x22t%\xd19\x1a\x8d\xf2\xbc\x0f\x9b\
[\xd7\x84\xbd\x8e\x1d\xf0%\xa81\x1d<\x1e7z\xba\
; \xa4\xb0\x04r<\xce\xa9\xc9\xb4\x1d\x8b\xe2c\x00\
\xa0\xb8\xca\x8f\x1d\x8b\xfb\x0e\x13\x00\x9e<\xba7+\xdf\
a\x9e\xefD{+\xda[\x8f`\xfe\x82\xc5J\x97\x92\
\x16e\xad\xc7\xe2N\xf8\x03\x80\x9f\xef\xff@\xd1\x09\x7f\
\xc9xw\xcb\x9b\xb8\xf53_DyE\x95\xd2\xa5\xa4\
L\x94\x18\xba\xb7'y\x17J$\x22\xcf<\x15\x93\xd9\
\x8c\xe5+\xd7b\xe7\xfb[d9\xfe\xd9\xde~\xe3\xc5\
\xe9O\xe2\xbc\x1c\x5c\xb0\xce\xe7\x05\xed\xce[u2\xfb\
_V4A\xfd\x97\x00H\x16\x16\x8f\x1b\xf6\xe1\xe1\xb8\
\x8f\xf7\xb9\xa6\xf0\xfeP\xfag\xff\xcae\xf7\xae\xf7\x94\
.!-\xcc^/\x1c\x09\x96\xa1\x1dp;\xf1\x96\xcc\
+\xc0\xa5C4\x1a\xc5[\xaf\xbf\xa0t\x19\xb3\x22\x15\
\x00\xac\xa6\xe4\x02\x80\x9cwF44.@~\x81~\
\xf6j\xa0\x99a\x00\xa0\x98\xf2\x06\x06\x13Nb\xda5\
\xd8\x9b\xb1Z\xd2\xe1\xc0\xde\x0f5qG@a\xf7\xc9\
\x84\xcf\xcbk'\x8e\xa9\xe6\xcd\xd3[\xaf\xbd\x08\xafG\
\xfe\xc5j\xe4\x12\x95\x1a\x01H:\x00\xc87Zc4\
\x99p\xdd\x8d\x9fF^>'\xd5\xd1\x85\x18\x00(\xa6\
\xdc\xfe\xbe\x84\x8fo\xee\xed\xceP%\xe9\xe1\x9c\x9aD\
_o\xf6NVL\x86\x10\x0e#\xffT\xfc\x7f\x83/\
\x14\xc4\xef\x8f\x1f\xcd`E\xb3\x13\x0e\x871:\x9a\xdc\
jy\xd9Hj\x04\xc0\x96\xe4\xfd\xfd\xc1\x80\xbck#\
\xe4\xe4\xe6\xe3\xfaO\xfe\x19C\x00]@\xf5\x01\x80\xab\
\x00\xa4\x9f\xc9\xef\x875\xc1\xad=\xa3>\x0f\xda\x9d\xea\
\x9b\xa4\xd3y\xa2M\xe9\x12f\xa5\xa0\xbf\xef\x82\x8d\x96\
\xce\xb6\xf5T\x07\x9c!u\xddc?1>\xa6t\x09\
)\x93\x1a\x01\xb0e\xc1%\x80\x8f\xe4\xe4\xe6\xe3\xc6[\
nG}\xe3|\xd9\xcf\xa5fz\xebKT\x1f\x00(\
\xfdL~_\xc2\xc7'|\x89\x1f\xcfVS\x93\x13J\
\x970+\x85]\xf1\xaf\xed\x8b\xa2\x88\xdf\xb6\x1e\xcc`\
5\xe916\x1a\x7f\x9eI\xb6\x13\x0d\xe9\x19\x01\x08\xf8\
33a\xd3\xee\xc8\xc1\xe5W\xdd\x88ko\xbcU\xb6\
\x1d\x08I]4\x10\x00\xf4\x96\xd9\xe4g\xf6'~G\
2\x11Pg\x00p\xa9p\xd4\xe2#V\xa7\x13\x96\x04\
\x9b\xbb\x9c\x9c\x1c\xc7q\x15\xde:\xa5\xe6\x00 5\x02\
\x90\xec$\xc0@\x86\xef\xd8\xa8\x9e3\x0f\xb7~\xf6K\
\xb8\xe2\xaa\x1bPQU\x9d\xd1sg?}\xf5'\xbc\
\x0d\x90.`\x92xA\x1a\x97\x18!\xc8Vj\xbe\xb7\
\xd8\xecK|/\xf7\xb0W\xfe\xad_\xe50\xa2\xa2;\
I\xce'J\xdc\xbfo5&\xf7\xf2:>>\x9a\x8e\
rf\xc4d6\xa3\xbe\xb1\x05\xf5\x8d-pN\x8e\xa3\
\xab\xa3\x1dm\xc7\x0e\xc1\xaf\xd2\xbfmJ\x8d\xfa\x03\x80\
\xb6\x02YV0I\x0cI\xaa5\x00L\xa9:\x00$\
\xfe\x99\x8fx3\xb3\xf3[\xba\x0d\x0e$\x9el\x9a\xcd\
\xa4G\x00\x92{y\x1d\x1b\x19F\xc0\xe7\x85\xd5.\xcf\
\xae\x80R\xf2\x0b\x8b\xb1|\xd5%X\xbab5\xfa\xfb\
N\xe1D\xfbQ\x9c:)\xff\x96\xd1YIg\xfd\x89\
\xfa\x03\x00\xa5\x9dT\x00\x18\x95x7\x9a\xad&'\xd4\
;\xe1L*\x00\x0c\xab\xf4v:\x9fJ\xc3$\x90\xc4\
:\x00I\x8e\x00\x00\xc0\xc8\xc8 \xe6\xccm\x98mI\
\xb3b0\x9a0gn\x03\xe6\xccm\x80\xd7\xedB_\
\xefItu\xb6c@\xe2\x8e R/\x06\x00\xba\x80\
I\xea\xdd\xa6J\x03\xc0\xd4\xe4$\xa2\xd1(\x0c\x06\xf5\
M}\x91zN\x06=\xea\xbc\x04@\xd3\x06\x07\xfa\x14\
\x0f\x00gs\xe4\xe6\xa1y\xc1R4/X\x0a\x9f\xc7\
\x8d\xbe\xben\x9c\xec:\x8e\xbeS\xea\xba\xfd\x97\x12c\
\x00\xa0\x0b\x18%F\x00\x06}\xea\x1cn\x16E\x11^\
\xafG\x953\xa0\x13\xad9\x0f\x00\xbd\xae\xf4o\xc9J\
\x12$\x86\x8bg2\x9a\xdc{\xea$V\xaf\xbd\x1cH\
\xe3z\xfa\xe9b\xcf\xc9E\xd3\xfc\xc5h\x9a\xbf\x18~\
\x9f\x17\xfd\xbd\xdd\xe8\xee:\x8e\x9eS'!\xaa`)\
p\x8a\x8f\x01\x80.\x90\xe8\xdd\xa6(\x8a\x18\x94ys\
\x119y=nU\x06\x00\x93\xc4\xcf\xfc\xa4K\xbd\xf3\
\x1b\xb4\xea\x82\xf5\xef\x13\xf0z\xdcp9'\x91WP\
$cE\xb3g\xb3;\xd0\xd0\xbc\x10\x0d\xcd\x0b\x11\xf0\
\xfb\xd0\xddu\x1cG\x0f\xef\xc7\xe4\xe4\xb8\xd2\xa5Q\x0a\
\x18\x00\xe8\x5c\xd1h\xdc]\xe6\x00 \x14\x8d \xa4\xe2\
%u\xd5\xb8\xf4\xac\x10\x0e\xc3\x90`\xf3\x1fO0\x00\
W\x82\xc7I.i\x1c\x02\x00\xd0\xd5\xd9\x8ee+/\
N\xbd\x9c\x0c\xb3\xda\xec\x98\xbfp\x19\xe6/X\x82\xc1\
\x81>\xb4\x1d;\x88\xae\x8e\xe3J\x97E3\xc0\x00@\
\xba\x12\x0e\xab\xaf\xa34D#\x09\xd7\xff\x0fF\x22\x19\
\xab\x85\xce\x90\x1a\xac\x9f\xc9\x08\x00\x00\x1c=|\x00\xf3\
\x17,\x81\xcd\x9e\x93zQJ\x10\x0c\xa8\xac\xaeEe\
u-V\xafu\xa2\xe3\xc41\x1c=\xbc\x1f~\x95.\
\x18\xa6'\xea\x9b\x0dED\x94\x0d\xa4\x06\x00f8\x02\
\x10\x89D\xd0zT}\xab9\x9e-'/\x1f\xcbV\
^\x8c\xcf\x7f\xf1\xeb\xb8\xfa\xba\x9bQYU\xa3tI\
\x94\x80\xeaG\x00f\x9a\xb2\x89\x88\xd2#\xfd\xaf=\xc7\
\x8e\x1c\xc4\xfc\x05K\xe1\xc8\xc9M\xfb\xb13\xc9h2\
\xa1\xaea>\xea\x1a\xe6c\xa0\xaf\x1b;\xde{G\x05\
\xebp\x88\xba\xebO\xd4?\x02\xa0\xaf\x95\x1b\x89([\
H\xbc\xb6DS\x98!\x1f\x8dFq\xec\xc8\xbe\x14\x0b\
\xcaNU5u\xf8\xf4\xed_\xc6\xaa5\x9f\x80\x90\x85\
w9\x9cCg\xfd\x89\xfa\x03\x00\x11Q\x16J\xf5\xdd\
d\xeb\xd1C\x18\xec\xefIs5\xca2\x9a\xccX\xb6\
\xf2b|\xf6\xf3_AU\xf5\x1c\xa5\xcb\xa1\xd3\x18\x00\
\x88\x88R\x22\xdf\xdb\xc1w\xb7\xbc\x0e\xb7kJ\xb6\xe3\
+%\xbf\xb0\x18\xd7\xdf\xf4ghlnQ\xba\x14\x02\
\x03\x00\x11QJ$\xef\x02\x98\xc5\x229\xc1`\x10\xdb\
6\xbf\x86p(\x98\xf21\xb2\x95\xd1d\xc6\x15W\xdd\
\x84%\xcb.R\xba\x14\xddc\x00 \x22JEz\x97\
\x01\xb8\xc0\xc4\xf8\x18>\xd8\xbeu\xe6\xb7\x13\xa8\x80`\
0`\xcd\xa5\xeb\xb0\xf6\xd2+\x94.E\xd7\x18\x00\x88\
\x88R\x22\x7f\xc7|\xb2\xf38\xde\xdf\xf6&\x22\x1a]\
\xe8i\xf1\xb2\xd5\xb8h\xcd\xa5J\x97\xa1[\x0c\x00D\
D2H\xd7:\xf9';O\xe0\xad\xd7\xff\x04\x9fW\
}\xabX&c\xd9\x8a5\xa8\xa9\xadS\xba\x0c]b\
\x00 \x22J\x85\xcc\x97\x00\xce6:2\x84\xd7^z\
\x0e\x13c#i<jv\x10\x0cF\x5cq\xd5M\xb0\
;\x1cJ\x97\xa2;\xaa\x0f\x00b\x12\xff#\x22J\xbf\
4/\x05(\xc1\xeb\xf1\xe0\xb5\x97~\x8f#\x07\xf7 \
\xa2\xc2%\xad\x13\xb1;rp\xf5u\xb7(]\x86\xee\
\xfa\x13\xd5\x07\x00\x22\xa2l$GW\x11\x8dF\xb1o\
\xcfN\xbc\xf8\x87\xffF\xef\xa9NMM\x10\xac\xa8\xaa\
\xc5\xf2\x15k\x94.CW\xd4\x1f\x00\x92Y\xb9I;\
\x7f#D\x94%\xd2\xbd\x19\xd0L\xb8\xdd.ly\xfb\
U\xbc\xf3\xe6\x8b\x18\x19\xea\xd7L\x10X\xb4d%\x0c\
\x06\x85\xba%\x1d\xf6%\xaa\xdf\x0b\x80\x88H\x11\x99\xbd\
\x02\x10S\x7f_\x0f\xfa\xfbzPXX\x8c\x96\x85K\
QW\xdf\x04\x8b\xd5&\xff\x89eb\xcf\xc9\xc5\xe2\xa5\
+qh\xff\x1e\xa5K\xd1\x05\xf5\x8f\x00\x10\x11)\x22\
{\xde\x0eNN\x8c\xe3\x83\xed[\xf1\xfb\xff~\x02\xbb\
\xb6o\xc6\xd8\xc8\xa0jG\x05\x16-Y\x99\xfd{\x06\
h\x04G\x00\x88\x88R!\xc3f@\xb3\x15\x8dF\xd0\
\xdez\x04\xed\xadGPTR\x8a\x05\x0b\x97a\xee\xbc\
F\x98-\xd6\x8c\xd7\x92\xaa\x9c\xdc|,Z\xb2\x1cG\
\x0e\xedW\xba\x14\xcd\xe3\x08\x00\x11QJ\x12w\xf0J\
\xcf\x18\x1f\x1f\x1b\xc5\xf6\xf7\xde\xc1\xef~\xfd\x04v\xed\
\xd8\x82\xe1\xc1>\x88\xd1\xa8\xa25%k\xc1\xa2\xe5J\
\x97\xa0\x0b\x1c\x01 \x22J\x81\xe4 u\x96\x8c\xc0G\
\xc2a\xb4\x1d=\x8c\xb6\xa3\x87aw\xd8\xd1\xd4\xbc\x10\
s\xe75\xa2\xb8\xa4\x1c\xc8\xd2\xa1\xf6\x82\xc2b\xe4\xe6\
\xe6\xc1\xedv)]\x8a\xa61\x00\x10\x11\xc9@\xe9\x11\
\x80X|^/\x0e\x1d\xd8\x83C\x07\xf6 \xaf\xa0\x10\
M\xcd\x0b0\xb7\xae\x11\xf9\x85\xc5J\x97v.A@\
\xed\xbc\x06\x1c;|@\xe9J4\x8d\x01\x80\x88(\x15\
\x19\x5c\x09P\x0e\xce\xa9I\xec\xdd\xbd\x13{w\xefD\
Ii9\x9a\x9a\x17\xa0vn\x03\x1c\xb9yJ\x97\x06\
\x00\xa8\xaa\x9e\xc3\x00 3\x0d\x04\x80l\xff3#\x22\
mRy\x028\xcb\xd8\xc80\xc6F\x86\xf1\xc1\xf6\xad\
hhj\xc1\xa2%+Q\x5cZ\xaehM\xe5\xe5\xd5\
\x0a\x9cUEOZ\x1ah \x00\x10\x11e\x9fl\xbc\
\x04\x90\x8c\xce\x13m\xe8<\xd1\x86\x9a\xda\xb9X\xbct\
\x15*\xab\xe6(2W\xc0\x91\x9b\x87\xc2\xa2bLN\
\x8cg\xfc\xdcz\xa1\xfa\x00\xa0\xce?1\x22R=\xed\
\x0c\x00\xc4\xd4\xd7s\x0a}=\xa7PZ^\x81%\xcb\
V\xa1vn\x03\x84\x0c\xaf\xd27\xa7\xb6.c\x01@\
\x83\x0b\xfdIR}\x00\xd0\xdd3FDYB\xe26\
@\x95.\xc4s\xbe\x91\xe1!l~\xeb\x15\xe4\x17\x14\
`\xf9\xca\xb5hh\x5c\x90\xb1\x11\x81\x9cL\xcfG\xd0\
\xc6S\x964\xae\x03@D\x94\x82\xec\xbc\x81N>\xce\
\xa9)\xbc\xbb\xf9\x0dly\xfbe\x04|\xde\x8c\x9cS\
\xcd\xcb\x1a\xab\x01\x03\x00\x11Q*$\xf7\x02\xd0\xe6\xdb\
\xc9\xee\xae\x0e\xfc\xe9\xf9_MoB$3\xab\x8aV\
0T#\x06\x00\x22\xa2\x94H\xad\x04\xa8]^\xaf\x07\
o\xbe\xf6\x02\x9cS\x13\xb2\x9e\x87#\x00\xf2b\x00 \
\x22\x92\x81\x96\x03\x00\x00\x84\x82Al~\xf3%\x04\x03\
~\xd9\xcea\xb1Xd;6i\x22\x00\xe8l\x03g\
\x22R\x07\x8d^\x028\xdb\xe4\xc48\x0e\xee\xdb%\xdb\
\xf13\xbf\x89\x91\xbe\xfa\x13\xf5\xdf\x05@D\xa4\x04\x89\
\x0e>*\xd1Y\x94\x96U\xc0nw\xc4:p\xe2\xd3\
&\xf8b\xef\xa9.D3\xbc\xe1O\xdb\xb1CX~\
\xd1\xc5\xb2t\xd6\x16\xce\x01\x90\x15\x03\x00\x11Q\x0a\xa4\
\xee\x02\x90\x1a\x00X\xbct%jj\xeb\xd3V\x0f\x00\
\xfc\xf1wO\xc3\xedr\xa6\xf5\x98R\xc2\xe10Nv\
\x1dGs\xcb\x92\xb4\x1f\xdbh4\xa6\xfd\x98t\x86\xea\
/\x01\xe8k\xc0\x86\x88\xb2\x86\xe4\x8bK\xe2\x06\xa1P\
0m\xa5|\xc4\xe1\xc8I\xfb1\x93\xd1\xd3\xdd)\xcb\
q#\x91\x88,\xc7\x8dGo\xfd\x89\xea\x03\x00\x11\x91\
2\xa4\x16\x02J\xfc\xdd\xa1`(\x8d\xb5L\x8b}I\
A~N\xe7\xa4,\xc7\x8df8\x00\xe8\x8d\xfa/\x01\
h-\x92\x11\x91&H\xed\x05 \xc7\x08\x80\xcdnO\
\xfb1\x93159\x01\x88Q@H\xef{\xcaH$\
\x9c\xd6\xe3I\xd2Y\x7f\xc2\x11\x00\x22\x22\x19H\xf5%\
\xc1` \xed\xe7\xb4+t\x09@\x14E\x04\x02\xe9\xff\
\xf7d\xfa\x12\x80\xde0\x00\x10\x11\xa5Bj\x8c_\xe2\
\xe1\x80\x0c\xf7\xcf\x97\x96V\xa4\xfd\x98\xc92\x9b\xcdi\
?f\xc6G\x00t\x86\x01\x80\x88H\x06R\x97\x00\x5c\
\xce\xa9\xb4\x9f\xb3\xa4\xac\x02\x82\x02[\xf7Z\xad6\x18\
\x8c\xe9\xbf\xa2\xec\xf7\xcb\xb7\xc8\x101\x00\x10\x11\xa5d\
\xb6\xb7\x01NM\xa6\x7f\x9b[\xb3\xc5\x8a\x8a\xca\xea\xb4\
\x1fWJNn\xae,\xc7\xf5z\xdc\xb2\x1c\x97\xa6i\
 \x00\xe8\xed\xc6\x0d\x22\xca\x0a\x92W\x00\x127\x08\x04\
\x02\x08\xc9p\xdd\xbc\xa6\xb6.\xed\xc7\x94\x92\x9f_(\
\xcbq=\x1e\x97,\xc7\x8dO_\xfd\x89\x06\x02\x00\x11\
\x91\x12f\xbf\x19\x90\x1c\x1d\x5c}C\x0b\x0c\x86\xcc.\
\xa03gnz\x174\xfa\x88\xc7\x9d\xe9\x00\xa0/\x0c\
\x00DDrHb/\x009:8\x9b#\x07\x0b\x97\
,K\xfbq\x13\xa9\x99#\xcf\xa8\x83\x1c\xf3$\xe8\x0c\
\x06\x00\x22\x22\x19$3\x02066,\xcb\xb9\x17,\
\x5c\x0e\x83!3/\xef\xd5sjaw\xc80\x07@\
\x8cbdd(\xfd\xc7\xa5\x8f1\x00\x10\x11\xa5B\xe2\
\x1d\xbe\x98\xc4\x08\xc0\xd0@\x7f\xba\xaa9\x87='\x17\
+W]\x22\xcb\xb1\xcfw\xd1\xeaO\xc8r\x5c\x97s\
\x0aA\x19\xe6H\xd0\x19\xaa\x0f\x00\xa2(\xfdAD\x94\
n\x92w\x01$q\x8c\xd1\x91!\x84C\xe9_\x12\x18\
\x00\x16-Y\x81\xda:y\xae\xcd\x7fd\xe1\x92\xe5(\
)\xab\x94\xe5\xd8\xe3c#\xb2\x1c7\x11\xbd\xf5'\xaa\
\x0f\x00DD\x8aH\xc3\x08\x80(\x8a\x98\x18\x1fMW\
E\xe7\x12\x0c\xf8\xc4e\xd7 7/O\x96\xc3\x17\x97\
\x96a\xc5E\xf2\x8d2\x8cr\xf8_v\x0c\x00DD\
2H\xf6\xcd\xe2\xf0P\x9fl5Xlv\xdcx\xf3\
\xed(-+O\xebq\x0b\x8b\x8ap\xfd\x8d\x9f\x86\xc5\
jK\xebq\xcf60\xd0+\xdb\xb1i\x1a\x03\x00\x11\
\x91\x0c\x92\x19\x01\x00\x80\xce\x13m\xb2\x8e-;rr\
q\xfd'\xff\x0c\xf5\x8d\xcdi9\xde\xfc\x05\x8bq\xc3\
\xcd\x9f\x85M\xc6}\x07<.'\x86\x07\x07d;>\
MS\xffn\x80DDJ\x98\xddV\x00\x1fs9\x9d\
\x18\x1f\x1bAqiz\xdf\xa5\x9f\xcdd\xb6\xe0\xf2u\
7\xa0\xa1i\x01\x0e\xec\xdd\x89\xd1\x91\x99\xdf}P;\
w\x1eV\xae\xbe\x14E\xc5e2Tx\xae\xde\x9e.\
\xd9\xcfA\x9a\x08\x00\xc9\xfc\x99il\xe6\x06\x11e\x01\
\xa9\xd7\x95\xe4_wz\xba;e\x0d\x00\x00\x00A@\
\xf5\x9c:T\xd7\xd4\xa2\xbf\xef\x14F\x86\x0716:\
\x8c\x91\xe1A\x04\xfc\xb1g\xdb[\xacV\x94WTa\
\xf1\xd2\x8bPQ5G\xde\xfa\xce\xd2\xd9\xd1\x96\xb1s\
\x9dK_}\x85\x06\x02\x00\x11Q\xe6\xcdv/\x80\xb3\
u\x9ch\xc5\x92\xe5\xaba4e\xe0%Y0\xa0z\
\xce<T\xcf\x997\xfd\xdf\xa2\x08\x9f\xd7\x83\xa9\xa9\x09\
LM\x8e\xc1d\xb2 \xbf\xa0\x10y\xf9\x05\xb0\xd9\x1c\
@\x867\x17\xf2\xb8\x9d\x18\xe8\xe3\xf5\xffL`\x00 \
\x22\x92\x81\xd4^\x00g\xf3\xfb|\xe88~\x0c\xf3\x17\
.\x95\xb1\xa28\x04\x01\xf6\x9c\x5c\xd8srQY]\
\x9b\xf9\xf3\x9f\xe7\xe8\xe1}J\x97\xa0\x1b\x9c\x04HD\
\x94\x0a\xc9\xdb\x00gv\xb8\x83\xfb?D(\xa8\xef\x85\
o<n'\x0e\x1fd\x00\xc8\x14\xf5\x07\x00}m\xde\
DD*1\x93\x11\x00`zw\xc0\xf6\xd6C2U\
\xa3\x0e\x87\x0f\xee\x86(F\x95+@g\xfd\x89\xfa\x03\
\x00\x11\x91F\x1c:\xb0\x0f~\x9fW\xe92\x14\xe1v\
N\xe2\xe8\xe1\x03J\x97\xa1+\xaa\x0f\x00:\x0blD\
\x94-\xd2\xb0\x12\xe0\xf9\x22\x910\x8e\x1d\xd1\xe7\x10\xf8\
\xa1\x03\x1f\xa6\xf43K'\xbd\xf5'\xaa\x0f\x00DD\
\xd9(\xd5\xce\xe2\xd8\x91\x83\xf0\xb8\x9ci\xad%\xdb9\
'\xc7\xd1zT\xdf\x97?\x94\xc0\x00@D\x94\x02A\
\xa2\x87\x8f\xa6\xf8nV\x14E\x1c\xd8\xf7\x81\xf6v\x9e\
I\xe0\xc0\xbe\x0f\x94.A\x974\x10\x00\xf46hC\
D\xd9A\xbe\xd7\x96\xae\xce\xe3h=vP\xb6\xe3g\
\x93\x8e\xf6\xa38\xd1~L\xe92\x90\x5c_\xa2\xad\xfe\
D\x03\x01\x80\x88(\xfb\xcc\xf6z\xf6\x9e]\xef\xa3\xaf\
\xe7dz\x8a\xc9R\xc3\x83}xw\xcb\x1bJ\x97\xa1\
[\x0c\x00DD2H\xc7{\xc5w7\xbf\x81I\xb9\
\xb6\x0bV\x98\xc7\xe5\xc4\xdbo\xbc\xa8\xf8\xc4?=c\
\x00 \x22J\x85\x0cw\x01\x9c/\x12\x09c\xf3[/\
\xc3\xe7u\xcf\xfaX\xd9$\x14\x0c\xe2\x9d7_\x84\xdf\
\xe7S\xba\x14]c\x00 \x22\x92A\xba\xde\xd7z=\
\x1el{\xe7uDB\xa14\x1dQYb4\x8a\xf7\
\xb7\xbd\x99\xd2\x8e\x84\x94^\xea\x0f\x00\xfa\x9a\xb3AD\
YBz3\xa0\xf4\xbd\xf8\x8c\x8e\x0ca\xf3\xdb/\xc3\
\xebQ\xf7H@4\x1c\xc6\xae\x9d[\xd0\xd5\xd1\xaet\
)\x17\xd2\xdf\x1c@\x0d\x04\x00\x22\x22%d\xf8\xda\xf5\
\xd0@?^y\xe17\xe8\xef\xed\xce\xe8y\xd3\xc5\xed\
\x9c\xc4+/\xfd\x8e\xab\xfde\x11\xd5\x07\x00\x1d\x866\
\x22R\x81\x99\xee\x05\x90\x8c@\xc0\x8fw\xde|\x09\xfb\
\xf7\xec@4\x12I\xfb\xf1\xe5r\xea\xe4q\xfc\xf1\xf9\
_bdxP\xe9R\x12\xd2[_\xa2\x81\xed\x80\xb5\
\xf6\x94\x10\x91\x16\xc89@p\xf8\xe0^\x0c\x0f\xf5\xe3\
\xb2+\xaeGN^\xbe|'\x9a\xa5H8\x8c\xbd\x1f\
\xbe\x8f\xc3\x87\xf6*]J\x92\xf4\xd5\x9fh \x00\x10\
\x11)@\xa2\xaf\x90c\x04\xe0l\xc3C\x83x\xe9O\
\xbf\xc1\xe2%+\xd1\xd8\xbc\x10vG\x8e\xac\xe7\x9b\x09\
1\x1a\xc5@\xdf)\xec\xdb\xb3\x03#\xc3CJ\x97C\
q0\x00\x10\x11\xa5D\xea6@\xf9+\x08\x05\x83\xd8\
\xbf\xf7\x03\x1c\xd8\xbb\x0bM\xf3\x17b\xfe\x82%(*\
)\x93\xff\xc4q\x04\x03~tu\xb4\xe1\xc8\xa1}p\
NM*V\x07%\x87\x01\x80\x88H\x06r\x8f\x00\x9c\
s.Q\xc4\xf1\xb6\xa38\xdev\x04\x95U5X\xb8\
x\x05\xaaj\xe6\xc2`4f\xe4\xfcS\x93\xe38\xde\
v\x18\xadG\x0e\x22\x1c\x0eg\xe4\x9c4{\x0c\x00D\
D)\x90\xbc\x0d0#U\x5chp\xa0\x0f\x83\x03}\
0\x98L\xa8\xaa\xaaAye5JK+P\x5c\x5c\
\x06\xb3\xd5:\xeb\xe3\x8b\xd1(\x9c\xceI\x8c\x8f\x0dc\
tx\x10\x83\x03}\x18\x1b\x1b9\xfd\xe0\xac\x0fO\x19\
\xc4\x00 \xa3\xa8\x18E4\x1a\x8d\xfb\xb8A\x90z\x09\
\xc9<\x01\x89w1\x8b\xaa\xfc\x0f\x5c\x14\xc5\x84\xcf\x89\
 \x00\x82\xe4K{\x86\x89R\xcf\x89\xba\x9f\x94D\xcf\
\x07\x90\x9d\x7f'\xc0tG\x18\x15\xe3\xd7\xae\xf4\x12\xb7\
\x91p\x18\xbd=\xdd\xe8\xed\xe9\xfe\xb8c.)-C\
eU\x0dr\xf3\xf2a\xb1Xa\xb1Za\xb1\xd8`\
\xb1X`\xb1\xda`6\x9b\x11\x89D\x10\x0c\x06\x10\x0a\
\x06\x11\x0c\x06\xa6?\x02\x01\xf8|\x1e\x8c\x0c\x0d`\xa0\
\xbf\x17!\x8d,J\xa4w\x0c\x002\xba\xeb\x9f\xff\xe7\
\xf4'\xe2\xd9\xc18\xc6\x8b\x82x\xf6\xa7\x09^4D\
\xa9\xc7\x13\x9e\xe5\xfcBb\xb4K\xe2q\x95\xfb\xcf\xff\
\xd8\xf8\xf1\xe7\xe7\xfck\xe2\xbcX\x7f\xfc\xf3\x8e\xfbO\
\x17\xcf}8f;Q\xf2\xf1s>\xbb\xa0\xcd\x85\xdf\
$\xc6n\xa8:C\x03\xfd\xf8\xda_|r\xfa?\x92\
\xfc;\x11\xe3=~V\xbbY\xfd\x9d\xa4\xe3\xefH\xa2\
D\xa5\x8c\x8d\x0ecltz\x05\xbes\x7f\xff/\xf8\
\xe4\xc2\x87\x80\x8c\xaf}@\xf2R\xfd:\x00DDD\
4s\xea\x1f\x01` %\x22\xa2t\xd0Y\x7f\xc2\x11\
\x00\x22\x22\x22\x1dR\xfd\x08@&o\xb5!\x22\x22\xed\
\xd2[\x7f\xc2\x11\x00\x22\x22\x22\x1db\x00 \x22\x22\xd2\
!\x06\x00\x22\x22\x22\x1db\x00 \x22\x22\xd2!\x06\x00\
\x22\x22\x22\x1db\x00 \x22\x22\xd2!\x06\x00\x22\x22\x22\
\x1dR\xfd:\x00I\xdd\xb6\xa9\xaf[;\x89\x88(\x15\
:\xeb+8\x02@DD\xa4C\xaa\x1f\x01\xd0\xdb\xca\
MDD\x94~\x22\xf4\xd7\x9fp\x04\x80\x88\x88H\x87\
\x18\x00\x88\x88\x88t\x88\x01\x80\x88\x88H\x87\x18\x00\x88\
\x88\x88t\x88\x01\x80\x88\x88H\x87\x18\x00\x88\x88\x88t\
\x88\x01\x80\x88\x88H\x87T\xbf\x0e\x80\xcen\xdb$\x22\
\x22\xb9\xe8\xac?Q\x7f\x00\xd0\xdb3FDD2\xd1\
W\x7f\xc2K\x00DDD:\xa4\xfa\x11\x00}\xe55\
\x22\x22\x92\x8b\xde\xfa\x13\x8e\x00\x10\x11\x11\xe9\x10\x03\x00\
\x11\x11\x91\x0e1\x00\x10\x11\x11\xe9\x10\x03\x00\x11\x11\x91\
\x0e1\x00\x10\x11\x11\xe9\x90\xea\xef\x02\xd0\xdd\xb4M\x22\
\x22\x92\x87\xce\xfa\x13\x8e\x00\x10\x11\x11\xe9\x90\xfaG\x00\
\xf4\x16\xd9\x88\x88H\x06\x22\xf4\xd6\x9fp\x04\x80\x88\x88\
H\x87T?\x02\xa0\xaf\xbcFDDr\xd1[\x7f\xc2\
\x11\x00\x22\x22\x22\x1db\x00 \x22\x22\xd2!\x06\x00\x22\
\x22\x22\x1db\x00 \x22\x22\xd2!\x06\x00\x22\x22\x22\x1d\
R\xfd]\x00\xc9\xcd\xdb\xd4\xdb\xdcN\x22\x22\x9a9}\
\xf5\x15\x1c\x01 \x22\x22\xd2!\xf5\x8f\x00\xe8+\xb0\x11\
\x11\x91\x5ct\xd6\x9fp\x04\x80\x88\x88H\x87\x18\x00\x88\
\x88\x88tH\xf5\x97\x00t6bCDD2\xd1[\
\x7f\xc2\x11\x00\x22\xa2\x14\x18\x8dF\xa5K \x9a\x15\x06\
\x00\x22\xa2$\xcd\x99;\x17_\xfa\xea_\xe3\x17\xff\xfd\
2\xbe\xf0\xe5\xaf+]\x0e\xd1\xac\xa8\xfe\x12\x00\x11\x91\
\x5c\xac6\x1b\x16,\x5c\x82/~\xe5\xafQ7\xafQ\
\xe9r\x88\xd2\x8a\x01\x80\x88\xe8,6\xbb\x1d_\xf8\xf2\
7p\xdd\x8d\xb7q\x98\x9f4M\x03\x01@o\xd36\
\x88(\xdd\xd6^z9\xbe\xf2\xff}\x0b\x85E\xc50\
\x18xeT\xbf\xf4\xd5\x9f\xa8?\x00\xe8\xeb\xf9\x22\xa2\
4()-\xc3_\x7f\xeb;hhj\x81\xdd\xeeP\
\xba\x1c\xca\x06\x22t\xd7\x9f\xa8?\x00\x10\x11I0\x9b\
\xcd\xf8\xdc_|\x15k/]\x87\xb2\xf2J\x08\x82\xa0\
tID\x8ac\x00 \x22\xcd1\x18\x0c\xb8\xf4\xf2\xab\
p\xd5u7\xa3e\xc1R^\xcb'\x8a\x81\x01\x80\x88\
4a\xe1\xe2\xa5\xb8\xf2\xea\x1b\xb1j\xed\xe5p8r\
\x94.\x87(\xeb\xa9>\x00p3`\x22}\xaa\xac\xae\
\xc1\xa5\x97]\x85\xab\xaf\xff\x14\x8a\x8bK\x95.\x874\
@o}\x85\xea\x03\x00\x11\xe9C^^>Z\x16-\
\xc1\xe7\xbe\xf8W\xa8\x99S\xa7t9D\xaa\xc7\x00@\
DY\xc9f\xb3c^c\x13\xbe\xf8\xe5o\xa2\xa1\xa9\
E\xe9r\x884\x87\x01\x80\x88\xb2FYE\x05\xfe\xee\
\xff\xbf\x13\x8d\xcd\x0b\x94.\x85H\xf3\x18\x00\x88H1\
\xa5e\xe5\xf8\xfa\xdf\xfc#\x9a\x9a\x17\xc1j\xb3)]\
\x0e\x91\xaeh \x00\xe8m\xda\x06\x91z\xcd_\xb8\x18\
\x9f\xf9\xdc\x970\xaf\xbe\x199\xb9yJ\x973+}\
}\xa7\x94.\x81\xd2N_\xfd\x89\xfa\x03\x80\xbe\x9e/\
\x22\x15\x11\xb0j\xed%\xb8\xf6\x86[Q\xdf\xd8\xa2\xfa\
[\xf3DQ\xc4\x91\x83{\xf1\x87\xdf?\x83\xa3\x87\x0e\
(]\x0e\xc9Ag\xfd\x89\xfa\x03\x00\x11e\x05\x93\xc9\
\x84u\xd7\xdc\x80\x8b\xd6|\x02\xcd\xf3\x17kbH_\
\x14E\xb4\xb5\x1e\xc2\x8b\x7f\xf85\xf6~\xb8\xf3\xa3\xaf\
*Z\x13Q\xba0\x00\x10QJ\xaakj\xb1j\xed\
'\xb0\xfa\x92+QW\xd7\xa0t9i\xd5\xd9\xd1\x86\
\x17~\xff,v\xed|_\xe9R\x88d\xc3\x00@D\
\x92\xac6\x1b\x9a\x9a\x17\xe0\xa25\x97\xe2\xd2\xcb\xafQ\
\xfdp\xfe\xf9\xc4h\x14\xfd\xfd=x\xfewOc\xc7\
\xb6\xcdJ\x97C\x94\x11\x0c\x00Dt\x0e\x83\xc1\x80\xb2\
\x8a\x0a,^\xb2\x127\xde\xf2\x19\x94WT+]\x92\
l\xc6F\x87\xf1\xab\xa7\x1f\xc5\x8e\xf7\xb6(]\x0aQ\
\xc6\xa9>\x00\xf0j\x1c\xd1\xec\xd8\x1d\x0e4\xcf_\x88\
\xdbn\xff\x1fhl\xd2\xf6\xfd\xf7\xa2(\xc2\xe3q\xe1\
\xc9G\xff/v\xbc\xbf\x85\xaf\x1f\xf41\x1d\xee\x06\xac\
\xfe\x00@D3s\xf9\xbakq\xd3-\xb7\xa3\xbc\xb2\
\x1aF\xa3Q\x17[\xe3\x06\x83\x01\xfc\xec\xa1\x1fb\xe7\
\xf6m\x88\x84\xc3J\x97C\x94\x15\x18\x00\x884j\xfe\
\x82E\xb8\xf6\x86\xdb\xd0\xdc\xb2\x08\x8e\x9c\x1cX,V\
\xa5K\xca(\x9f\xd7\x83\xa7~\xf6c\xec\xda\xf9>\x02\
\x01\xbf\xd2\xe5\x10e\x1d\x0d\x04\x00\xbd\x0d\xda\x10\x9d!\
\x18\x04,_\xb9\x06k.\xbe\x1cs\xe75\xa2\xa8\xb8\
\x14v\xbbC\xe9\xb2\x14\xe3\xf6\xb8\xf1\xc7\xdf=\x8dw\
\xb7\xbc\x09\xb7\xcb\xa5t9\xa4:\xfa\xeaO4\x10\x00\
\x88\xb4o\xee\xbc\x06,Y~\x11\x1a\x9b\x16\xa0\xb2\xaa\
\x06\xa5e\x150\x1a\xf9\xe7\x0b\x00\x1e\xb7\x0b/\xfd\xe9\
7x\xf3\xd5\x17\xe1\xf7y\x01\x11\x10u\xf6BN\x94\
\x0a\xf5\xbf\x82$\xf3w\xce\xd7\x02\xcarv\x87\x03\xf5\
\x0d\xcd\xa8kh\xc6\xdc\xbaz\xd4\xd4\xccCEU\x15\
\x0c\x06\xa3\xd2\xa5e%\xa7s\x02[\xdfy\x0d/>\
\xffkx\xbd^\xa5\xcb!\xad\xd0Y_\xa1\xfe\x00@\
\x94\xe5\x04\x08(-/GYE\x15\xca\xcb*P[\
\xd7\x80\xba\xfa&T\xd7\xcc\x85\xd9lV\xba<\xd5\xf0\
\xb8]\xd8\xf1\xde;\xf8\xf5\xb3?\x87\xdf\xefS\xba\x1c\
\x22\xd5c\x00 \x9a\x85\x9c\xdc\x5c\x14\x14\x14\x22\xaf\xa0\
\x10\xc5%\xe5hhhFm]\x03\xaa\xe7\xcc\x85\xd5\
\xaa\xfe\xa5p\x95\xe6v;\xf1\xc1\x8emx\xfa\xe7?\
E4\x1c\x05\xa0\xbb7iD\xb2a\x00\x90QIi\
9\xc2\xe1\x10\x82\x81\x00\x82\xc1\x10\xc2\xe1\x90\xd2%Q\
B\x02\xacV\x0b,V\x1b\xacV+,\x16+\xca*\
*Q\xdf\xd0\x84\xb9\xf3\x9aP[[\x8f\xbc\x82\x02\xa5\
\x8b\xd4<\x9f\xcf\x8b\xf7\xb6\xbe\x81_=\xf5\x18\xc2\xbc\
e\x8fH6\x0c\x002\xfa\xc7\x7f\xdd\x08\x9b\xc4\x8c\xec\
`0\x80\xf1\xd1a\x8c\x8c\x0cahp\x00\x83\xfd\xbd\
\xe8\xed\xe9\xc6\xd8\xd8\x08 \x8a\x10\xc5\xe9\xf7;\xe2Y\
\x9fS|\x1f\xdd\xd3.\x08\x02 \x08\x10\x04\x01%e\
\xe5\x98S[\x87\xea\xeaZT\xd7\xccEU\xf5\x1c\x94\
\x96s\x12]6\x89F\xc2x\xf5\xa5\xe7\xf1\xebg\x7f\
~\xfa+\xfc]'\x92\x9b\xea_\x01\xd5\xfe2a\xb1\
XQY]\x8b\xca\xeaZ,]\x9e\xdc\xf7\x88b\x14\
\xd1\xa8\x08Q\x8cN\x07\x83\xa8\x88\xe8G\x9f\x8b\x22\xc4\
h\x14\x81@\x00^\xaf\x07>\x9f\x07^\x8f\x07^\x8f\
\x0b^\xaf\x17~\x9f\x17>\x9f\x0f\x01\x9f\x17>\x9f\x17\
\x1e\x9f\x17>\xaf\x07>\xaf\x0f\xc1\x80\x0f\xc1\x80\x1f\xe1\
pD\x96\x7f\xab \x08\xb0Z\xed\xb0\xda\xac\xb0\xd9l\
\xb0\xdb\x1cp\xe4\xe6\x22\xc7\x91\x0bGN\x0e\xec\xf6\x1c\
\xd8\x1d9\xb0;\xec\xb0;r\x90\x9b\x9b\x87\x9c\xd3\x1f\
&\xa3\x09\x82\xc1\x00A\x10`\x10\x0c\x10\x0c\x02\x04\xc1\
\x00\x83A\x80\xc1`\x80 \x18d\xa9\x99\xe4#F\xa3\
x\xee\xb7O\xe1\xcdW_\x80\xcf\xe7S\xff\x1f3\xa9\
\x9e\xde~\x05U\x1f\x00\xf4H\x10\x0c0\x1a\x01 \xfe\
\x0c\xf1\x9c\xdc<\x14\x97\x94f\xac&\xa2d\x04\xfc~\
\xbc\xf4\xc7_c\xcb;\xafajrB\xe9r\x88t\
\x8d\x01\x80\x88d\xe5u\xbb\xf0\xfcs\xcf\xe0\xfd\xad\xef\
\xc0\xe3v\x9f\xfe\xaa\xde\xdek\x11e\x1f\x0d\x04\x00\xbe\
\x90\x10e\x9b\x81\xfe>\xbc\xf5\xfa\x1f\xf1\xce\x9b/s\
\xf6>\xa9\x84\xfe\xb6\x03\xd2@\x00 \x22\xa5E\xa3Q\
\x9c8~\x0co\xbf\xfe'|\xb0\xfd]\x88bT\xe9\
\x92\x88H\x82\xfa\x03\x80\xbe\x02\x1bQ\xd6\x98\x9c\x18\xc3\
\xc1\xfd\xbb\xf1\xdco\x9e\xc6\xe4\xc4\xb8\xd2\xe5\x10\xcd\x9e\
\xce\xfa\x13\xf5\x07\x00\x22\xca\x08\x9f\xcf\x8b\x9e\xeeN<\
\xf3\xc4\xc3\xe8\xe9\xee\xc2G\xaf\x96\xbc;\x95H\x9d\x18\
\x00\x88(\xa6P0\x88\xee\xee\x0e<\xfb\xe4\xc38\xd9\
qB\xe9r\x88(\xcd\x18\x00\x88\x08\xc0\xf4bS{\
wo\xc7S\x8f?\x08\x8f\xc7\x85hdz=\x08\xbe\
\xc1'\xd2&-\x04\x00\xbfT\x83\x8fV\x87#\xa23\
\x5c.'^\xfa\xe3\xaf\xb1\xf7\xc3\x1d\x18\x1f\x1bE4\
\xca\x89{\xa4_\xc6\xe4v\xde\xd4\xd4.TZ\x08\x00\
.\xa9\x06\x06\x03W\x89#}\x0b\x05\x83\xf8`\xc7V\
\xec\xda\xb1\x0d]\x9d\xc7\xe1q\xbb\xb9\xb44\xd1Y\x8c\
&\xe9\x9d9EQtK6R\x11\xd5\x07\x00\x11\xa2\
d\x00\xe0\x08\x00\xe9I$\x12A\xeb\xb1\x83\xd8\xb3k\
;\x8e\x1c\xdc\x8b\x91\xe1!\xa5K\x22\xcaz&\x93\x09\
\xa2\xd4\x05/\x01\xce\xccT\x93\x19\xaa\x0f\x00\x00<R\
\x0d\x04\x03\x03\x00iS(\x14\xc2\xc9\xae\xe38zh\
\x1f\xf6\xee\xde\x81\xdeS\xdd\x00N_\xb7\xe7;|\xa2\
\xa4\x19MIu\x87\x1c\x01\xc82\x92\x89\xcc\xc0\x8db\
H\x03\xbc^7\xfaNu\xa3\xed\xd8!l\x7fo3\
\x86\x06\xfb\x95.\x89H3L\xc9\xed\x0e*9\xe2\xac\
&Z\x08\x00\xd2\x97\x008\x07\x80T$\x1c\x0ecr\
b\x0cC\x03\xfd\xd8\xb5s\x1b>\xd8\xb1\x0d\xe1P\xe8\
\x9c6|sO\x94^I\x8e_1\xe0(\x00\x00\x12\
\xa9IDAT\x000\x00d\x19\xce\x01 U\x0a\x87\
\xc3\xf0\xf9<\x18\x1f\x1d\xc1\xce\xed[\xf0\xee\xe67\xe1\
\x0f\xf8c\xdcw\xc7\xde\x9eHn&\x06\x00\x15\x12\x93\
\xb8\x0b\x80\x97\x00H!\xa2(\x22\x1a\x8d\x22\x1c\x0e\xe1\
\xc8\xa1\xbdx\xfb\xf5\x97\xd1\xdez\xe4\xfcV\x8a\xd4F\
Dg\x98\x8c\xe6d\xfe\x14\x19\x00\xb2\x0c/\x01PV\
pNN\xe0\xe0\xfe\x0f\xf1\xc1\xcew\xd1\xd7\xd3\x8d\x80\
\xdf\x8fP(\x04\x9c=\xb7\x98}=QV\xe2%\x00\
u\x9a\x00\x10\x01\x10w\x15\x07\xb3Y\xfa\xfeN\xa2D\
\xc2\xe10z{O\xa2\xa3\xed\x18\x8e\x1d=\x88\x89\xf1\
Q\xb8\x9cN8\xa7&!\x8aQv\xf0D*\x97\x9b\
\x9b'\xd5\xc4\x07\xc0\x9b\x81R2F\x13\x17\xc7\xbf\xf6\
\xf5\xef\x1e\x07\xd0\x14\xef\xf1H$\x82\x81\xfe\x9e\xb3\xbe\
\x22\xb5\x89\x89\x18\xeb\xffp\xc1\x7fI=~Z^n\
>\xf2\x8b\x8a\x90\x97W\x80\x82\xc2BTU\xcdAE\
U\x0d\xca\xca+QPX\xc49\x0a\x0ar\xbb\x9c\x18\
\x1e\x1e\xc4\xf0`\x1f\xfaz\xba122\x84\xc9\x89q\
LN\x8carb\xe2\xcc{w\x89\xdf\x95\xc4\x01@\
j\x04@<\xf7\xb3$\xe6\x00\x88\xb1\x1b\x9ew\x9c\xc4\
iDr! \xf1\xbc\x7f[\xec\xb3\xc49\xcd\xcc\xff\
N ^\xf0\x93\x88yH\xa9\xaa\xa6\x8f\x93\xe8\xf1\x84\
g\x91~\xfc\xdcBc\xb4\x8b\xfd;\x13\xf3\xa81?\
\x8d\xfd\xf8G_H\xfc\xe3\x8eS{\x0a\x8f\xc7n\x17\
\xef'\x92\xf8\xef\xe4\x82\xaa\xe3\xfc\x8e\xa7\xeb\xef\xe4\xdc\
\xc7\x13\xfc\x06\x9f\xd5\xf0\xda\x1bn\x83)\xf1b@\x07\
\x9e\xfc\xf9\xf7W$j\xa06Z\x18\x01\x00\x806$\
\x08\x00F\xa3\x11\x06\x83A\xb1\xa5N].'\x9c\xae\
\x8f\xeeV\x8c\xff\xc26\xfd\xa9\x88\x82\xc2\x22\x14\x15\x95\
 \xbf\xb0\x10yy\xf9\xc8\xcd\xcdC~a\x11\xf2\xf3\
\x0a\x90WP\x88\xdc\xbc<\xe4\xe5\xe5\xc3l\xb6f\xa4\
~5\x08\x04\xfdp;\x9dp:\xa7\xe0\x9c\x9a\x80s\
j\x02\xe3c\xa3p:\xa7091\x8e\x89\xf11\x8c\
\x8f\x8d \xe0?\xb3rt2/lD\xa4}V\x9b\
M\xaa\xf3\x07\xa6\xfb\x19M\xd1D\x00\x10!\xb6\x01\xb8\
%Q\x1b\x93\xc9\x8c`0\x90\xa1\x8afgjr\x02\
S\x93\x13\x17>0\x83w6\x16\x9b\x0dv\xbb\x03v\
\xbb\x03V\x9b\x0d6\x9b\x1d6\x9b\x0dV\x9b\x0df\xb3\
\x05f\xb3\x19f\xb3\x05F\x93\x09f\xb3\x19F\xa3\x09\
&\xb3\x19F\x83\x11F\x83\x11\x82A\x80\xd1h\x84`\
0\xc0h0\xc2`4\xc0`0@8=\xa1\xf2\xa3\
Q\x8b\xe9\xff\x17\xa6\x17[\x12E\x88\x1f\xd5(F\xa7\
??=\x09.\x1a\x8d \x12\x89 \x1a\x8dN\xff\x7f\
$\x8cp8\x8cp8\x84p(\x84P8\x84p(\
\x8c`0\x00\xbf\xdf\x8f\x80\xdf\x87@\xc0\x0f\x9f\xd7\x0b\
\x9f\xcf\x0b\x9f\xd7\x03\x97s\x0a\xa1P(\xad\xef\x5c\x88\
\x88rr\xf2\xa4W\x01d\x00\xc8Z\x92O\x8c\xc9l\
RM\x00H\x87\x80\xdf\x8f\x80\xdf\x8f\xc9\x89\xf1\xb3\xbe\
\x9a\xc4\xd0\xa5\x0cC\x9b1\x07mg1\xb4ID\x94\
N99\xb9\x92mDQl\xcf@)\x19\xa5\x95\xe9\
\xf1\xd2\x01 \x89\x8d\x1e\x88\x88H\x7f\x1c9\x92\x13\x00\
\x81\xe9\x91fM\xd1D\x00\x10E\xe9'\x86\x01\x80\x88\
\x88bq$1\x02 \x08\x86\xd6\x0c\x94\x92Q\x9a\x08\
\x00\x82 \x0c\x01\x98J\xd4\xc6d\xd6\xca\xd5\x0e\x22\x22\
J\xa7\x9c\x5c\xc9\x00\xd0\xff\xd4\xcf\xffCSk\x00\x00\
\x1a\x09\x00O\xfd\xfc?D\x88h\x83\x08\xc4\xfb0\x9b\
,0\x18\xe2.\x15@DD:d\xb7\xe7\xc0a\xcf\
\x8d\xdbw\x9c\xfe\xd0\xdc\xf0?\xa0\x91\x00p\xdaa\xa9\
\x06V+o\x9b#\x22\xa23\xca\xca+\x93i&\xd9\
\xbf\xa8\x91\x96\x02\xc0\x16\xa9\x06\x16\xab-\x03e\x10\x11\
\x91Z\xe4\xe5\x15H\xb6\x11Eqk\x06J\xc98\xcd\
\x04\x00Q\x14\xb7H\xb5\xb12\x00\x10\x11\xd1Y\x8aK\
\xcb\xa5\x9a\x88\x82 l\xc9@)\x19\xa7\x99\x00\xf0\xf4\
\x13\xf7\xf7\x00\xe2\xf1D\x17q\xccf\x13\x8cF\xce\x03\
 \x22\xa2\xe9\x05\x80\xecv;$&\x00\xec\x7f\xea\x17\
\xff1\xa6\x5c\x95\xf2\xd1L\x008\xed\x1d\xa9\x06\x1c\x05\
 \x22\x22\x00()\x93|\xf7\x0f$\xd1\xaf\xa8\x95\xa6\
\x02\x80\x08lN<\x91\x13\xb0p\x22 \x11\x11\x01\xc8\
\xcd\xcb\x97\x98\xfc\x0f\x88\x0c\x00\xaa\xb1Y\xaa\x01\x03\x00\
\x11\x11\x01@iY\x85T\x93\x08\x80w3P\x8a\x22\
4\x15\x00\x9e\xfe\xc5\xfd\xc3\x00\x0e%jc2\x99a\
6sU@\x22\x22=+(,N\xe6\x92\xf0\x87O\
\xff\xe2~\xcd-\x00\xf4\x11M\x05\x00\x00\x80\x88\xcdR\
\xe39\xc9\xad\xfbLDDZU3g\x9e\xe4\xd8?\
D\xed\x0e\xff\x03Z\x0c\x00\xc0+R\x0d\x1c\x8e\x9cL\
\xd4ADDY\xc8h4\xa2\xaa\xba6\x99\xa6\x92\xfd\
\x89\x9ai1\x00\xbc\x0d`0Q\x03A0\xc0j\xb3\
g\xa8\x1c\x22\x22\xca&%\xa5\x15\x10\x04A\xaaY'\
\x80\xed\x19(G1\x9a\x0b\x00O?q\x7f\x18\xc0/\
\xa5\xda\xe58\xa4w\x7f\x22\x22\x22\xed\xa9\xa9\x9d\x97L\
\xb3g\x9e~\xe2~Q\xe6R\x14\xa5\xb9\x00p\xda\xd3\
R\x0dlv\x07L&\xee\x10HD\xa4'\x8e\x9c\x5c\
\x94\x94$u\xff\xff3r\xd7\xa24M\x06\x80\xa7\x9f\
\xb8\xff  \x1e\x90\x9a\xdda\xe3e\x00\x22\x22]\x99\
\xbe\xf5Or\xf6\xdf\xfbO?q\x7f\x87bEf\x88\
&\x03\xc0i\x92\xa3\x00v\x87#\x13u\x10\x11Q\x96\
\xa8\xae\x99\x9bL3\xc9\xfeC\x0b\xb4\x1c\x00\xfe\x1b@\
4Q\x03\x8b\xc5\x0a\xbb\x9d!\x80\x88H\x0f\xaa\xaak\
\x91\x9b\x9b/\xd5,\x08\xe0w\x19(Gq\x9a\x0d\x00\
O?\xf1\xc0\x80\x08\xbc!5\xd0\xe3\xc8\xe1d@\x22\
\x22=\xa8\x9eS\x97\xcc\xd2\xbf\x7fz\xfa\x89\x07&\x94\
\xab2s4\x1b\x00N{J\xaa\x81\xd5f\x83\xd5\xc6\
\x0d\x82\x88\x88\xb4\xac\xbc\xa2\x1a\x85E%\xc94\x95\xec\
7\xb4B\xdb\x01@\xc4s\x10qR*\xee\xf1\x96@\
\x22\x22mKr\xe5\xbfc\x10\xb5\xbd\xf8\xcf\xd94\x1d\
\x00\x9ey\xf2\x81\x10\x80\xfb\xa5\xda\xd9\xec\x0en\x12D\
D\xa4Q\xa5e\x15(.)K\xa6\xe9\xbf?\xf3\xe4\
\x03\x09\xe7\x8ei\x89\xa6\x03\xc0iO\x02\x18\x90j\x94\
\xc3\xfd\x01\x88\x884\xa9f\xce\xbcd\x9au\x02\xf8\xb5\
\xbc\x95d\x17\xcd\x07\x80g\x9e|\xc0\x0f\xe0\x07R\xed\
\xecv\x07,\x16K\x06*\x22\x22\xa2L)*.E\
iY\xa5d;Q\x14\xef\x7f\xe6\xc9\x07\xc2\x19()\
kh>\x00\x9c\xf6\x18\x80Q\xa9Fy\xf9\x85\x19(\
\x85\x88\x882\xa5\xb1yQ2\xcd\xfa\x04A\xd0\xcd\xe4\
\xbf\x8f\xe8\x22\x00<\xf3\xe4\x03\x1e@\xfc/\xa9\xd9\x1f\
V\xab\x15\x8e\x1c\xee\x14HD\xa4\x05\xb5u\x0d((\
(\x84\xd4k\xbf(F\x7f\xf0\xcc\x93\x0f\x04\x94\xabT\
\x19\xba\x08\x00\xa7=\x08`J\xaaQ~~!\x0c\x06\
c\x06\xca!\x22\x22\xb9\xd8\xecv46\xb5$\xd3t\
D\x10\x84\xc7\xe5\xae'\x1b\xe9&\x00<\xf3\xe4\x0f\xa6\
\x00\xfcD\xaa\x9d\xc1`@^\xbe\xe4JQDD\x94\
\xc5\xea\x1b\xe6\xc3hLj\xc3\xb7\xff\xf3\xcc\x93?\xf0\
\xca]O6\xd2M\x00\x00\x00\x11x@\x04\xfa\xa4W\
\x07\xcc\x83\xd9\xc2\xdb\x02\x89\x88\xd4\xa8\xa8\xb8\x14U5\
s\x93Y\xf5\xafC\x04~\xac\x5c\xa5\xca\xd2U\x00x\
\xf6\xc9\x1f\xb8\x00\xfcC2m\xf3\x0b8!\x90\x88H\
\x8d\x9a\xe7/N\xb6\xe9\xb7\x9e}\xf2\x07>9k\xc9\
f\xba\x0a\x00\xa7=\x07\xe0\x0d\xa9F\x16\x8b\x159\xb9\
\x5c\x1b\x80\x88HM\xea\xea\x9b\x91\x9b\x97\xd4e\xdc\xe7\
\x9f}\xf2\x07\xaf\xca]O6\xd3]\x00x\xf6\xc9\x1f\
\x88\x10\xf1\xf7\x10\x11\x94\x1a\x1b\xca/(\x82\xc5\xca}\
\x02\x88\x88\xd4\xa0\xb8\xa4\x1c\x0d\x8d\x0b\x92Y\xf2\xd7\x0b\
1\xb9\xd1`-\xd3\xe5t\xf7\x83\x07\xb6\x8f/[q\
\x99\x19\xc0:\xa9\xb6V\xab\x15>\xaf\x17\xa2(f\xa0\
2\x22\x22J\x85\xd5j\xc3\xf2\x15ka4%5\xf1\
o\xfd\xb3O\xe9\xfb\xdd?\xa0\xc3\x11\x803\xc4\xff\x00\
\xc4.\xa9\x98h4\x1aO\xdfGJDD\xd9j\xfe\
\x82%\xa7\xf7t\x91|\xfb\x7f\x0c\x10\x7f\xa4X\xa1Y\
D\xb7\x01\xe0\xd9\xa7~\xe8\x03\xf0\xf7\xc9\xb4\xb5;\x1c\
\x5c \x88\x88(K\xd5\xce\xadOj\xb9\xdf\xd3\xfe\xf6\
\xd9\xa7~\x18\x94\xb3\x1e\xb5\xd0m\x00\x00\x80g\x9f\xfa\
\xe1+Hr\xf3\x87\xc2\xc2b\xee\x18HD\x94e\x8a\
K\xca\xd04?\xa9\xe5~\x01\xe0\xe7\xcf>\xf5\xc3-\
2\x96\xa3*\xba\x0e\x00\xa7\xfd5\x80\x8ed\x1a\x16\x15\
\x15s\x95@\x22\xa2,a\xb1\xfc\xbf\xf6\xee54\xb2\
\xb3\x8e\xe3\xf8\xf7d\x92\xccL\x92\xcd\xa5\xb7\xcdv\xb3\
\xdd[w\xb7\xe96I-Z\xd9\x95R\xaa-^\x90\
\x82bk\xd2\xa4\x22R\x10\xa9\xd4\xcdR,\xd8\x17\x82\
BE\xba\xd9l\xa5(\xf8F6\xc9$\xdbR\x15_\
\x88\x88\xb7\xe2\x8b\x06\xc4\x0bI\xa0\xb5*\x22\x08Z\x8b\
P\xbbIv\x93\xccd\x8e/\xa6\xbbm\x92\x99\xe4\xcc\
\xec\xcc\xce&\xf9~`\xd8\xec9\xcf\xf3\x9c\x7f&3\
\x99_\x9es\xe6\x99zn\xbb\xbd;j\xf3W\x81\xaf\
T\xb0\x9cMg\xdb\x07\x80\xb1\xb3\xa7\xce\x03\x0f\x03\x1b\
N\x09\xc5b\xb5\xb4\xb6\xb6U\xbe(I\xd2\x86:\x8f\
\xdeI<\xda;\xb5.\x00\x0f\x8d\x9d=5_\xe1\x92\
6\x15\xff\x9c\x05\xa6\xa7^\xf9w\xf7\x9d\xc7\xdf\x02>\
\xb1Q\xdb\xda\xba:jb1\x16\x17\xb6\xed\xda\x11\x92\
Tu\x9dG{\xb8\xf1\xa6]\x91\xda\x86a\xf8\xc5\xd4\
\xc8\xd0/*\x5c\xd2\xa6\xb3\xedg\x00.\x09\xe1\xbb!\
\xbc\x14a\xe9H\x1a\x1a\x9b\xd8\xd1\xdcR\xb5Z%i\
;;xk';wuDY\xea\x97\x10\xce\xa6F\
\x86~P\xb5b\xafa\x06\x80w\xa4\xce\x9e\x0a\x81\xc7\
\x80\xbfGi\xdf\xb4\xa3\xc5\x95\x02%\xe9*\xdb\xb3\xf7\
 {\xf6\x1e\x88\xda\xfc5\xe0\xf1\x0a\x96\xb3\xa9\x19\x00\
\xde#u\xf6\xd4\xdb\x84a/!\xe9(\xb1\xb2\xb9\xa5\
\x8d\x86\x86\xa6\xea\x15,I\xdb\xc8\xae\x9bo\x89\xba\xd2\
\x1f\x84\x5c$\xe4\xa1\x94\xe7\xfd\x0b\xf2\x1a\x80Uf\xa6\
&\xff\xd5\xdds\xfcM\xe0\x93Q\xda'\x92I2\x99\
4\x99L\xba\xc2\x95I\xd2\xf6\xb5\xb3\xbd\x83#\x9d\x91\
\xaf\xf8\x07\xf8Bj\xe4\xd4\xaf*U\xcfV`\x00\xc8\
cf\xea\x95?t\xf7\x1c\x8b\x11a\xa9`\x80d\xb2\
\x81\xe5\xe5e\xd2iC\x80$\x95[\xfb\xae\x8eb\xde\
\xee\x07\xf0Tjd\xe8{\x95\xaag\xab\xf0\x14@a\
_\x07\xbe\x1f\xb5qk\xdbu46z:@\x92\xca\
iw\xc7^\x8etv\x15\xd3e\x18x\xb6B\xe5l\
)\xce\x00\x14035Iw\xcf\xf1\x9f\x01]@g\
\x94>\x89D\x92\x90\x90\xa5\xa5\xc5\xca\x16'I\xdb\xc0\
\xbe\xfd\x878p\xeb\x91b\xba\xa4\x80/\xa5F\x86\xfc\
\xf4\xb6\x08\x0c\x00\xeb\x98\x99\x9a\x0c\xbb{\x8e\xff\x04\xb8\
\x07\xd8\x17\xa5O<\x9e \xa8\x09X\x5c\x5c\xa8hm\
\x92\xb4\x95\x1d:r\x94=\xb7\xec/\xa6\xcb\xcf\x81\xde\
\xd4\xc8P\xa6B%m9\x06\x80\x0d\xccLMf\xba\
{\x8e\xff\x18\xf88\x10\xe9\xd3&\xea\xeb\xe3\xd4\xd6\xd6\
\xb2\xe0bA\x92T\x94\xda\xba:n\xbb\xbd\x87\xf6\xf6\
\xdd\xc5t\xfb\x1d\xf0\xc9\xd4\xc8\x90\xbft\x8b`\x00\x88\
`fjr\xf1\x9d\x99\x80O\x03\x91\xd6\x02\xae\xab\xab\
'\x9eH\xb0\xb4\xb4D6\x9b\xadl\x81\x92\xb4\x054\
55\xd3}\xe7\xdd\xb4\xb4\x14\xb5\xe4\xfa\xeb\xc0\xfd\xa9\
\x91\xa1\xffU\xa8\xac-\xcb\x00\x10\xd1\xcc\xd4\xe4\x5c\xd7\
\xbb3\x017D\xe9\x13\x8b\xd5\xd2\xd0\xd8D&\x93\xf1\
m\x82\x92\xb4\x8e\x1bw\xee\xe2h\xf7\xfb\xa9\xab\xaf/\
\xa6\xdb4\xf0\xc0\xf8\xc8\xd0\x9b\x15*kK3\x00\x14\
afj\xf2\xed\xae\x9e\xe3/\x90{{`G\x94>\
A\x10\x90lh \x08\xbc.@\x92V\xab\xad\xab\xe3\
\xe0\xe1N\xf6\x1d8B\x10\x04\xc5t\xfd-\xf0\xd1\xf1\
\x91\xa1\xffV\xa8\xb4-\xcf\x00P\xa4\x99\xa9\xc9\x0b]\
\xdd\xc7'\x80\xf7\x01\x87\xa2\xf6\xab\xaf\x8f\xbfsJ`\
\xd1S\x02\x92\x04465\xd3\xdd\xf3\x01Z\xdb\x22M\
\xaa\xbe\xd7\x8f\x81O\x8d\x8f\x0e\xcdU\xa0\xacm\xc3\x00\
P\x82\x99\xe9\xc9tW\xcf\xb1\x17\x81\xfd@\xe4\xd5)\
b\xb1\x18\x0d\x8dM,{J@\xd26w\xd3\xce]\
\x1c\xed\xba\xab\xd8)\x7f\xc8\xad\xcf\xf2\xf9\xf1\xd1\xd3\xfe\
\x12\xbdB\x06\x80\x12\xcdLOf\xbbz\x8e\xfd\x04h\
\x02\x8eG\xed\x17\x04\x01\xc9d\x03\xb1X\x8ctz\x89\
0\xf4\xed\xaa\x92\xb6\x8fD\x22\xc9\x81\x83\xb7\xb1w\xff\
\xa1b\xa7\xfc\x01\xbe\x09<9>z\xdai\xd42(\
\xfa\xde\xd7Z\x8f<z\xf2IJXy*\x9b\xcd2\
{\xfem\xe6\xe7f/o\x0bY'\x10\x84\x1b\xed\x0f\
\xdf\xdb\xb4\xd0\x00\xab\xb7\x14\xb7?\xcf\xe0y\x8f\x1a\xae\
m\x91g\xd3\x8a\x0dyk\x0e\xd7|Q`\x9c\xb5\xbd\
W\xb6+~\xff\x8a\xaa\x0a\xde\xed\xab\xbe\xb7\x02\xdf\xc4\
F\xfbW|\x95\xe7\xbeY\xb3%\x7f\xc3U\xe3\xac\x1f\
.7\x0c\x9fa\x9e\x9f[\x9e\xba\xf2\x0f\xb3\xf6\xb1\x90\
\xf7\xb1\xb4j\xd3\xba\x8f\xe0\x15\xe3T\xf0yR\x8e\xe7\
Q\x9e\xce\x1b=O6~\x1e\xe56\x94\xebyR\xae\
\xe7\xd1\x8a\xaa\x0a\xdc\xed\x97\xf6\xef\xee\xd8\xc7\xde}\xb7\
\x12\x8b\x15\xfd\xb7g\x08<1>z\xfa\xf9b;\xaa\
0g\x00\xca`fz\xf2\x95\xae\x9ec\xbf\x07>\x06\
$\xa3\xf6\x0b\x82\x80D\x22I<\x9e \x9dI\x93]\
^\xae\x5c\x91\x92T%\xcd-mt\x1e\xbd\x93\xf6\xf6\
\xdd\xd4\xd4\x14\xbd\x02\xfd\x9b\xc0\xa7\xc6GO\x9f\xab@\
i\xdb\x9a\x01\xa0Lf\xa6'\xff\xda\xd5sl\x02\xf8\
 \xb0\xa7\x98\xbe\xb1\xdaZ\x1a\x1b\x9b\xa8\xa9\xa9ai\
\xc9\xd3\x02\x92\xb6\x86\xfa\xfa8\xfb\x0f\x1c\xe6\xd6C\xb7\
\x13\x8f'J\x19\xe2e\xe0\x81\xf1\xd1\xd3\xd3\xe5\xadL\
`\x00(\xab\x99\xe9\xc9\xf3]=\xc7F\x818\xf0\xa1\
b\xfb\xd7\xd7\xc7ill$\x08\x02\x96\x16\xfd<\x01\
I\x9bS\x10\x04\xdc\xb2\xef \x87o\xbb\x83\xe6\xe2\x16\
\xf5\xb9$\x04\xbe\x01<6>z\xfa|y\xab\xd3%\
^\x03P!\x8f<z\xf2\x13\xc0\x08p})\xfd\xb3\
\xd9e\xe6\xe7\xe6\x98\x9d}\xfb\xdd\x19\x01\xaf\x01Xg\
\x1c\xaf\x01X\xd3\xc3k\x00\x0a\xec\xf7\x1a\x80(\xfb\xf3\
\xb7[\xffy\x92\x88'i\xbf\xb9\x83\xf6]\x1d\xd4\xd6\
\xd6\xe5m\x1b\xc1\x7f\xc20\x1c\x98\x18\x1b\xfee\xa9\x03\
(\x1a\x03@\x05=\xf2\xe8\xc9=\xc0\x04%\xcc\x06\x5c\
\x12\x86Y\xe6\xe7\xe6\x98\x9b\x9fe9\x9d1\x00\x14\x1c\
\xc7\x00\xb0\xa6\x87\x01\xa0\xc0~\x03@\x94\xfd\xf9\xdb\xe5\
\xbfG\xe2\xc9$\x1d{\xf6\x17\xbb~\x7f>\xbf\x06\xfa\
\xc7GO\xbfq\xa5\x03ic\x9e\x02\xa8\xa0\x99\xe9\xc9\
\xf3wt\x1f\x1b\x05\x16\xc8\xbdU\xb0\x84H\x1cP_\
\x1f\xa7\xa9\xa9\x99X\xac\x96L&\xedBB\x92\xae\x09\
\x0d\x0d\x8d\xec\xdd\x7f\x88C\x87\xef\xa0\xa9\xa9\xf9J\x86\
\x9a\x0f\xc3\xf0i\x08\x1e\x9f\x18;=\xbbqs\x95\x83\
3\x00WI\xdf\xc0\xc9}\xc0s\xc0\x83W:\xd6\xe2\
\xe2\x02\xf3\xf3\xb3,,\x5c$|o\x18p\x06\xa0@\
]8\x03\x90\xaf\x8d3\x00\xce\x00\xac\xb3?\x7f\xbb\x90\
D\x22I\xdbu7p\xfd\x0d;K=\xbf\xbf\xdaK\
\xd9l\xf6\xe4\x0b\xe3g\xfeY\x8e\xc1\x14\x9d\x01\xe0*\
\xeb\x1b\x18|\x10\xf8\x0e\xb0\xb7\x1c\xe3]\xb80\xcf\x85\
\xf9\xb9\xdc\xe7\x0c\x18\x00\x0a\xd4\x85\x01 _\x1b\x03\x80\
\x01`\x9d\xfd\xab\xb7\xb4\xb4\xb6\xb1s\xe7nn\xb8q\
g\xbe\x0aJ\xf17\xe0\xcb\x13c\xc3?/\xd7\x80*\
\x8e\x01\xa0\x0a\xfa\x06\x06\x1b\x80\xaf\x01_\xa5\xa4\xd3\x02\
ke\x97\x97\x99\x9f\x9feqq\x91\xc5\x85\x8b\x06\x80\
5\xed\x0c\x00k\xc70\x00\x18\x00\x0a\xef\x0f\x82\x1aZ\
Z\xdb\xd8\xd1\xd2J{\xfb\xee+\xb9\xa8o\xb5\x05\xe0\
\x19\xe0\xd9\x89\xb1a?!\xad\x8a\x0c\x00U\xd470\
x\x04x\x1e\xb8\xbf\xdcc/,\x5cdiq!\x17\
\x08.\x7f\x0a\xa1\x01\xa0\x98\xfd+\xaa2\x00\x14:\x8a\
\x01`M\xbb\xcd\x1b\x00ZZZ\xd9\xd1\xdcJsK\
\x1b-\xade\x99\xde_\xed\xa7\xc0\x13\x13c\xc3\x7f\xaf\
\xc4\xe0*\x8e\x01\xe0\x1a\xd070x/\xf04\xf0@\
%\xc6\x0f\xc3\x90\xc5\x85\x8b,,\x5c$\x9dN\x93I\
\xa7Y^\xce\xe4\xf6\xadli\x00(T\x95\x01\xa0\xd0\
Q\x0c\x00k\xdam\x8e\x00P\x1fO\x90L6\x90H\
6\xd0\xd6v=\xcd-m\xa5\xac\xd2\x17\xd5O\xc30\
|\xe6\x5c\xea\xcc+\x95:\x80\x8ag\x00\xb8\x86\xf4\x0d\
\x0c\xdeM.\x08\x5c\xf1\x85\x82\x1b\x09\xc3\xec\xe50\x90\
\xc9dHg\xd2\xa4\xd3\x8b,\xa7\x97\x09\xc3\xec\xe5\x17\
\x07\x03\x80\x01\xc0\x00\x90\xf7\x00\xf9J[\xf9\xbf*\x07\
\x80\xa0\xa6\x86\x9aX\x8cx<A2\xd1\xf0\xce\x8b}\
\x92D2\xf7uMM\xc5\xdf\x04\x16\x02?\x04\x9e\x99\
\x18\x1b\xfeS\xa5\x0f\xa6\xe2\x19\x00\xaeA}\x03\x83]\
\xe4\xae\x11\xf8,U\xfa\x19\x85aH\x18f\xc9f/\
\xfd\x9b%\xccf\xc9\x86\xd9u\x7f\xf7\xae;f){\
K<\xd6\xda\xae\x1b\xbd\xd8]\xd9Q\x22w/\xe98\
\x1b\x84\x97\x92\x8f\x15\xad\x98\xd2\x86)\xed\x0e]\xb7\xd7\
\xfa\x09\xb2|\xc7\xab\xd0R\xdc\xd1^\xe0\x8b\x17\x8b\xc5\
\xa8\x89\xc5\x88\xc5j\x89\xc5b\x97oAP\xb1\xbf\xe6\
7\xb2\x0c\x8c\x03\xdf\x9a\x18\x1b~\xadZEhc\x06\
\x80kXo\xff\x89#A\x10<\x05\xf4\x01%-\xa4\
-IW\xc9\x05`\x0c\xf8\xb6\xe7\xf87\x07\x03\xc0&\
\xd070\xd8\x0c|\x06\xf8\x1cpo\x95\xcb\x91\xa4K\
Br\xab\xf7\x8d\x00?\x9a\x18\x1b\x9e\xabr=*\x82\
\x01`\x93\xe9\xed\x1f\xdc\x07\xf4\x93\x0b\x03\x87\xab[\x8d\
\xa4m\xeaU`$\x9b\xcd\x8e\xbf8\xf1\x9c\x0b\xf8l\
R\x06\x80M\xaa\xb7\x7f0\x00\xee\x06\x1e\x05\x1e\x06n\
\xacnE\x92\xb6\xb87\x80\x17\x80Q\xe0\x8f\xe7R\xc3\
\x95\xb9XBW\x8d\x01`\x0b\xe8\xed?Q\x03\x1c\x05\
>\x02\xdcG\xee4AKU\x8b\x92\xb4\xd9\xbd\x05\xbc\
Ln\x8a\xff\xd7\xc0k\xe7Rg|\xd1\xdfB\x0c\x00\
[Po\xff\x89X\x18\x86w\x05Ap\x1f\xf0a\xe0\
\x1e\xa0\xa1\xcaeI\xba\xb6\xcd\x01\xbf%\x0c\x7fC\x10\
\xfc\x0a\x98>\x97:\xb3\x5c\xed\xa2T9\x06\x80m\xa0\
\xb7\xffD=\xb9\x19\x82#yn\x8dU,M\xd2\xd5\
7\x0b\xbc~\xe9\x16\x86\xe1_\x82 \xf83\xf0\xea\xb9\
\xd4\x99tuK\xd3\xd5d\x00\xd8\xc6z\xfbO\x04\xc0\
\xcd\xe4\x82@'p\x0b\xb0#\xc2\xcd\xc7\x8dtm\xc8\
\x92\xfb\xcb}v\x9d\xdby\xe0\x1f\xbc\xfb\xa2\xffo\xa7\
\xf2%I\x92$I\x92$I\x92$I\x92$I\x92\
$I\x92$I\x92$I\x92$I\x92$I\x92$\
I\x92$I\x92$I\x92$I\x92$I\x92$I\
\x92$I\x92$I\x92$I\x92$I\x92$I\x92\
$I\x92$I\x92$I\x92$I\x92$I\x92$\
I\x92$I\x92$I\x92$I\x92$I\x92$I\
\x92$I\x92$I\x92$I\x92$I\x92$I\x92\
$I\x92$I\x92$I\x92$I\x92$I\x92$\
I\x92$I\x92$I\x92$I\x92$I\x92$I\
\x92$I\x92$IZ\xcf\xff\x01\xb6sS)R}\
\xc0\xba\x00\x00\x00\x00IEND\xaeB`\x82\
\x00\x00\xb5\xf7\
\x89\
PNG\x0d\x0a\x1a\x0a\x00\x00\x00\x0dIHDR\x00\
\x00\x04\x00\x00\x00\x04\x00\x08\x06\x00\x00\x00\x7f\x1d+\x83\
\x00\x00\x05\xbbiTXtXML:com.\
adobe.xmp\x00\x00\x00\x00\x00<?\
xpacket begin=\x22\xef\
\xbb\xbf\x22 id=\x22W5M0MpCe\
hiHzreSzNTczkc9d\
\x22?>\x0a<x:xmpmeta x\
mlns:x=\x22adobe:ns\
:meta/\x22 x:xmptk=\
\x22XMP Core 5.5.0\x22\
>\x0a <rdf:RDF xmln\
s:rdf=\x22http://ww\
w.w3.org/1999/02\
/22-rdf-syntax-n\
s#\x22>\x0a  <rdf:Desc\
ription rdf:abou\
t=\x22\x22\x0a    xmlns:x\
mp=\x22http://ns.ad\
obe.com/xap/1.0/\
\x22\x0a    xmlns:phot\
oshop=\x22http://ns\
.adobe.com/photo\
shop/1.0/\x22\x0a    x\
mlns:dc=\x22http://\
purl.org/dc/elem\
ents/1.1/\x22\x0a    x\
mlns:exif=\x22http:\
//ns.adobe.com/e\
xif/1.0/\x22\x0a    xm\
lns:tiff=\x22http:/\
/ns.adobe.com/ti\
ff/1.0/\x22\x0a    xml\
ns:xmpMM=\x22http:/\
/ns.adobe.com/xa\
p/1.0/mm/\x22\x0a    x\
mlns:stEvt=\x22http\
://ns.adobe.com/\
xap/1.0/sType/Re\
sourceEvent#\x22\x0a  \
 xmp:CreateDate=\
\x222026-04-26T21:2\
0:16-05:00\x22\x0a   x\
mp:ModifyDate=\x222\
026-04-26T22:37:\
51-05:00\x22\x0a   xmp\
:MetadataDate=\x222\
026-04-26T22:37:\
51-05:00\x22\x0a   pho\
toshop:DateCreat\
ed=\x222026-04-26T2\
1:20:16-05:00\x22\x0a \
  photoshop:Colo\
rMode=\x223\x22\x0a   pho\
toshop:ICCProfil\
e=\x22sRGB IEC61966\
-2.1\x22\x0a   exif:Pi\
xelXDimension=\x221\
024\x22\x0a   exif:Pix\
elYDimension=\x2210\
24\x22\x0a   exif:Colo\
rSpace=\x221\x22\x0a   ti\
ff:ImageWidth=\x221\
024\x22\x0a   tiff:Ima\
geLength=\x221024\x22\x0a\
   tiff:Resoluti\
onUnit=\x222\x22\x0a   ti\
ff:XResolution=\x22\
300/1\x22\x0a   tiff:Y\
Resolution=\x22300/\
1\x22>\x0a   <dc:title\
>\x0a    <rdf:Alt>\x0a\
     <rdf:li xml\
:lang=\x22x-default\
\x22>Logo</rdf:li>\x0a\
    </rdf:Alt>\x0a \
  </dc:title>\x0a  \
 <xmpMM:History>\
\x0a    <rdf:Seq>\x0a \
    <rdf:li\x0a    \
  stEvt:action=\x22\
produced\x22\x0a      \
stEvt:softwareAg\
ent=\x22Affinity De\
signer 2 2.6.3\x22\x0a\
      stEvt:when\
=\x222026-04-26T22:\
37:51-05:00\x22/>\x0a \
   </rdf:Seq>\x0a  \
 </xmpMM:History\
>\x0a  </rdf:Descri\
ption>\x0a </rdf:RD\
F>\x0a</x:xmpmeta>\x0a\
<?xpacket end=\x22r\
\x22?>H5C\x00\x00\x00\x01\x81iCCPs\
RGB IEC61966-2.1\
\x00\x00(\x91u\x91\xdf+\x83Q\x18\xc7?\xfb!b\
\x9a\xe2Bq\xb14\xae6\xcdV\xe2F\x994ji\
\xcd\x94\xe1f{\xf7Km\xf3\xf6\xbe\x93\xe4V\xb9U\
\x94\xb8\xf1\xeb\x82\xbf\x80[\xe5Z)\x22%\xd7rI\
\xdc\xb0^\xcf\xbb\xa9I\xf6\x9c\x9e\xf3|\xce\xf7\x9c\xe7\
\xe9\x9c\xe7\x805\x96W\x0a\xba\xdd\x07\x85bI\x8b\x86\
\x82\xae\xd9\xf8\x9c\xab\xf1\x05;]X\xf1\x13H(\xba\
:\x1a\x89\x84\xa9k\x1fwX\xccx\xe35k\xd5?\
\xf7\xaf\xb5\xa4\xd2\xba\x02\x96&\xe1\x11E\xd5J\xc2\x13\
\xc2\xe1\x95\x92j\xf2\xb6p\x87\x92K\xa4\x84O\x85=\
\x9a\x5cP\xf8\xd6\xd4\x93U~69[\xe5/\x93\xb5\
Xt\x0c\xacm\xc2\xae\xec/N\xfeb%\xa7\x15\x84\
\xe5\xe5\xb8\x0b\xf9e\xe5\xe7>\xe6K\x1c\xe9\xe2\xcc\xb4\
\xc4\x1e\xf1nt\xa2\x84\x08\xe2b\x92q\xc6\x18d\x80\
a\x99\x07\xf1J\x7f\xfaeE\x9d|_%\x7f\x8a%\
\xc9UdVYEc\x91,9JxD]\x96\xea\
i\x89\x19\xd1\xd32\xf2\xac\x9a\xfd\xff\xdbW=\x13\xf0\
W\xab;\x82\xd0\xf0d\x18o\xbd\xd0\xb8\x05\xe5M\xc3\
\xf8<4\x8c\xf2\x11\xd8\x1e\xe1\xa2X\xcb_:\x80\xa1\
w\xd17k\x9a{\x1f\x9c\xebpvY\xd3\x92;p\
\xbe\x01\x9d\x0fjBKT$\x9b\xb85\x93\x81\xd7\x13\
h\x8dC\xfb54\xcfW{\xf6\xb3\xcf\xf1=\xc4\xd6\
\xe4\xab\xae`w\x0f\xfa\xe4\xbcs\xe1\x1b\xa7fh\x03\
\x15K\xd0[\x00\x00\x00\x09pHYs\x00\x00.#\
\x00\x00.#\x01x\xa5?v\x00\x00 \x00IDA\
Tx\x9c\xec\xddy|\x5c\xd5\x9d\xe7\xfd\xef\xad*\xed\
\xfbb\xcb\xbb\xe5U\xde\xf1\x8e1\x18c\xf6\x10L\x08\
\xd9I:\xe9Np\x9e~u\x92\xa7\xd3Iw\xc0\xb6\
d[\x82t\xba{\xa6\xb7\x00\xde\xc8\xcc3\xbd\xcct\
23\x9d^H'$4\x90\xb0\x84\xd5`\x8c\xf1.\
\xdb\x92\xb5Y\xfbZ\xda\xaa\xea>\x7f\xc8\x80\xf1\x22J\
\xaaSuoU}\xde\xafW\xbd,T\xba\xbf\xf3+\
\xa4\x92\xea~\xeb\x9cs%\x00\x00\x00\x00\x00\x00\x00\x00\
\x00\x00\x00\x00\x00\x00\x00\x00\x00\x00\x00\x00\x00\x00\x00\x00\
\x00\x00\x00\x00\x00\x00\x00\x00\x00\x00\x00\x00\x00\x00\x00\x00\
\x00\x00\x00\x00\x00\x00\x00\x00\x00\x00\x00\x00\x00\x00\x00\x00\
\x00\x00\x00\x00\x00\x00\x00\x00\x00\x00\x00\x00\x00\x00\x00\x00\
\x00\x00\x00\x00\x00\x00\x00\x00\x00\x00\x00\x00\x00\x00\x00\x00\
\x00\x00\x00\x00\x00\x00\x00\x00\x00\x00\x00\x00\x00\x00\x00\x00\
\x00\x00\x00\x00\x00\x00\x00\x00\x00\x00\x00\x00\x00\x00\x00\x00\
\x00\x00\x00\x00\x00\x00\x00\x00\x00\x00\x00\x00\x00\x00\x00\x00\
\x00\x00\x00\x00\x00\x00\x00\x00\x00\x00\x00\x00\x00\x00\x00\x00\
\x00\x00\x00\x00\x00\x00\x00\x00\x00\x00\x00\x00\x00\x00\x00\x00\
\x00\x00\x00\x00\x00\x00\x00\x00\x00\x00\x00\x00\x00\x00\x00\x00\
\x00\x00\x00\x00\x00\x00\x00\x00\x00\x00\x00\x00\x00\x00\x00\x00\
\x00\x00\x00\x00\x00\x00\x00\x00\x00\x00\x00\x00\x00\x00\x00\x00\
\x00\x00\x00\x00\x00\x00\x00\x00\x00\x00\x00\x00\x00\x00\x00\x00\
\x00\x00\x00\x00\x00\x00\x00\x00\x00\x00\x00\x00\x00\x00\x00\x00\
\x00\x00\x00\x00\x00\x00\x00\x00\x00\x00\x00\x00\x00\x00\x00\x00\
\x00\x00\x00\x00\x00\x00\x00\x00\x00\x00\x00\x00\x00\x00\x00\x00\
\x00\x00\x00\x00\x00\x00\x00\x00\x00\x00\x00\x00\x00\x00\x00\x00\
\x00\x00\x00\x00\x00\x00\x00\x00\x00\x00\x00\x00\x00\x00\x00\x00\
\x00\x00\x00\x00\x00\x00\x00\x00\x00\x00\x00\x00\x00\x00\x00\x00\
\x00\x00\x00\x00\x00\x00\x00\x00\x00\x00\x00\x00\x00\x00\x00\x00\
\x00\x00\x00\x00\x00\x00\x00\x00\x00\x00\x00\x00\x00\x00\x00\x00\
\x00\x00\x00\x00\x00\x00\x00\x00\x00\x00\x00\x00\x00\x00\x00\x00\
\x00\x00\x00\x00\x00\x00\x00\x00\x00\x00\x00\x00\x00\x00\x00\x00\
\x00\x00\x00\x00\x00\x00\x00\x00\x00\x00\x00\x00\x00\x00\x00\x00\
\x00\x00\x00\x00\x00\x00\x00\x00\x00\x00\x00\x00\x00\x00\x00\x00\
\x00\x00\x00\x00\x00\x00\x00\x00\x00\x00\x00\x00\x00\x00\x00\x00\
\x00\x00\x00\x00\x00\x00\x00\x00\x00\x00\x00\x00\x00\x00\x00\x00\
\x00\x00\x00\x00\x00\x00\x00\x00\x00\x00\x00\x00\x00\x00\x00\x00\
\x00\x00\x00\x00\x00\x00\x00\x00\x00\x00\x00\x00\x00\x00\x00\x00\
\x00\x00\x00\x00\x00\x00\x00\x00\x00\x00\x00\x00\x00\x00\x00\x00\
\x00\x00\x00\x00\x00\x00\x00\x00\x00\x00\x00\x00\x00\x00\x00\x00\
\x00\x00\x00\x00\x00\x00\x00\x00\x00\x00\x00\x00\x00\x00\x00\x00\
\x00\x00\x00\x00\x00\x00\x00\x00\x00\x00\x00\x00\x00\x00\x00\x00\
\x00\x00\x00\x00\x00\x00\x00\x00\x00\x00\x00\x00\x00\x00\x00\x00\
\x00\x00\x00\x00\x00\x00\x00\x00\x00\x00\x00\x00\x00\x00\x00\x00\
\x00\x00\x00\x00\x00\x00\x00\x00\x00\x00\x00\xc9\xccr\xba\x01\
\x00\xee\xb3\xf3\x91\x1feI\xca\x97\x94m\xdbv\xaee\
Y\xd9\x92r.\xfex\x0c\xb7t\x07\x1e\x02\x00\x00n\
\xd7/\xa9g,7\xdb\xb6{-\xcb\xea\x96\xd4\x13\x0a\
\x06{=^o\xb7\xa4\xae\xca\xf2\x07\xfcN<\x00\x00\
\xf1\x87\x00\x00HR;\x1f\xf9\x91OR\xa9\xa4\x05\xb6\
m/\xb0,k\xbe\xa4\xb2\x0b\xb7\x12'{\x03\x00\x00\
cR/\xe9\xb8\xa4\xe3\xb6m\x9f\x90t<\x14\x0a\x1d\
\xf7z\xbd5\x95\xe5\x0f\x04\x1d\xee\x0d\x80\x8b\x10\x00\x00\
\x09n\xe7#?*\xd2\x07'\xf6\x17\xdf\xe6JJq\
\xb05\x00\x00\x10]\x83\x92N\xeaB8p\xe1vL\
\xd2\xf1\xca\xf2\x07\xba\x9cl\x0c\x803\x08\x00\x80\x04Q\
^\xb9o\x92\xd7\xeb\xbdV\x1f\x9c\xe0/\xb8\xf0o\x91\
\xa3\x8d\x01\x00\x007:\xaf\x8bf\x0dX\x96uT\xd2\
+\x95\xe5\x0f\xb49\xdc\x17\x80(\x22\x00\x00\xe2\xd4\xce\
G~T i\xa3\xa4\x9b/\xdc\x16;\xdb\x11\x00\x00\
\x88s\xb6\xa4\xb7%={\xe1\xf6Be\xf9\x03\xdd\xce\
\xb6\x04\xc0$\x02\x00 N\xec|\xe4G\xd9\x926\xe8\
\x83\x13\xfe\x15\xe29\x0c\x00\x00\xa2'(\xe9uI\xcf\
\xdav\xe89\xcb\xf2\xbcTY\xfe@\xbf\xd3M\x01\x18\
?N\x1e\x00\x97\xda\xf9\xc8\x8f\xd2%]\xa7\x0fN\xf8\
\xd7J\xf29\xda\x14\x00\x00HfC\x92~\xab\x91\xd9\
\x01\xcfIz\xad\xb2\xfc\x81!g[\x020\x16\x04\x00\
\x80K\xec|\xe4\x89\x14\xdb\xb6\xd7X\x96\xb5I#'\
\xfc\xd7KJs\xb8-\x00\x00\x80\xab\xf1KzA\xd2\
\xb3\xa1P\xe89\x8f\xc7\xf3fe\xf9\x16\xae:\x00\xb8\
\x18\x01\x00\xe0\xa0\x9d\x8f<\x91!\xe9\x13\x92\xee\x97\xb4\
IR\xb6\xb3\x1d\x01\x00\x00\x8c[\x97\xa4\xff\x94\xf4\x8f\
\x92~^Y\xbe\x85\xd9\x01\x80\xcb\x10\x00\x001\xb6\xf3\
\x91'<\x1aY\xcb\xff;\x92>#)\xd7\xd9\x8e\x00\
\x00\x00\x8ck\x97\xf4O\x92\xfe^\xd2\xeb\x95\xe5[l\
\x87\xfb\x01 \x02\x00 f\xca+\xf7\x95y<\x9e/\
i\xe4\xc4\x7f\xa6\xd3\xfd\x00\x00\x00\xc4\xc8\x09\x8d\x04\x01\
\xffXU\xb1\xa5\xc6\xe9f\x80dF\x00\x00D\xd1\x8e\
\x87\x9f(\xb2m\xfb\xf3\x96e}I\xd2:\xa7\xfb\x01\
\x00\x00p\xd8\xaf%\xfd\x83\xa4\xff[U\xb1\x85K\x0c\
\x021F\x00\x00\x18\xb6\xe3\xe1'R%\xdd%\xe9\xcb\
\x92\xee\x96\x94\xe2lG\x00\x00\x00\xae3 \xe9_l\
;\xf4\x0f\x96\xe5y\xba\xaabK\xc0\xe9\x86\x80d@\
\x00\x00\x18\xb0\xe3\xe1',\x8d\x5c\xa6\xef\xcb\x92>/\
\xa9\xd0\xd9\x8e\x00\x00\x00\xe2\xc6yI\xffS\xd2\xdfW\
Uly\xdb\xe9f\x80DF\x00\x00D`\xc7\xc3O\
\xe4I\xfa}I_\x954\xdf\xe1v\x00\x00\x00\xe2\xdd\
!I?\x92\xf4\xdf\xaa*\xb6\xf8\x9dn\x06H4\x04\
\x00\xc08\xecx\xf8\x89bI\x7f(\xe9[\x92\xf2\x1c\
n\x07\x00\x00 \xd1\xb4H\xfa+I\xbb\xd9+\x000\
\x87\x00\x00\x18\x83\x1d\x0f?1Y\xd2w5\xf2\xae\x7f\
\x96\xc3\xed\x00\x00\x00$\xbaNI\x8fJ\xfa\xdb\xaa\x8a\
-mN7\x03\xc4;\x02\x00 \x0c;\x1e~b\xa6\
\xa4\xefI\xfa\x9a\xa44\x87\xdbqT0\x18P0\x10\
T \x18P0\x10P \x10P0\xf8\xc1\xbf\xc1@\
\xe0\xc3\xf7\x05\xc2\xdb\xd3\xc7\x1e\xe5\xbf\xc2\xbdk\x0c_\
b\xe6(\xfb\xaa\xff\x11^\xe5H\x874Q\xf0C\x87\
\x8f\xfd\xf80\xff\x17\x84U\xc1\xe8\xf7\xcd\xc0\xd5\xa6\xc3\
{l\xe1\x0d\x14\xf6\xcf\xf7\xd8\x8b\x8d\xaf\xc48\xbe\xd7\
Wk\x22\xe2v\xc2.\x10\xde\xf7z\x1c\xcfD\x83G\
\x8cvPdOx\xdb\xc47\xfe\xca\xa5?\xe2\x0b\xcd\
\xfd\xacD\xf1\xe9:J\xbdH\x07\x8d\xde\xdf\xa3\x94\xd4\
T\xa5\xa4\xa4(%%U)\xbe\x14\xf9R\xde\xfb\xef\
+\x7f\xec\xf3%\xfd\x9e\xc2}\x92\xf6H\xfa\xcb\xaa\x8a\
-MN7\x03\xc4+\x02\x00`\x14\xe5\x95\xfb\xca<\
\x1e\xcf\x83\x92~G\x92\xcf\xe9~\xa2)0<,\xbf\
\xbfO}\xbd=\xf2\xfb\xfb\xe4\xf7\xf7j`\xa0_\xc1\
@P\xc1\x8bN\xf2\xdf\x13\xf6\x89h\x98/\xb2\x22\x0f\
\x00\xc2<!\x89\xf4\xf8\xab\xd6\x8a4\x00\x18\xcf\x89\xe4\
\xa5w~t\x8dH\x8f\xbf\xbc\xde\xd8\xbf\xd7\x97V\xb8\
\xe2\xe1\xe3\xf8&Dz\xfc\xa8\xf7D\x1a\x00D\x98\x94\
|\xf8\xf0\xc8O\x97\x22\x0e\x00\xecq<_>\x5c\xe0\
J\xa5\xc2>f\xb4OG\x1c\x00\x5c\xf5G:F\xc7\
_\xb5\xd6x\x8e7\x10\x87\x5c\xa5F\xf8\xddD\x1a\x00\
D\xe9\xefI\xd8\x7ff\xa2\xf8\xf7\xe8\xaa\xb5\xae|\x94\
eY\xf2\xbe\x17\x18\x5c\xf87++G\xb9y\xf9\x9a\
=g\xber\xf3\x0a\xc2\x1d-\xde\x0djd\x8f\x80\xbf\
\xa8\xaa\xd8R\xebt3@\xbc!\x00\x00\xae`\xc7\xc3\
O,\x93\xb4M\xd2g$y\x1cn\xc7(\x7f\xdf\xc8\
\xc9\xfd\xfb\xff\xfa\xfb\xe4\xef\xeb\xd3\xd0\xd0\xe0E_\xe5\
\xd2\x17l\xa3\xdeE\x00@\x00\x10\xd9\xf1\xa3\xdeC\x00\
pi\x81\x0f>\x1c_\x81+\x95\x0a\xfb\x98\xd1>M\
\x00p\xf1\xf1\x04\x00\x89\x14\x00\x8cv\xcf\x9ak7h\
\xe1\xe2k.\xffz\x03\xbf/\x5c, \xe9\xef%\xfd\
YU\xc5\x96\x93N7\x03\xc4\x0b\x02\x00\xe0\x22;\x1e\
~b\xad\xa4\xed\x92\xeeq\xba\x97Huwu\xaa\xb7\
\xb7[\xfd\x17N\xf0\xfd\xfe^\xf5\xfb\xfd\xef\xbf\x18\x88\
\xf4\x05\x17\x01\xc0\xa5_H\x00@\x000\xca(\x04\x00\
\x97\x16\xb8R\xa9\xb0\x8f\x19\xed\xd3\x04\x00\x17\x1fO\x00\
\x90\xec\x01\xc0\xa8C&N8\x10\x92\xf4\x13I\x7fZ\
U\xb1\xe5\xb0\xd3\xcd\x00nG\x00\x80\xa4\xb7\xe3\xe1'\
,I7j\xe4\xc4\xff6\x87\xdb\x197\xbf\xbfO\x1d\
m\xadjooQG{\x9b\x82\xc1\x0b\xd3\xf5\xa3\xf4\
\x82\x8b\x00\xe0\xd2/$\x00 \x00\x18e\x14\x02\x80K\
\x0b\x5c\xa9T\xd8\xc7\x8c\xf6i\x02\x80\x8b\x8f'\x00 \
\x00\x08_\x82\x04\x02\xff&\xe9\xfbU\x15[^w\xba\
\x11\xc0\xad\x08\x00\x90\xd4v<\xfc\xc4R\x8d\xec,\xbb\
\xd1\xe9^\xc6\xaa\xbf\xdf\xaf\xf6\xb6Vuv\xb4\xa9\xa3\
\xbdM\xc3\xc3C\x17\xdd\x1b\xfd\x17\x5c\x04\x00\x97~!\
\x01\x00\x01\xc0(\xa3\x10\x00\x5cZ\xe0J\xa5\xc2>f\
\xb4O\x13\x00\x5c|<\x01\x00\x01\xc0\xf8\xc5y \xf0\
\x1f\x92\xbe]U\xb1\xe5\x94\xd3\x8d\x00nC\x00\x80\xa4\
\xb4\xe3\xe1'r$UJ\xfa\x7f%y\x1dn',\
\x03\xfd\xfd\xea\xe8h{\xff\x84\x7fpp`\x94\xaf&\
\x00\x88\xda\xf1W\xadE\x00@\x000\xca(\x04\x00\x97\
\x16\xb8R\xa9\xb0\x8f\x19\xed\xd3\x04\x00\x17\x1fO\x00@\
\x00`N\x1c\x06\x02\x83\x92\xfeL\xd2\x9fWUl\xe9\
w\xba\x19\xc0-\x08\x00\x90Tv<\xfc\x84e\xdb\xf6\
g-\xcb\xfa+IS\x9c\xeeg4CC\x83\xeal\
o\x1b9\xe9ooS\x7f\xbf\xdfU/\xb8\x08\x00.\
\xfdB\x02\x00\x02\x80QF!\x00\xb8\xb4\xc0\x95J\x85\
}\xcch\x9f&\x00\xb8\xf8x\x02\x00\x02\x80\xe8\x89\xa3\
@\xe0\xb4\xa4oVUl\xf9\x85\xd3\x8d\x00n@\x00\
\x80\xa4q\xe1\x92~\x8fI\xba\xd5\xe9^F\xd3\xd4X\
\xaf\xd6\xe6&\xb5\xb6\x9c\xbf\xec>7\xbd\xe0\x22\x00\xb8\
\xf4\x0b\x09\x00\x08\x00F\x19\x85\x00\xe0\xd2\x02W*\x15\
\xf61\xa3}\x9a\x00\xe0\xe2\xe3\x09\x00\x08\x00b#N\
\xc2\x80\x9fjdY\xc09\xa7\x1b\x01\x9cD\x00\x80\x84\
\xb7\xe3\xe1\xfd\x99\x92\xb6J\xfa\x9e\xa4T\x87\xdb\xb9\xa2\
\x8e\xf66\x9dojPkK\xb3\x02\x1fZ\xcb\xffa\
nz\xc1E\x00p\xe9\x17\x12\x00\x10\x00\x8c2\x0a\x01\
\xc0\xa5\x05\xaeT*\xeccF\xfb4\x01\xc0\xc5\xc7\x13\
\x00\x10\x00\xc4\x9a\xed\xf60\xc0\xaf\x91%\xa0\x7fSU\
\xf1\xf5\xab\xbf\xe0\x02\x12\x18\x01\x00\x12\xda\x8e\x87\xf7\xdf\
\xad\x91M\xfeJ\x1dn\xe52}}\xbd\xef\x9f\xf4\xfb\
\xfbz?\xb8\xc3\xc4\x0b6\x02\x80\xe8\x1d\x7f\xd5Z\x04\
\x00\x04\x00\xa3\x8cB\x00pi\x81+\x95\x0a\xfb\x98\xd1\
>M\x00p\xf1\xf1\x04\x00\x04\x00Nru\x18pD\
\xd2\x1fTU|\xfd7N7\x02\xc4\x1a\x01\x00\x12\xd2\
\x8e\x87\xf7\x97J\xfa[I\xf78\xdc\xca\x87\x04\x02\xc3\
j>\xdf\xa4\x96\xe6&u\xb4\xb7]\xf9\x8b\x08\x00F\
?\x88\x00`\x94;\x09\x00\x229~\xd4{\x08\x00.\
-\xf0\xc1\x87\xe3+p\xa5Ra\x1f3\xda\xa7\x09\x00\
.>\x9e\x00\x80\x00\xc0\x0dl\xd9\xb6d\xdb!Y\x96\
\xebN=\xfeQ\xd2\x9fTU|\xbd\xc9\xe9F\x80X\
q\xdd\xb3\x10\x88\xc4\x8e\x87\xf7\xa7I\xfa\xae\xa4rI\
\x19\x0e\xb7\xf3\xbe\xe6\xf3\x8djinRK\xf3\xe5\xeb\
\xfa/C\x000\xfaA\x04\x00\xa3\xdcI\x00\x10\xc9\xf1\
\xa3\xdeC\x00pi\x81\x0f>\x1c_\x81+\x95\x0a\xfb\
\x98\xd1>M\x00p\xf1\xf1\x04\x00\x04\x00\xeeQs\xe6\
\x94\xce\x9c>\xa1\xd9s\xcb4}\xc6,\xa7\xdb\xb9X\
\xb7\xa4\xed\x92\xf6TU|=\xe8t3@\xb4\xc5\xc5\
\xe5\xcf\x80p\x94W\xee\xbbU\xb2\x9e\x94\xf4YI)\
N\xf7\xe3\xf7\xf7\xe9\xec\xe9S:~\xf4\xb0\x9a\x1a\xeb\
\xe5\xef\xebs\xba%\x00\x00\x90\x80\xa6N\x9b\xa9\x09\x13\
'9\xdd\xc6\xa8:;\xdat\xf0\xcdWu\xa6\xfa\x84\
\xaaO\x1cS_o\xafrr\xf3\x94\x9a\x9a\xeetk\
i\x92\xee\x92\xb4y\xe3\xa6\xcd\x07\x9f\x7f\xee\xc9z\xa7\
\x1b\x02\xa2\x89\x19\x00\x88{\x15U\xfb\x0b$=&\xe9\
~\xa7{\x91F\xd6\xf6\xd7\xd7\x9eUS\xe3\xc8\xdf\x8f\
1\xbfk\xc3\x0c\x80\xd1\x0fb\x06\xc0(w2\x03 \
\x92\xe3G\xbd\x87\x19\x00\x97\x16\xf8\xe0\xc3\xf1\x15\xb8R\
\xa9\xb0\x8f\x19\xed\xd3\xcc\x00\xb8\xf8xf\x000\x03\xc0\
=\xce\x9e>\xa9_?\xf3\xf3\xcb>?\x7f\xc1\x12-\
X\xb4L\xf9\x05E\x0etu\x19[\xd2>I\x7f\xfc\
\xf0\x8e\xaf\xf3\xce\x0d\x12\x123\x00\x10\xd7*\xaa\xf6\xaf\
\x95\xf4\x8c\xa4\x0dN\xf7\xd2\xdb\xdb\xa33\xd5't\xf2\
\xd8\x11\xf5\xf6\xf68\xdd\x0e\x00\x00H\x12\xf11\x03\xa0\
]g\xcf\x9c\xbc\xec\xf3m\xad\xcd:~\xf4\x1d\xf5\xf6\
\xf5(77O\xe9\x19\x99\x0et\xf7>K\xd2jI\
\xf7n\xdc\xb4\xf97\xcf?\xf7d\x8b\x93\xcd\x00\xd1@\
\x00\x80\xb8TQ\xb5\xdf\xda\xb8i\xf3\x1fI\xfa\xb1\xa4\
B'{\xe9\xed\xe9\xd6\xe9\xea\xe3:u\xe2\xa8\xfa8\
\xf1\x07\x00\x001\x16\xcf\x01\xc0{\xda\xdbZF\x82\x80\
\x9e.e\xe7\xe4*#3+\x86\xdd]f\x82\xa4\xdf\
\xbb\xf1\xa6\xbb\x1b\x9e\xff\xf5\xcf\x0e:\xd9\x08`\x9a\xcf\
\xe9\x06\x80\xb1\xaa\xa8\xda_(\xe9\xff\x93\xc3;\xfc\xf7\
tw\xa9\xee\x5c\x8dZ\x9a\x1b\x9dl\x03\x00\x00 a\
T\x9f:\xa6\xea\x93\xc74{N\x99\x16-]\xa1\xa2\
\xe2\x89N\xb5\x92aY\xd6\x7f\xaf\xa8\xda\x7f\x93\xa4o\
<\xbc\xe3\xeb\xbd\x1fu\x00\x10\x0f\x98\x01\x80\xb8RQ\
\xb5\x7f\x9d\xa4\xff\x94\xb4\xd6\xa9\x1e\xdaZ\x9bU}\xf2\
\xa8\xce\x9c>)\x7f\x1f\x7f\x0b\x00\x00\x80\xb3\x12a\x06\
\xc0\xa5::\xdat\xe2\xd8auwu(+;G\
\x99Y\xd9Q\xecnT\xd7H\xba\xef\xc2\x92\x80f\xa7\
\x9a\x00La\x06\x00\xe2BE\xd5~\xcb\xb6\xed\xefJ\
\xfa\x81\x1c\xfa\xb9minRC}\xad\xba:;\x9c\
\x18\x1e\x00\x00 \xe9\x9c\xa9>\xa13\xd5'4e\xda\
L-\x5c\xb4L\xd3\x9c\xb9\x84\xe0\x02I\xafUT\xed\
\xff\x96\xa4\xff\xfe\xf0\x8e\xafG\xbe\x1b+\xe0\x10f\x00\
\xc0\xf5*\xaa\xf6\x17I\xfa\x89eY\xdf\x94\xe4\x89\xf5\
\xf8\xedm-:v\xe4\x90\xea\xebj580\x10\xeb\
\xe1\x01\x00\x00F\x95\x883\x00.\xd5\xd3\xdd\xa53\xd5\
'\xd4\xd4P\xa7\xf4\xf4\x0c\xe5\xe6\x15\x18\xec.,)\
\x1aY~:g\xe3\xa6\xcdO?\xff\xdc\x93C\xb1n\
\x000!\xe6'S\xc0XTT\xed_/\xe9-I\
w\xc7z\xec\xde\x9en\x1d;rH\x87\x0f\xbd\xa9\x9e\
\x9e\xeeX\x0f\x0f\x00\x00\x80K\x9co\xaa\xd73\xbfz\
R\xbfy\xf6)uu92+\xf3K\x92\xde\xa8\xa8\
\xda\xbf\xcc\x89\xc1\x81H\xb1\x04\x00\xaeTQ\xb5\xdf#\
\xe9\xbd)\xff1\x9f\xa9R{\xb6Z5g\xaa\xc7w\
\xdde\x00\x00\x00D\xd5\xd9\xd3'T{\xb6Z\xab\xd6\
\xae\xd7\xa2%+b=|\x99\xa4W\xcb+\xf7\xfd\xa1\
eYO\xb0$\x00\xf1\x84\x19\x00p\x9d\x8a\xaa\xfd\xc5\
\x92\x9e\x94\xf4\x17\x8a\xf1\xc9\x7f[k\x8b\x0e\xbc\xfa\x92\
j\xceT\xc7rX\x00\x00\x00\x8cQ(\x14\xd4\xeb\xaf\
\xbc\xa0\x9f\xfd\xeb\x8f\xd5P_\x1b\xeb\xe1\xd3-\xcb\xda\
'\xe9\x1f+\xaa\xf6\xe7\xc4zp`\xbc\x08\x00\xe0*\
\x15U\xfbo\xd0\xc8\x94\xff\xbbb9\xae\xbf\xafWG\
\x0f\xbf\xad#\xef\xbc%\xbf\xbf/\x96C\x03\x00\x00 \
\x02m\xad\xcd\xfa\xd5/\xfeE/=\xff\xb4\xfa\xfaz\
b=\xfc\xfd\x1aY\x12pM\xac\x07\x06\xc6\x83\x00\x00\
\xaeQQ\xb5\xff\xf7$\xfdZ\xd2\xb4X\x8e[w\xee\
\xac\xde|\xfde\xb5\xb6\x9c\x8f\xe5\xb0\x00\x00\x000\xe8\
\xe4\x89#\xfa\xb7\x7f\xfe\x9f:~\xec\x9dX\x0f=_\
\xd2+\x15U\xfb\xef\x8d\xf5\xc0\xc0Xq\x15\x008\xae\
\xa2j\xbf\xb5q\xd3\xe6\x87$=\xaa\x18\x86R\x1d\xed\
\xad:\xfa\xee\xdbj>\xdf(\x96\xfa\x03\x00\x80x\x95\
\x0cW\x01\x08W0\x18T]\xed\x19\xd5\xd7\xd5(7\
7_\xd99\xb9Q\x1f\xf3\x02\x9f\xa4\xcfn\xdc\xb4\xb9\
\xe1\xf9\xe7\x9e|3V\x83\x02cE\x00\x00G]\xd8\
\xec\xef\xaf$\x95\xc7j\xcc\x81\x81~U\x9f<\xae3\
\xa7Ohx\x88+\xb8\x00\x00\x80\xf8F\x00p9\x7f\
_\xafN\x9d<\xaa\x81\xfe\x01M\x9c4Y^oL\
\xf6>\xb7$\xdd\xb3q\xd3\xe6\xc0\xc6M\x9b_|\xfe\
\xb9'c1&0&\x04\x00pLE\xd5\xfeTI\
\x7f'iK\xac\xc6l\xa8?\xa7\xa3\xef\x1eT/\x97\
\xf5\x03\x00\x00\x09\x82\x00\xe0\xeaZ[\xce\xeb\xec\x99\x93\
\xca\xc9\xcdU^^A\xac\x86\xbdYR\xe1\xc6M\x9b\
\x7f\xf9\xfcsO2\xcf\x14\xae\xc2\x1e\x00pDE\xd5\
\xbel\xc9\xfew\xc9\xbe\x7fd\xfe}to\xc1`@\
G\xdf=\xa8\xea\x93G\x15\x0c\x06c\xf7@\x01\x00\x00\
\xe0\xa8\x9e\xee.=\xf3\xcb'\xf5\xc2\xaf\x7f\xa9`0\
\xa0X\xbc\xf6\x94\xecoI\xf6\xff\xaa\xa8\xda\x97\x16\xab\
\xc7\x09\x84\x83\x00\x001WQ\xb5\xafX\xd23\x92\xee\
\x88\xc5x\xedm\xadz\xeb\xc0+jmi\x8e\xc5p\
\x00\x00\x00p\xa1\xea\x93\xc7\xf4\xe4\xbf\xfcX\xe7\x1b\xeb\
c5\xe4\xe7$\xfd\xac\xa2j\x1f\x97\x09\x84k\x10\x00\
 \xa6*\xaa\xf6\xcd\x94\xf4\xa2\xa4\xb5\xb1\x18\xef\xcc\xe9\
\x93z\xf7\x9d\xb7\xd4\xef\xf7\xc7b8\x00\x00\x00\xb8X\
gG\x9b~\xf1\xb3\x7f\xd6\xc17_\x8d\xd5\x90\xb7J\
z\xb6\xa2j\xdf\xc4X\x0d\x08\x8c\x86\x00\x001SQ\
\xb9o\x89l\xfdV\xb6\xca\xa2=\xeb*\x18\x08\xea\xe8\
\xbb\x87TW{6v\x0f\x10\x00\x00\x00q\xe1\xe0\x81\
W\xf5\xc2s\xbfR0\x10\x8c\xc5\x8a\x80\xd5\xb2\xf5\xe2\
\xb6\x1d\xbbg\xc7\xee\x11\x02WF\x00\x80\x98\xa8\xa8\xdc\
w\x83\xa4\x17$M\x89\xf6X\xed\xed\xadz\xeb\xc0\xab\
L\xf9\x07\x00\x00\xc0UU\x9f:\xa6'\xff\xf5\xc7j\
j\xac\x8b\xc5p\xf3\xbc^\xefK\x15\x95\xfb\x96\xc5b\
0\xe0j\x08\x00\x10u\xe5\xbb\xf6\xde#\xe9iI\xf9\
\xd1\x1e\xeb\xec\xe9\x93z\xf7\x9d\x83\xea\xefg\xca?\x00\
\x00\x00F\xd7\xd9\xd1\xa6\xa7\xfe\xe3\xa7z\xeb\xc0+\xb1\
\x18n\x92\xa4\xe7\xb7\xef\xdc\xb31\x16\x83\x01WB\x00\
\x80\xa8*\xaf\xdc\xf7{\xb2\xac\x9f\xdaRz4gV\
\x05\x82\x17\xa6\xfc\x9f\xab\x89\xe1\xa3\x03\x00\x00@\x22x\
\xfb\xadW\xf5\xfcsO)\x10\x0cF{E@\x9e\xe5\
\xf1\xfc\xb2\xbcr\xdf\xbd1|x\xc0\xfb\xbcN7\x80\
\xc4T^\xb9\xcf\xbaq\xd3\xe6\x87$=\xaa(\x07M\
\x1d\xed\xad:\xf6\xee!uwwFs\x18\x00\x00\x00\
W\x9a:m\xa6&L\x9c\xe4t\x1b\xa3\xea\xech\xd7\
\xd93'\x9dncT\x1d\x1dm\xaa={Jy\xf9\
\x85\xca\xc9\xc9\x8b\xe6P>I\x9f\xbdq\xd3\xe6\x86\xe7\
\x7f\xfd\xb37\xa39\x10p)f\x00 Z\x1e\x92\xf4\
\x83h\x0fr\xf6\xf4I\x1d9\xcc\x94\x7f\x00\x00\x00D\
\xae\xb3\xb3]\xbf\xfc\xf9O\xf5\xd6\x81\x97\xa3=\x94G\
\xd2\x13\xe5\x95\xfb\x1e\x88\xf6@\xc0\xc5\x08\x00`\x5cy\
\xe5\xbe\xafI\xfa\xd3h\x8e\x11\x0c\x06u\xec\xc8!\xd5\
\xd71\xe5\x1f\x00\x00\x00f\xbd\xfd\xd6kz\xf1\xf9\xa7\
c1\xd4\xbe\xf2\xca}\x9f\x88\xc5@\x80D\x00\x00\xc3\
\xca+\xf7\xdd#i\x7f4\xc7\xe8\xf7\xf7\xe9\xd0\xc1\xd7\
\xd5\xd6\xca.\xff\x00\x00\x00\x88\x8eS'\x8e\xe8\xd9\xa7\
\x7f\xa6\xe1\xa1\xa1h\x0e\xe3\x91\xf4\xe3\xf2\xca}\x1b\xa2\
9\x08\xf0\x1e\x02\x00\x18s\xe1\x17\xd7O\x14\xc5\x9f\xab\
\xae\xce\x0e\xbd\xf3\xf6\x01\xf9\xfbz\xa35\x04\x00\x00\x00\
 I\xaa=[\xad\xff\xf8\xf7\x9f\xa8\xa3\xa3-\x9a\xc3\
\xa4Kz\xb2\x9cK\x04\x22\x06\x08\x00`Dy\xe5\xbe\
\xa5\x92\xfe]#\xbf\xc0\xa2\xa2\xb5\xe5\xbc\x0e\x1f:\xa0\
\xe1\xe1\xa8\xa6\xb0\x00\x00\x00\xc0\xfb:;\xda\xf5\xd4\xcf\
\xfe\xaf\x1a\xeb\xcfEs\x98<IOm\xdd\xb1{v\
4\x07\x01\x08\x00\x10\xb1\xf2\xca}3%=%)?\
Zc45\xd6\xeb\xf8\xd1w\xa2U\x1e\x00\x00\x00\xb8\
\xaa\xc1\x81\x01\xfd\xf2\xe7?\xd5\xe9\xea\xe3\xd1\x1cf\xb2\
\xd7\xeb}\xaa\xbcr\xdf\xc4h\x0e\x82\xe4F\x00\x80\x88\
\x94W\xee\x9b \xe9W\x92\xa6Dk\x8c\xc6\xfas\xaa\
>y4Z\xe5\x01\x00\x00\x80\xb0<\xff\xecS\xd1~\
Sj\x9e\xa4\xff(\xaf\xdc\x97\x13\xcdA\x90\xbc\x08\x00\
0n\xe5\x95\xfb\xb2%\xfd\x87\xa4\xf9\xd1\x1a\xa3\xee\xdc\
\xd9h'\xad\x00\x00\x00@\xd8^~\xf1Y\x1d9\xfc\
V4\x87X-\xe9\xa7\xe5\x95\xfbR\xa39\x08\x92\x13\
\x01\x00\xc6\xe5\xc2/\xa4\x7f\x96\xb4&Zc\xd4\x9c\xa9\
V\xcd\x99S\xd1*\x0f\x00\x00\x00\x8c\xcbk/?\xaf\
Co\xbd\x16\xcd!n\x95\xf4w\xe5\x95\xfb8_\x83\
Q\xfc@a\xcc.\xfc\x22\xfa\x1f\x92n\x8f\xd6\x18\xd5\
\xa7\x8e\xab\xee\xdc\xd9h\x95\x07\x00\x00\x00\x22\xf2\xe6\x1b\
/\xeb\xc0k/Es\x88\xcfK\xfa\x9b\xf2\xca}V\
4\x07Ar!\x00\xc0\x98\x5c\xf8\x05\xf4W\x92\xbe\x10\
\xad1N\x9e8\xa2\xa6\x86\xbah\x95\x07\x00\x00\x00\x8c\
x\xe7\xed7\xf4\xf2\x8b\xcfFs\x88oI\xda\x1a\xcd\
\x01\x90\x5c\x08\x000F\xf6\x83\x92\xfd\x87\x92-\xd3\xb7\
`0\xa0cG\x0e\xa9\xb9\xa91\xb6\x0f\x09\x00\x00\x00\
\x18\xa7\xe3G\xdf\xd1\x8b\xbf\xf9\x95\xa2\xf1\xfa\xf8\xc2\xed\
\xfb\xe5\x95{\x1f\x88\xe1CB\x02#\x00@\xd8\xca+\
\xf7~U\xd2\x0f\xa2Q;\x18\x0c\xe8\xd0\xc1\x03jk\
m\x89Fy\x00\x00\x00 jN\x9d8\xa2g\x9f\xfe\
Y4\x87\xd8W^\xb9\xf7\xdeh\x0e\x80\xe4@\x00\x80\
\xb0\x94W\xee\xdd i\x7f\xb4\xea\x9f<~T\xfe\xbe\
\xdeh\x95\x07\x00\x00\x00\xa2\xaa\xf6l\xb5^\xfc\xcd\xd3\
\xd1*\xef\x91\xf4O\xe5\x95{\x97Ek\x00$\x07\x02\
\x00|\xa4\xf2]{'\xc8\xd6\x8fe\xcb\x1b\x8dYM\
\xa7\x8e\x1f\xe5\x9d\x7f\x00\x00\x00\xc4\xbdS'\x8e\x8c\xec\
\x09\x10\x9d\xd5\x00\xe9\xb2\xf5\xbf\xcbw\xed\xcd\x8e\xe9\x83\
BB!\x00\xc0\xa8\xcaw\xed\xf5H\xfa{IS\xa2\
Q\xff\xf4\xa9\xe3j>\xcf\x9a\x7f\x00\x00\x00$\x86\xe3\
G\xdf\xd1\x81\xd7\xa3vu\x802I{\xcaw\xed\xe5\
\xca\x00\x18\x17\x02\x00|\x94\xefI\xba3\x1a\x85k\xce\
V\xab\xa9\xb1>\x1a\xa5\x01\x00\x00\x00\xc7\xbc\xf3\xf6\x1b\
:t\xf0\xb5h\x95\xff\x92\xa4\xafF\xab8\x12\x1b\x01\
\x00\xae\xaa|\xd7\xde\x1b$=\x12\x8d\xdau\xe7jT\
\x7f\xae&\x1a\xa5\x01\x00\x00\x00\xc7\xbd\xf9\xc6\xcb:r\
\xf8\xadh\x95\x7f\xac|\xd7\xde\xa5\xd1*\x8e\xc4E\x00\
\x80+\xda\xbeko\xb1-\xfd\xd8\x96\xbc\xa6\x97/5\
4\x9cS\xed\xd9\xea\xd8> \x00\x00\x00 \xc6^{\
\xe5y\x1d;\xf6N4\xb6\x04H\xb7\xa5\xff\xbd\x9d\xfd\
\x000F\x04\x00\xb8\xcc\xf6\x91u\xff\x7f'i\xaa\xe9\
\xda\xe7\x9b\x1at\xf6\xf4I\xd3e\x01\x00\x00\x00Wz\
\xf9\xc5gu\xa6\xfaD4J/\x90\xf4x4\x0a#\
q\x11\x00\xe0J\xfeX\xd2]\xa6\x8b\xb6\xb5\x9e\xd7\xe9\
S\xc7L\x97\x05\x00\x00\x00\x5c\xed7\xcf\xfdB\x8d\x0d\
\xe7\xa2Q\xfa\xcb\xdbv\xee\xf9\xbdh\x14Fb\x22\x00\
\xc0\x87l\xdf\xb5w\xbd\xa4?5]\xb7\xab\xabC'\
\x8e\xbdk\xba,\x00\x00\x00\x10\x17~\xfd\xcc\xcf\xd5\xd9\
\xd1f\xbc\xaeeY\x8fo\xdf\xb5w\xb1\xf1\xc2HH\
\x04\x00x\xdf\xf6]{\x8b$\xfdD\x92\xd7d\xdd~\
\x7f\x9fN\x1e;l\xb2$\x00\x00\x00\x10W\x06\x07\x07\
\xf4\xebg~\xa1\xe1\xa1!\xd3\xa534\xb2\x1f@\x96\
\xe9\xc2H<\x04\x00\x90\xf4\xa1u\xff\xd3L\xd6\x0d\x06\
\x83:q\xfc]\x0d\x0f\x0f\x9b,\x0b\x00\x00\x00\xc4\x9d\
\xce\x8e6\xbd\xf0\x9b_E\xa3\xf4\x22I\x8fE\xa30\
\x12\x0b\x01\x00\xde\xf3\x1dI\x1f7]\xf4\xd4\x89#\xf2\
\xf7\xf5\x9a.\x0b\x00\x00\x00\xc4\xa5\xda\xb3\xd5z\xf17\
OG\xa3\xf4\xefn\xdf\xb5\xf7+\xd1(\x8c\xc4A\x00\
\x00m\xdb\xb9g\xbd\xa4?3]\xb7\xe6\xcc)\xb5\xb7\
\xb5\x98.\x0b\x00\x00\x00\xc4\xb5S'\x8e\xe8\xad\x03\xaf\
D\xa3\xf4\xee\xed\xbb\xf6.\x8aFa$\x06\x02\x80$\
\xb7}\xd7\xdeB\xcb\xb2~,\xc3\xeb\xfe;\xda\xdb\xd4\
P\x1f\x95\x9dN\x01\x00\x00\x80\xb8\xf7\xf6\x9b\xaf\xaa\xa9\
\xa1\xcet\xd9L\x8d\xec\x07\x90i\xba0\x12\x03\x01\x00\
\xf6J\x9an\xb2`0\x18\xd4\xd93'M\x96\x04\x00\
\x00\x00\x12\xce+\xbf}N\xc1`\xd0t\xd9\xc5\x92\xfe\
\xc2tQ$\x06\x02\x80$\xb6}\xd7\xde;$}\xc6\
t\xddS'\x8ej\xa0\xbf\xdftY\x00\x00\x00 \xa1\
tv\xb4\xeb\xa5\xe7\xff3\x1a\xa5\xff`\xeb\x8e\xddk\
\xa2Q\x18\xf1\x8d\x00 Im\xdf\xb57]Q\xd8)\
\xb4\xe6L5\xeb\xfe\x01\x00\x00\x800\x9d>uL\x07\
\xdf4\xbe\x1f\x80\xe5\xf1xvo\xdf\xb5\xd7\xe82_\
\xc4?\x02\x80\xe4\xf5=IsM\x16\x1cY\xf7_k\
\xb2$\x00\x00\x00\x90\xf0\x0e\x1exE\xe7\x1b\xebM\x97\
]-i\x8b\xe9\xa2\x88o\x04\x00Ih\xfb\xae=s\
${\x9bd\xcb\xd4-\x18\x0c\xb0\xee\x1f\x00\x00\x00\x18\
\xa7\x97_zV\xc1`@&_\xa3K\xf6\x0f\xb6\xef\
\xda31\xb6\x8f\x04nF\x00\x90d\xb6\xef\xdacI\
\xfa\xa1\xa44\x93uO\x9d8\xc6\xba\x7f\x00\x00\x00`\
\x9c:;\xda\xf4\xdb\x17\x8c\xef\x07\x90/\xe9\xcfM\x17\
E\xfc\x22\x00H>\xf7J\xba\xcbd\xc1\x9a\xb3\xac\xfb\
\x07\x00\x00\x00\x22U}\xf2\x98\xde~\xf35\xd3e\x7f\
w\xfb\xae=\x1bL\x17E|\x22\x00H\x22\xdbw\xee\
\xc9\x92\xad\xbf59\xab\xa8\xb3\xbdM\x0du\xe7b\xfd\
P\x00\x00\x00\x80\x84\xf4\xd6\x81\x97G\xf6\x030\xba\x12\
@\xbb\xb7\xef\xdc\x93\x12\xe3\x87\x02\x17\x22\x00H.\x15\
\x92\xa6\x9b*\x16\x0c\x06u\xf6\xcc)S\xe5\x00\x00\x00\
\x00Hz\xe5\xa5\xe7\x14\x0a\x05M\x96\x5c\x22\xe9[&\
\x0b\x22>\x11\x00$\x89\xed;\xf7,\x92\xf4]\x935\
\xabO\xb2\xee\x1f\x00\x00\x000\xad\xa3\xa3M/\xbd\xf0\
\x8c\xe9\xb2\x95\xdbw\xee\x99j\xba(\xe2\x0b\x01@\x12\
\xd8\xbes\x8f%\xe9qI>S5\x9b\x1a\xeaX\xf7\
\x0f\x00\x00\x00DI\xf5\xc9\xa3:W{\xdad\xc9l\
I\x7fe\xb2 \xe2\x0f\x01@r\xf8\x82\xa4\x9bL\x15\
\x1b\x18\xe8Wm\x8d\xd1_F\x00\x00\x00\x00.\xf1\xda\
+\xcfkhh\xd0d\xc9\xcfn\xdf\xb9\xe7v\x93\x05\
\x11_\x08\x00\x12\xdc\xf6\x9d{\xf2d8\xe9\xab\xab=\
\xa3P(d\xb2$\x00\x00\x00\x80K\xf4tw\xe9\xad\
7_1]\xf6\xb1\xed;\xf7\x18\xbd$8\xe2\x07\x01\
@\x82\xb3\xa5*[*1\xb5\x81hGG\x9bZ[\
\x9bc\xfd0\x00\x00\x00\x80\xa4t\xe4\xf0A55\xd5\
\x9b\xbc(\xc0<[\xfa\x93X?\x0e\xb8\x03\x01@\x02\
\xdb\xb6s\xcf\x0aI\xdf4Y\x93\xa9\xff\x00\x00\x00@\
l\xbd\xf1\xdaK\xa6Kn\x7f\xb0\xfc\xb1\xd9\xa6\x8b\xc2\
\xfd\x08\x00\x12\xd4\xb6\x91\x8d\xff\x1e\x95\xc1\xefqC]\
\xad\xfa\xfd}\xa6\xca\x01\x00\x00\x00\x08CKs\xa3N\
\x1c;l\xb2d\xba\xd7\xebeC\xc0$D\x00\x90\xb8\
n\x91t\xbd\xa9b\xfe\xbe^\xd3\xbb\x90\x02\x00\x00\x00\
\x08\xd3\x81\xd7_\x92\xbf\xaf\xd7d\xc9Ol\xdb\xb9g\
\xb9\xc9\x82p?\x02\x80\xc4\xb5\xddd\xb1\x86\xfas&\
\xcb\x01\x00\x00\x00\x18\x83\xc1\xc1\x01\x1d|\xf3U\xd3e\
\xb7\x99.\x08w#\x00H@\xdbv\xee\xb9^\x06/\
\xfb\xd7\xd9\xd1\xae66\xfe\x03\x00\x00\x00\x1cu\xe2\xd8\
a5\x9a}c\xee\xd3\xdbv\xeeY`\xb2 \xdc\x8d\
\x00 1\x19{\xf7\xdf\xb6m\xd5\x9c=e\xaa\x1c\x00\
\x00\x00\x80\x08\x1cx\xdd\xe8\x86\x80\x96\xa4\xad&\x0b\xc2\
\xdd\x08\x00\x12\xcc\xb6\x9d\xbbWJ\xf6\xc7L]$\xa4\
\xfe\xdcY\x0d\xf4\xf7\xc7\xfcq\x00\x00\x00\x00\xb8\x5ck\
\xcby\x1d=|P\xc6.\x0a(\xfb\x8b\x0f\x96?\xca\
\x15\x01\x92\x04\x01@\xe21\xf6\xee\x7f_o\x8f\xea\xeb\
jM\x95\x03\x00\x00\x00`\xc0\x1b\xaf\xbf\xa4\xee\xeeN\
S\xe5\xbc^\xaf\xf7{\xa6\x8a\xc1\xdd\x08\x00\x12\xc8\xb6\
\x9d\xbb\x17K\xba\xcfT\xbd\xc6\x86:S\xa5\x00\x00\x00\
\x00\x18\x12\x0c\x04t\xf0\x80\xd1\x0d\x01\x7fo\xdb\xce\xdd\
SM\x16\x84;\x11\x00$\x16c\xebwF6\xfek\
1U\x0e\x00\x00\x00\x80A\xa7O\x1dS\xfd\xb9\xb3\xa6\
\xca\xa5J\xfa\xae\xa9bp/\x02\x80\x04\xb1m\xe7\xee\
9\x92\xbe`\xaa\xde\xb9\xda3\xa6J\x01\x00\x00\x00\x88\
\x82\xc3\xef\xbci\xb2\xdc\xefo\xdb\xb9{\x82\xc9\x82p\
\x1f\x02\x80\xc4\xf1\x90\x0c}?[[\x9a\xe5\xef\xeb3\
Q\x0a\x00\x00\x00@\x944\xd6\x9fSkK\x93\xa9r\
\x19\x92\xbem\xaa\x18\xdc\x89\x00 \x01l\xdb\xb9{\xba\
\xa4\xaf\x98\xaaw\xbe\xa9\xc1T)\x00\x00\x00\x00Q\xf4\
\xee\xa1\xb7L\x96\xfb\xe6\xb6\x9d\xbb\xf3M\x16\x84\xbb\x10\
\x00$\x86?\x91\x94b\xa2P{[\xabz{\xbaM\
\x94\x02\x00\x00\x00\x10egN\x9fPk\xcbyS\xe5\
r%}\xd3T1\xb8\x0f\x01@\x9c{\xa8\xe2\xd1I\
\x92\xb6\x98\xaa\xc7\xbb\xff\x00\x00\x00@|9\xf2\x8e\xd1\
Y\x00\xdf\xde\xb6sw\xb6\xc9\x82p\x0f\x02\x808\xe7\
\xb1\xbc\xdf\x96\xadt\xd9R\xa4\xb7\xce\xf6vuw\x19\
\xbb\x9e(\x00\x00\x00\x80\x188]}\x5c\xed\xad-\x11\
\x9f\x0f\x5c\xb8\x15\xd9!\xfb\xf7c\xfe \x10\x13\x04\x00\
ql\xdb\x8e\xdd\x85\x92\xbea\xaa\x1e\xef\xfe\x03\x00\x00\
\x00\xf1\xe9]\x83W\x04\xb0,\xeb\xbb\xdbv\xecN7\
V\x10\xaeA\x00\x10\xdf\xbe!\xc9\xc8\xf4\x9c\xbe\xde\x1e\
uv\xb6\x9b(\x05\x00\x00\x00 \xc6\xaaO\x1dSG\
{\xab\xa9r\x93dp\x93q\xb8\x07\x01@\x9c\xda\xb6\
c\xb7G\xd2WM\xd5kl\xac3U\x0a\x00\x00\x00\
\x80\x03L\xce\x02\x90\xf45\x93\xc5\xe0\x0e\x04\x00q*\
d\xdb\x1bl\xa9\xd4\xc42\x9f\xde\xbe^\xb5\xb5\xb6\xc4\
\xfc1\x00\x00\x00\x000\xe7\xd4\xc9\xa3jko5\xb4\
\x15\x80\xd6l\xdd\xb1{a\xcc\x1f\x04\xa2\x8a\x00 N\
Y\x96\xf5;\xa6j55\xf0\xee?\x00\x00\x00\x90\x08\
\x8e\xbd{\xd0d9c\xe7\x1cp\x07\x02\x808\xb4u\
\xc7\xee\x0cI\x9f1Q\xcb\xdf\xd7\xa7\xb6\xd6f\x13\xa5\
\x00\x00\x00\x008\xec\xe4\xf1w\xd5\xd3m\xec\xca^_\
\xda:\xb2\xf4\x18\x09\x82of\x1c\xb2m\xfb\x13\x92r\
M\xd4jb\xed?\x00\x00\x00\x90P\x8e\x1c66\x0b\
`\xba\xa4\x8d\xa6\x8a\xc1y\x04\x00q\xc8\xd4\xf4\xff\xbe\
\xbe^\xb5\xb6\x9c7Q\x0a\x00\x00\x00\x80K\x1c;\xf2\
\xb6\xfa\xfazL\x95\xfb\xb2\xa9Bp\x1e\x01@\x9cy\
\xb0\xfc\xd1I\x92\xee0Q\xab\xb9\xa9\xc1D\x19\x00\x00\
\x00\x00.s\xfc\xc8!S\xa5>\xbdu\xc7\xee,S\
\xc5\xe0,\x02\x808\xe3\xf1x>/\xd9^\x13\xfbz\
\x1a\xbcN(\x00\x00\x00\x00\x17\xa99{JF\xae\x05\
 ;\xdb\xb6C\x9f\x8cu\xff\x88\x0e\x02\x80\xf8cd\
\x0aNkK\xb3\x02\x81\x80\x89R\x00\x00\x00\x00\x5c\xa6\
\xbb\xabS\x0d\xf5\xb5Fj\x99\xbc\x02\x19\x9cE\x00\x10\
G\xb6\xeex|\xa9\xa4\x15&ju\xb4\xf1\xee?\x00\
\x00\x00\x90\xc8N\x9f<f\xaa\xd4\xad[w<>\xc5\
T18\x87\x00 \xbe\x18I\xde\x86\x87\x87\xd4\xd1\xd1\
f\xa2\x14\x00\x00\x00\x00\x97\xaa\xad9m\xaa\x94G\xd2\
\xfd\xa6\x8a\xc19\x04\x00qb\xeb\x8e\xc7\xbd\x92\xbeh\
\xa2VG;'\xff\x00\x00\x00@\xa2\x1b\x1e\x1e\xd2\xa9\
\x13GM\x95\xfb\xca\xd6\x1d\x8f[\xa6\x8a\xc1\x19\x04\x00\
\xf1\xe3fIF\xa6\xdd\xb0\xf9\x1f\x00\x00\x00\x90\x1cF\
6\x034b\x89\xa4kL\x15\x833\x08\x00\xe2\x87\x91\
\xcd\xff\xfc}}\xea\xee\xea4Q\x0a\x00\x00\x00\x80\xcb\
\xd5\xd5\x9e\x91\xbf\xaf\xd7T9#\xe7$p\x0e\x01@\
\x1c\xd8\xba\xe3\xf1lI\xf7\x99\xa8\xd5\xdaz\xdeD\x19\
\x00\x00\x00\x00q\xe2\x9c\xb9\xbd\x00\xee\xdf\xba\xe3q\x9f\
\xa9b\x88=\x02\x80\xf8p\x9f\xa4L\x13\x85:Y\xff\
\x0f\x00\x00\x00$\x15\x83\xcb\x00J$\xddf\xaa\x18b\
\x8f\x00 >\x18\xd9\xfc\xaf\xab\xb3]\x83\x83\x03&J\
\x01\x00\x00\x00\x88\x13\x8d\x0dujkm6U\xeeK\
\xa6\x0a!\xf6\x08\x00\x5cnk\xc5\xe3\xe9\xb2\xb5Q\xb6\
\x14\xe9\xad\xb5\xc5\xd8\x93\x1e\x00\x00\x00@\x1c\xa9>y\
4\xe2\xf3\x89\x0b\xb7\xdb\xb6Vp5\x80xE\x00\xe0\
~\xd7IJ\x8b\xb4\x88m\xdb\xea\xec`\xfa?\x00\x00\
\x00\x90\x8c\x0c\xee\x030A\xd2bS\xc5\x10[\x04\x00\
\xeew\xb3\x89\x22m\xad\xcd\x0a\x85B&J\x01\x00\x00\
\x00\x883\xbd\xbd=\xaa\xad\xa96R\xcb\xb6\xed[\x8c\
\x14B\xcc\x11\x00\xb8\x9f\x91\x00\xa0\xbd\xbd\xd5D\x19\x00\
\x00\x00\x00q\xeaL\xf5I#u,\xcb\xba\xc9H!\
\xc4\x1c\x01\x80\x8bm\xadx<[\xd2\xdaH\xeb\x0c\x0d\
\x0d\xaa\xab\xb3\xc3@G\x00\x00\x00\x00\xe2U\xcd\xd9j\
\x05\x03\x01\x13\xa5n\xdaZ\xf1\xb8\xd7D!\xc4\x16\x01\
\x80\x8b\xd9\xb6\xbdAR\xc4\xd7\xd9\xec\xee\xea4\xd0\x0d\
\x00\x00\x00\x80x\x16\x0a\x05\xd5\xd0p\xceD\xa9|I\
\xcb\x9d\x88$\xb9\x00\x00 \x00IDATM\x14B\
l\x11\x00\xb8\x99em2\xb1QgwwW\xcc[\
\x07\x00\x00\x00\xe0>\x8d\x8du\x86.\x06`f\xa92\
b\x8b\x00\xc0\xdd\x8c<\xa9z\xba\x99\x01\x00\x00\x00\x00\
@jj\xa83U\x8a\x00 \x0e\x11\x00\xb8\xd4C\x15\
\x8f\x17HZ\x19i\x9d\xc1\x81\x01\x0d\x0d\x0d\x19\xe8\x08\
\x00\x00\x00@\xbckok\x91\xbf\xaf\xd7D\xa9\x0d\x0f\
U<\x9ej\xa2\x10b\x87\x00\xc0\xb5\xec\x8d\x92mE\
:1\xa7\xbb\x9b\xcd\xff\x00\x00\x00\x00|\xa0\xa5\xb9I\
\x06\x16\x01dI\xf6\x9a\x987\x8f\x88\x10\x00\xb8\x97\xa1\
\xe9\xff\xac\xff\x07\x00\x00\x00\xf0\x81\xa6Fc\xcb\x006\
\x99*\x84\xd8 \x00p/#\x01@w\x17\x01\x00\x00\
\x00\x00\x80\x0f4\xb2\x0f@\xd2\x22\x00p\xa1\xefm\xff\
\xe1$I\x8b#\xad30\xd0\xaf@`\xd8@G\x00\
\x00\x00\x00\x12EWg\xbb\xa9}\x00\xd6?T\xf1X\
\x86\x89B\x88\x0d\x02\x00\x17\xf2x<7\x99\xa8\xd3\xdd\
\xc5\xee\xff\x00\x00\x00\x00.\xd7\xd4Xo\xa2L\x9a\xa4\
\xebL\x14Bl\x10\x00\xb8\x93\xa1\xe9\xff\x04\x00\x00\x00\
\x00\x00.gp\x1f\x00\x96\x01\xc4\x11\x02\x00w2\x13\
\x00\xb0\x01 \x00\x00\x00\x80+hb\x1f\x80\xa4D\x00\
\xe02\x0fU<6C\xd2\x9cH\xeb\xf4\xf5\xf6(\x14\
\x0c\x1a\xe8\x08\x00\x00\x00@\xa2\xe9\xe9\xe9RoO\xb7\
\x89Rk\x1f\xaax,\xc7D!D\x1f\x01\x80\xcb\xd8\
\xb6\xbd\xdeD\x1d.\xff\x07\x00\x00\x00`4\x8df\x96\
\x01x%\xad1Q\x08\xd1G\x00\xe02\x96e\x95\x99\
\xa8\xc3\xf4\x7f\x00\x00\x00\x00\xa31\xb8\x0c\xc0\xc89\x0c\
\xa2\xcf\xe7t\x03\xb8\x84\x1d\xf9\x93\xc7\xb6C\xcc\x00\x00\
\x00\x00\x000\xaa\xa6\x86s\x92m\xa4\x14\x01@\x9c`\
\x06\x80\xfbD\xfc\xe4\xe9\xed\xed\x95m\x9by&\x03\x00\
\x00\x00HL~\x7f\x9fz\xba\x8d\x5c9\x8c\x00 N\
\x10\x00\xb8\xc8C\xe5\x8fY\x92\xe6GZ\xa7\xdf\xdfg\
\xa0\x1b\x00\x00\x00\x00\x89\xae\xb5\xb5\xd9D\x19\x02\x808\
A\x00\xe0.S$eGZd`\xa0\xdf@+\x00\
\x00\x00\x00\x12]w\x97\x91\x19\x00\xa5\x0f\x95?\x96n\
\xa2\x10\xa2\x8b\x00\xc0El\xdb^`\xa2\x0e\x01\x00\x00\
\x00\x00\x80ptwu\x98(cI\x9ak\xa2\x10\xa2\
\x8b\x00\xc0E,CSg\x08\x00\x00\x00\x00\x00\x84\xa3\
\xa7\xa7\xdbT)\x96\x01\xc4\x01\x02\x007\xb1\xac\x88\xd7\
\xff\x87B!\x0d\x0d\x0e\x9a\xe8\x06\x00\x00\x00@\x82\xeb\
6\xb3\x09\xa0D\x00\x10\x17\x08\x00\xdc%\xe2'\xcd@\
\xbf\xdfD\x1f\x00\x00\x00\x00\x92\xc0\xe0@\xbf\xfc}\xbd\
&J\x19Y\xce\x8c\xe8\x22\x00p\x97\x88\x9f4\x03\x83\
\x03&\xfa\x00\x00\x00\x00\x90$\x0c\xcd\x02`\x06@\x1c\
 \x00p\x89\x87\xca\x1f\xcb\x9043\xd2:\x03\xfd\xac\
\xff\x07\x00\x00\x00\x10\xbe.3\x1b\x01\x96]\xb8\xac9\
\x5c\xcc\xe7t\x03\x18a\xcb\x9e\xab\x91\xdd3#20\
\xc0\x12\x00\x00\x00\x00\x00\xe1\xeb\xea\xec\x90-;\xd22\
y\x81\xc0p\x89\xa4&\x03-!J\x98\x01\xe0\x1eF\
\xa6\xcc\x0c\xb2\x01 \x00\x00\x00\x8010t)@\xf9\
|)\x11oj\x8e\xe8\x22\x00p\x0f3\x01\xc0\x00{\
\x00\x00\x00\x00\x00\x08\x1fW\x02H\x1e\x04\x00\xee\x11\xf1\
\x06\x80\xc3CC\x0a\x04\x86M\xf4\x02\x00\x00\x00 I\
\xf4tw\xc9\x0e\x85L\x94\xe2J\x00.G\x00\xe0\x1e\
\x11\xa7e\xfd\x03l\x00\x08\x00\x00\x00`\xec:;\xdb\
M\x94a\x06\x80\xcb\x11\x00\xb8\xc0\x83\xe5\x8fZ2\xf0\
d\x19$\x00\x00\x00\x00\x000\x0e\xdd\xdd]&\xca\x10\
\x00\xb8\x1c\x01\x80;\x14K\xca\x8d\xb4\xc8\x00\x01\x00\x00\
\x00\x00\x80q0\xb4\x11\xe0\xec\x07\xcb\x1f\xf5\x9a(\x84\
\xe8 \x00p\x87|\x13E\x06\xfa\x09\x00\x00\x00\x00\x00\
\x8c]w\xa7\x91\x00\xc0#)\xdbD!D\x07\x01\x80\
;\xe4\x98(244d\xa2\x0c\x00\x00\x00\x80$\xd3\
\xd7\xd7c\xa4N0\x18\x88xf3\xa2\x87\x00\xc0\x1d\
\x8c\x04\x00\xa1`\xd0D\x19\x00\x00\x00\x00Ifx\xd8\
\xcc\xd5\xc4\xbc^\x1f3\x00\x5c\xcc\xe7t\x03\x90d\x9b\
\x09\x00\x82\x04\x00\x00\x00\x00\x00\xc6axxH\xb2\x8d\
\x942rn\x83\xe8`\x06\x80;\x98\x99\x01\x10\x22\x00\
\x00\x00\x00\x000v\xa6f\x00\xd8v\x88%\x00.F\
\x00\xe0\x06\xb6\x1dq\x00\x10\x0c\x06e\xdbf\x22;\x00\
\x00\x00\x00\xc9ex\xd8\xcc~b\x96\xe5a\x09\x80\x8b\
\x11\x00\xb8\x81eE\xfc$\xb1C!\x13\x9d\x00\x00\x00\
\x00HB\x01C3\x00\xc4\x12\x00W#\x00p\x87\xc8\
g\x000\xfd\x1f\x00\x00\x00@\x04L\xcc\x02\xb0m\x9b\
%\x00.F\x00\xe0\x0eF\x96\x00\x00\x00\x00\x00\xc0x\
\x99\x08\x00,\x03\xb3\x9b\x11=\x04\x00\xee\x10q\x00\xc0\
%\x00\x01\x00\x00\x00D\xc2\xd0F\x80,\x01p1\x02\
\x00w`\x09\x00\x00\x00\x00\x00G\x19\xda\x08\x90\x00\xc0\
\xc5\x08\x00\xdc\x81\x19\x00\x00\x00\x00\x00\x1ceh#@\
\x02\x00\x17\xf39\xdd\x00$[\x91_\x060@\x00\x00\
\x00\x00\x00 \x02\x03\x83\xfd\xb2\x15\xf1\xa5\xc5\xd9\x03\xc0\
\xc5\x98\x01\xe0\x0e\x91\xcf\x00`\x09\x00\x00\x00\x00\x80\x08\
\x18\x9aU\xcc\x0c\x00\x17#\x00p\x07\xae\x02\x00\x00\x00\
\x00\xc0Ql\x02\x98\xf8\x08\x00\xdc!\xe2i2\xc1@\
\xc0D\x1f\x00\x00\x00\x00\x92\x14\x9b\x00&>\x02\x00w\
\x88|\x09\x80\x1d2\xd1\x07\x00\x00\x00\x80$\xc5&\x80\
\x89\x8f\x00\xc0a\xdf\xdb\xfeC\x8f\x0c\xcc\x00\xe0*\x00\
\x00\x00\x00\x00\x22\xc1\x0c\x80\xc4G\x00\xe0\xbct\x13E\
\xd8\x03\x00\x00\x00\x00@$\x86\x86\x06M\x94\xc92Q\
\x04\xd1A\x00\x00\x00\x00\x00\x00@\x12 \x00\x00\x00\x00\
\x00\x00 \x09\x10\x00\x00\x00\x00\x00\x00\x90\x04\x08\x00\x00\
\x00\x00\x00\x00H\x02\x04\x00\x00\x00\x00\x00\x00$\x01\x02\
\x00\x00\x00\x00\x00\x00\x92\x80\xcf\xe9\x06\x92\x9e\xed\xb2:\
\x00\x00\x00\x00\x92\x93-\xce+\x12\x1c3\x00\x00\x00\x00\
\x00\x00H\x02\x04\x00\x00\x00\x00\x00\x00$\x01\x96\x008\
\x8e96\x00\x00\x00\x00\xdc\x82\xf3\x93D\xc6\x0c\x00\x00\
\x00\x00\x00\x00\x92\x00\x01\x00\x00\x00\x00\x00\x00I\x80\x00\
\x00\x00\x00\x00\x00\x80$@\x00\x00\x00\x00\x00\x00@\x12\
 \x00\x00\x00\x00\x00\x00 \x09\x10\x00\x00\x00\x00\x00\x00\
\x90\x04\xb8\x0c\xa0\xc3\xb8\xc8\x06\x00\x00\x00\x007\xb0\xc5\
\xf9I\xa2c\x06\x00\x00\x00\x00\x00\x00I\x80\x00\x00\x00\
\x00\x00\x00\x80$@\x00\x00\x00\x00\x00\x00@\x12 \x00\
\x00\x00\x00\x00\x00 \x09\x10\x00\x00\x00\x00\x00\x00\x90\x04\
\x08\x00\x00\x00\x00\x00\x00H\x02\x04\x00\x00\x00\x00\x00\x00\
$\x01\x02\x00\x00\x00\x00\x00\x00\x92\x00\x01\x00\x00\x00\x00\
\x00\x00I\xc0\xe7t\x03I\xcfv\xba\x01\x00\x00\x00\x00\
\xb8\x80\xf3\x93\x84\xc6\x0c\x00\x00\x00\x00\x00\x00\x92\x00\x01\
\x00\x00\x00\x00\x00\x00I\x80%\x00\x8e35\xc7\x86\xb9\
:\x00\x00\x00\x00\x22a\x8b\xf3\x8a\xc4\xc6\x0c\x00\x00\x00\
\x00\x00\x00\x92\x00\x01\x00\x00\x00\x00\x00\x00I\x80\x00\x00\
\x00\x00\x00\x00\x80$@\x00\x00\x00\x00\x00\x00@\x12 \
\x00\x00\x00\x00\x00\x00 \x09p\x15\x00\x87q\x0d\x00 \
\xf1\xa4\xa5\xa7+7/_9\xb9y\xca\xce\xceQV\
v\x8e23\xb3\x94\x95\x95\xad\x8c\xcc,efe)\
##S\xa9\xa9i\xf2z}\xf2x\xbd\xf2z\xbd\xf2\
z}\xf2z=\xf2y}\xf2y\xbd\xf2\xf9|\xf2x\
\xbc\xf2X\x1e\xd9\xc1\x80\x14\x08H\xc1\x80\xac`P\x9e\
\x0b\xb7\xf7>\xb6\x02AyBAy\x02\x01yB!\
yCAy\x03!yC!Y\xc1\x80\x82CC\x1a\
\x1e\x1a\xd4p\xff\x80\x86z\xba4\x14\x08h(\x18\xd0\
`0\xa0\xc1`p\xe4\xdf\xc0\x85[0\xa0\x81@@\
\x03\xc1\x80\xfa\x03\x1f|\xec\x0f\x0c\xabkpP\x0d\xfe\
^\x05l~\xeb`\xfc<\x1e\x8f&L,Q\xc9\xe4\
\xa9\xca\xcd\xcdWZZ\xbaR\xd3\xd2\x94\x9az\xe1\x96\
\x96\xa6\x94\x94T\xa5\xa6\xa6*%5U\xa9)#\xff\
\xa6\x5c\xf4ozj\x9a\xd2RS\xe5KI\x95l[\
v0 ;\x10\x1cy\xae\x04\x83\xd2\x85\xe7\x87\x15\x0c\
\xca\x0a\x05\xe5\x09\x86F\x9e\x1b\x81\x80|\x03\x03\xf2\x0d\
\x0c(upP\xe9\x83\x83\xb2\xfb\xfb\x15\x08\x055\x14\
\x0c*\x10\x0cj(\x18\xd0Pp\xe4\xbf\x87C\xef}\
\x1c\xd0` (\x7f`Hm\xfe>\xb5\xf8{\xd5\xd4\
\xdb\xa3\xfa\xde\x1e5\xfa{\xf9;\x0cW\x8a\xd5\xcf\xa5\
\x15\xa3q\x10\x1b\xfc>Kl\x04\x00\x000F\x85E\
\xc5*\x994YEE\x13UX4A\x05\x85E\xca\
/(T^~\x81\xf2\xf2\x0a\x94\x9e\x91\x19\xf3\x9el\
I\xc1\x0b\xb7\x8f\xe2\xb1me\x0f\x0d\xca70x\xe1\
D\xa8_\xbe\x81\x01\xa5\x0c\x0c\xc8\xd7\xdf\xaf\x94\xbe>\
y\x07\x06\xae\xfa\x82.d\xdb\xea\x1e\x1cP\xc7\x80_\
\xed\xfd~\xb5\x0f\xf8\xd5\xda\xefW\x8b\xbfO\xcd\xfe>\
\x9d\xee\xeaTS\x7f\x1f/ \x92XfV\x96&O\
\x99\xa6\x89%\x93TT\xfc\xde\xf3\xa4\xf8\xc2\xf3\xa4P\
y\xb9\xf9\xf2\xfa\x9c{\x09\xf2\xdesePR\x8f$\
\x85B\xf2\x0d\x0e\xca78\xa8\xd4\xc1\x01e\x0e\x0c\xca\
7x!$\xe8\xe9Qjw\xb7<\xa1\xd0U\xeb\x05\
BAu\x0d\x0c\xa8\xf3\xc2s\xa2\xa3\xdf\xafV\x7f\xaf\
Z\xfc\xbd:\xd9\xde\xa6w\xdb\x9a\xd5\x17\x18\x8e\xcd\x83\
C\xd2\xba\xf4wn,O\xca\xaf\xf4\xfb\x9eP\x00p\
'\x02\x00\x00\xb8\x8a\x89%\x93U:k\x8e\xa6L\x9b\
q\xe1df\x8a\x0a\x8b\x8a\xe5\xf3\xa58\xddZd,\
K\x81\xb4t\x05\xd2\xd2\xa5\xbc\xbc+~\x89gxX\
\xa9}}J\xeb\xebUjO\xafR{{\x94\xda\xd3\
#\x9f\xdf/\x8fe)?=C\xf9\xe9\x19\x9a\x95_\
t\xc5\xe3\xfd\xc3Cj\xec\xedVCO\xb7\xce\xf5t\
\xealW\xa7Nv\xb6\xab\xa6\xb7\x9b` A\x14\x16\
\x17\xabl\xe1RM\x9b^\xaa\x82\xa2b\x15\x14\x14\x8d\
\x9c\xdc\xe7\x17(33\xcb\xe9\xf6\xc6\xc6\xe3Q #\
C\x81\x8c\x8c+\xdfo\xdbJ\xe9\xf7+\xad\xa7Wi\
=#\xcf\x85\xb4\x9en\xa5\xf4\xf6\xca\xb2m\xf9<^\
\x15ef\xa9(3Ks\xaepx\xc8\xb6\xd5\xdc\xdb\
\xa3\xba\xee\x0e\xd5t\xb5\xebtG\x9b\x8e\xb55\xebh\
{+\xb3i0n\xf9\x05\x85*)\x99\xac\xa2\xe2\x89\
\x9a2u\xe6e\xf7;\xfd\x93\xe5\xf4\xf8\x00\xae\x8c\x00\
\x00@\xd2\xb3,K\xb3\xe7\xce\xd7\x9cy\x0b4y\xea\
tM\x9a4U\x13J&+=\xfd*'\x03I \
\x94\x92\xa2\x81\xfc|\x0d\xe4\xe7\x7f\xe8\xf3V0\xa8\xb4\
\xde\x1e\xa5wv*\xa3\xa3C\xe9\x1d\x1d\xf2\xf9\xfd\x97\
\xbd\xd3\x93\x99\x92\xaa9\x05\xc5\x9aSP\xfc\xa1\xcf\x0f\
\x06\x02\xaa\xef\xe9\xd2\xa9\x8eV\x1dmk\xd6[-M\
\xaa\xe9\xed\x8e\xf2\xa3A\xa4\xb2sr\xb4`\xd1R\xcd\
\x9eS\xa6\x19\xa5\xb35e\xdaL\x15\x14\x5c9\xfcI\
H\x96\xa5\xe1\xcc,\x0dgf\xa9\xb7\xa4\xe4\x83\xcf\x87\
BJ\xeb\xebSjo\x8f\xd2zz\x94\xde\xd1\xa1\xf4\
\xf6\xf6\xcbf\x0bx,K\x93rr5)'W\xab\
/:Q\x1b\x0e\x06\xd5\xd8\xd3\xa5s\xdd\x1d\xaa\xe9l\
\xd7\xa1\xe6\x06\xbd\xdcP\xa7\xfe` V\x8f\x0cqd\
\xd2\x94i\x9a>s\x96\x0a\x0b'*\xbf\xa0P)\xa9\
iN\xb74&\xd3g\xce\xd6\x9dw\x7fJm\xad\xcd\
:\xdfT\xafs5gd\x13\x80\x011G\x00\x00 \
\xe9\xf8|>\xcd+[\xa8y\x0b\x16k\xd6\xecy\x9a\
>c\xb6\xd2\xaf\xf6\xce\x1f>\xc4\xf6z5\x90\x97\xaf\
\x81\xbc|u\xce,\x95$y\x07\x07\x95\xd1\xd9\xa9\xf4\
\xce\x0eett(\xad\xa3\xe3\xaa\xd3\xa5\xd3|>\xcd\
.(\xd2\xec\x82\x22\xdd>\xbbL\x92\xd49\xd0\xaf\xd3\
\x1dm:\xde\xde\xa2\xc3m\xe7\xf5Fs\x93\x06\x83\xe1\
,f@4\xa4gdh\xfe\x82\xc5\x9a3\xb7L3\
J\xe7h\xda\xf4R\x15\x15O\x94e1\xa1\xf72\x1e\
\x8f\x06sr4\x98\x93\xa3\x9e\xc9\x17>\x17\x0a)\xa3\
\xabK\x19\xed\xed\xcaloSz[\x9b<W\xf9y\
N\xf1z5#\xbfP3\xf2\x0bu\xfd\x8c9\xba_\
#\xa1@u{\x8b\x8e\xb44\xe9\xcd\xc6:\xbd\xdcP\
\xab\x9ea\x96\x0f$\xabI\x93\xa7\xaat\xf6<M\x9d\
V\xaa\x8c\xacl\xa7\xdb\x89\x88\xc7\xebU\xc9\xe4i*\
\x99<M\x8b\x96\xae\xd4`\xbf_\xe7jO\xeb\xd4\x89\
#:\xdf\xd4\xe8t{@\xd2 \x00@\x5c\x9a0\xb1\
D\x1e\xcfE\x17\xb1\xb0\xaf\xf8\xe1U\x95\xa4g\x84\xb5\
6\xcd\x1e\xcf\x04\xb6\xcb\x0e\x19c\x8d\x18\x85\xe1\xa3\x0d\
\xd3\xd5\xda\xac\xd0{/X\xaf\xf2\x85\xa3\x1d_\xe7\xef\
q\xd5\xb4V\xcb\xb2\xb4p\xf1R-\x5c\xb2\x5c\xa5\xb3\
\xe6j\xda\xf4R\xa5\xa4\xa4:\xddV\xc2\x08\xa6\xa5\xa9\
\xb7\xa4\xe4\xfdwF\xad`P\x99mm\xcajiQ\
V\xf3y\xa5\xf8\xfd\xa3\x1e\x9f\x9f\x9e\xa1\x95\x93\xa7i\
\xe5\xe4i\x92Ff\x09\x1ci=\xaf7\x9b\xea\xf4|\
}\x8djz{\xa2\xfe\x18\x92Y\xe9\xec\xb9Z\xb2l\
\xa5f\xce\x1a9\xd9\x9fX2Y\x1e\x8f\xd7\xe9\xb6\xe2\
\x97\xc7\xa3\xfe\x82\x02\xf5\x17\x14\xa8}\xce\x1c)\x14R\
zO\xf7H \xd0\xd6\xa6\xf4\xf6vyG9\xa1O\
\xf1z\xb5`\xc2$-\x980I\xf7-Z\xae`(\
\xa43\x1dm:\xd2\xd2\xa8\xb7\x9a\xea\xf4\xdb\xfaZ\xb5\
\x0f\x0e\xc4\xf0\x01!\xd6rrs\xb5p\xf1rM\x9b\
>K\x99\xd99N\xb7\x135i\x19\x99\x9a[\xb6D\
s\xcb\x96\xa8\xa7\xabC5gO\xe9\xf8\xb1\xc3\xea\xe9\
\xeer\xba5 \xa1\x11\xe7;\xec\x8f\xb7\xfeM\xa6\xa4\
\xbeH\xeb\x9c>u\x5c\xdd]\x9d\x1f\xf1U\x1f\x9c\x90\
\x8d\xef\xdc\xec\xcag\xd9\xa3\x97\x0a\xef\xec\xf1\xea5\xae\
|O\xe5\x0f~\xa8\xac\x04\xfe\xa3\xe8\xb4\xd2\xdf\xfcZ\
\xa9\xbd\xbd\xe3>\xfekO\xff\x9b\xea\xfb/\xfcX\x87\
\xf9\xb3f\x8f\xf2_\xe1\xdde\x7f\xe8\xa3\x94\x94\x14-\
[\xb1Z\xcb\x96\xafQ\xd9\xc2\xa5\xca\xe6\xe7\xc51\xa9\
\xbd\xbd#a@K\xb32Z[e\x8d\xf1\x17P}\
O\x97\xde>\xdf\xa0W\x1aj\xf5\xca\xf9\x06\x0d}h\
v\x81}\x85\x8f.\xfd\x8f\xd1\x84\xf9\xdb'\x8c\x9f\xbb\
QG\x19_sW\xe9%\xb2p\xcd\xe3\xf5j\xe95\
+\xb5r\xf5:-\x5c\xbc\x5c\xc5\x13J>\xfa \x98\
c\xdbJ\xeb\xe9QVK\x8br\x1a\xea\x95\xd6=\xb6\
%0!\xdbVmg\xbb\x0e4\xd6\xea\xa9S\xc7t\
\xb0\xf5\xfc\xa8c]\xf5\xae1\xf4\x1b\xd1\xf1a\xbc`\
\x08\xfbu\x84\xc9\xbf'a\xff\x99\x89\xfc\xefQXl\
\xa9\xa8x\x82\x96,[\xa5i3Je%i\x08g\
\x87\x82\xaa9[\xad\x83\x07^QgG\xfb\xd8\x8e\x1d\
\xdf\x0f\xd8\x15\xbf\xd0m\x7fO\xae~\xfc8\xfe\x9e|\
\xc4\xf1\xb3\xe7\x96\xe9\xba\x1bn\x19s\xddK\xf4\xff\xd7\
\x1f|;\xf6;\x22#,\xcc\x00\x00\x900\xb2\xb2\xb3\
\xb5r\xf5:-^\xb6Js\xe7/TZZ\xba\xd3\
-A\xd2Pv\xb6\x86\xb2\xb3\xd51k\x96<\xc3\xc3\
\xcaijTn]\x9d\xd2\xdb\xdb\xc3J\xa1\xa7\xe6\xe4\
ijN\x9e\xee\x9a\xbbP\xbdC\x83z\xb5\xbeV\xbf\
:{R\xaf57\xb2\xc9T\x98\xb2\xb2\xb3\xb5z\xed\
z-[\xb1Fe\x0b\x96*3\xce\xa7\x12\xc75\xcb\
\xd2`n\xae\x06ss\xd5>g\x8eR{{\x95\xd3\
\xd4\xa8\x9c\xfa\xfa\xb0\x82W\x8fe\xa9\xb4\xa0H\xa5\x05\
E\xfa\xd4\xa2\x15\xaa\xeb\xea\xd0K\xb5\xd5\xfay\xf51\
\x1dio\x8d\xc1\x03\x80iS\xa6N\xd7\xe2%+T\
2y\x9a\x94\xe4Km,\x8fW\xa5\xb3\xe7kf\xe9\
\x5c\xd5\xd6\x8c\x04\x01\x1d\xedmN\xb7\x05$\x14\x02\x00\
\x00q\xcd\xb2,-_\xb5V\xd7\xdd\xb0I\xf3\x17,\
\x96\xd7\xcb\xaf57\x0b\xa5\xa4\xa8k\xfa\x0cuM\x9f\
\xa1\x14\xbf_\xb9\x0d\xf5\xca\xa9\xabSj_x\x13\xa1\
\xb2S\xd3t\xcb\xacy\xbae\xd6<\x9d\xef\xed\xd1\x8b\
ug\xf4\xf3\xd3\xc7U\xdd\xc3\x94\xd1K\x95L\x9a\xac\
\xb5\xd7m\xd0\x92e\xab4kN\x99|\x0e^v\x0f\
W7\x94\x9d\xad\xb6\xb9\xf3\xd46w\x9e\xd2zz\x94\
\xd3\xd8\xa0\x9c\x86\x06\xa5\x84\xf9\x9c\x98\x96W\xa0\xcf-\
]\xad\xcf-]\xad\xb3\x9dm#a\xc0\xa9\xa3:\xd1\
\xd9\x11\xe5\xce\x11\xa9\xa2\xe2\x09Zs\xed\x06\x15O\x9c\
\xfc\xd1_\x9cd,\x8fG3g\xcd\xd3\x8c\x99st\
\xae\xf6\xb4\x0e\xbc\xf6\xa2\xba:?j\xa6+\x80p\xf0\
j\x00@\x5c*\x9e8Q\x1bn\xbaM+\xd7\xacW\
~~\xa1\xd3\xed`\x1c\x8633\xdf?\xf1I\xef\xec\
T\xde\xb9Z\xe5\xd4\xd5\x8dz\xbd\xf5\x8b\x95d\xe7\xe8\
S\x0b\x96\xe9S\x0b\x96\xe9d{\x8b~u\xe6\x84\xfe\
\xf5\xf4\xf1K\x96\x08$\x0f\xcb\xb24\x7f\xe1b\xadZ\
s\x9d\x16-Y\xa1)Sg8\xdd\x12\xc6hdC\
\xc12\xb5\xce/SzW\x97r\x1a\x1b\x95\xddP\xaf\
\x94\xfe\xfe\xb0\x8e/\xcd/Ri~\x91\xbe\xb8l\xad\
\xaa\xdb[\xf4b\xcd)\xfd\xec\xe4Q\x9d% s\x15\
_J\x8aV\xad\xbeNs\xe7/J\xda\xa9\xfe\xe1\xb2\
<\x1e\xcd(\x9d\xab)Sg\xea\xf0\xdb\xaf\xeb\xe0\x9b\
\xaf9\xdd\x12\x10\xf7\x08\x00\x9c\xc6\xfcU l\x1e\x8f\
G\xab\xd6\xac\xd7\xba\xeb7j\xee\xfcE\x1f\xde\x08\x12\
q\xed\xbdK\x0e\xb6\xce/SAM\x8d\xf2\xce\x9e\x19\
u\xa3\xb4K\xcd+\x9c\xa0y\x85\x13t\xff\xe2\x15z\
\xaa\xfa\xb8~r\xfc\xb0:\x86\x06\xa3\xd8\xb1{df\
e\xe9\xb6;\xef\xd1\x86\x9bnWa\xd1\x04\xa7\xdb\x81\
!\x03yy\x1a\xc8\xcbS\xcb\x82\x05\xcan>\xaf\xc2\
S\xa7\x94\xde\x11\xfe\xbb\xfas\x0a'hN\xe1\x04}\
y\xf9:\xbd^_\xa3\x7f8\xf4\xba^i\xac\x8bb\
\xc7\x08\xc7\x9c\xb9eZ\xbe\xea:edf9\xddJ\
\x5c\xf1\xa5\xa4h\xf9\xea\xf5\x9aQ:G\xbf}\xe1\x19\
\xb5\xb64;\xddR\xe2\xb2\xc5\xf9I\x82#\x00\x00\xe0\
z)))\xdax\xf3\x1d\xba\xf1\xe6;\x93\xeb\xda\xe3\
I(\x98\x96\xa6\xd6\xf9\xf3\xd56g\x8e\xf2\xea\xeb\x94\
\x7f\xfat\xd8\xcb\x03$\xa9 =S_X\xbcB\x9f\
,[\xa2\xdf\xd4T\xeb\x9f\x8e\x1d\xd2\x99\x9e\xb1m\xb2\
\x16/&\x94L\xd2\xc7\xee\xbeO\xd7^w\x9322\
\xd9k)\x91\xf5N,Q\xef\xc4\x12e\xb4\xb7\xab\xb0\
\xfa\x942\x9b\x9b\xc3\xde\xc5\xd9\xb2,\xad\x9dV\xaa\xb5\
\xd3Ju\xf8|\x83\xfe\xe9\x9d7\xf4tM5\xaf\xef\
c,33K\xd7\xdfx\xeb\xc8:\x7f\x8c[aq\
\x89\xee\xba\xe7s:\xfa\xeeA\x1dx\xed%\x85\x92t\
\xc6\x17\x10\x09\x02\x00\x00\xae\x95\x92\x9a\xaa\x9bo\xbbK\
7\xdet\x87r\xf3\xf2\x9dn\x071d{\xbd\xea\x9c\
1S\x9d\xd3g(\xa7\xa9Q\x13\xde}W\xbe\xc1\xf0\
\xdf\xd1O\xf7\xa5\xe8\x8e9\x0bt\xdb\xec2\xfd\xb6\xee\
\x8c\xfe\xf6\xc0\xcbj\x1e\x08o\x1a\xb5\xdb\xcd\x9d\xbf@\
w~\xfc>]\xb3r-{^$\x99\xfe\xc2B\xd5\
\x17\xaeUZw\xb7\x0aOW+\xbb\xbe~L\x97s\
ZR2E\xdf/\xb9G\x0f\xb4\xb7\xea'\xef\x1e\xd0\
OO\x1eU\xc8E\x97lMTS\xa6N\xd7\xfa\x0d\
\xb7*=\x83\xa0\xce\x04\x8f\xd7\xab\xc5\xcbVi\xca\xd4\
\x19z\xe6WO\xaa7AC^ Zx\xe5\xe08\
\xfe\xf0\x02\x97JO\xcf\xd0\xcd\xb7\x7f\x5c\x1b6\xde\xa6\
\xec\x9c\x5c\xa7\xdb\x81\x93,K=\x93\xa7\xa8\xafx\x82\
&\x1eyW9uuc:\xe1\xf1X\x96n\x98>\
[\xd7L\x9c\xa2'\x0e\xbe\xaa\x7f;s2j\xadF\
\x93eYZ\xbdv\xbdn\xbd\xf3\x1e\xcd\x9b\xbf\xc8\xe9\
v\xe0\xb0\xc1\xdc\x5c5._\xa1\x94\xf9e*<]\
\xad\x9cs\xe7\xc2\xde;C\x92f\x15\x16\xeb\xa1\x0dw\
\xe8+\xcb\xd7\xe9\xa7G\x0e\xea\x9f\x8e\xbe\xad\x81`0\
\x8a\x1d'\xafkV\xac\xd1\x92e\xabe\xb1d\xcd\xb8\
\x82\xa2\x09\xba\xfb\xde\xcf\xeb\xf9\xe7~\xa1\x86\xbasN\
\xb7\x93`8?Id\x04\x00\x00\x5c\xc3\xb2,\xddz\
\xe7\xdd\xba\xe5\xf6\xcd\xca\xe22e\xb8H(%EM\
\xd7,W\xcf\x94)*9tH\xbe\x81\x811\x1d\x9f\
\x93\x96\xae\xef\x5c\xbbQ\x1bg\xcc\xd6\x7f}\xfdE5\
\xf8\xc3_V\xe0$_J\x8a6\xddr\xa7n\xba\xf5\
.Mb\xea0.1\x9c\x99\xa9\xf3K\x96\xaau\xde\
|\x15\x9c=\xa3\xfc\xb3g\xe5\x09\x04\xc2>~rN\
\x9e\xbeq\xedF}a\xd9j\xfd\xfb\xb1C\xfa\xbbw\
\xdeT\xcf\xf0P\x14;N\x1e\xa9\xa9i\xbaa\xe3m\
\x9a<m\xa6\xd3\xad$\xb4\xf4\x8cL\xddz\xc7\xbdz\
\xe3\xb5\x17\xf4\xee;o9\xdd\x0e\x10\x17\x08\x00\x00\xb8\
\xc2\x9cye\xfa\xcc\x17~WSy\xb1\x84Q\xf4M\
\x98\xa8\xb3\x1bo\xd2\x84cG\x95[S3\xa6\xd9\x00\
\x92\xb4j\xf2t\xfd\xe8\xceO\xe9\x7f\x1cz]\xff\xe7\
\xd4Q\xd7\xbe\xc7\x91\x95\x95\xad;7\xdf\xa7\x1bn\xbc\
\x8d\xe5/\xf8H\xc1\xb44\xb5\x96-Pgi\xa9&\
\x1c9\xaa\xec\x86\xb1-\x0d(\xcc\xc8\xd2\xef\xae\xb8N\
\x9b\xcb\x96j\xdf\x1b/\xea\xa7'\x8fF\xad\xd7d\x90\
\x9b\x97\xaf\x9bo\xbb[Y9yN\xb7\x92\x14<^\
\xaf\xd6^w\x93\x0a\x0a\x8b\xf5\xd2\xf3\xff)\x9be-\
\xc0\xa8\x08\x00\x008*#3S\x9f\xfc\xcc\x17\xb5\xf6\
\xba\x8d\xec\xea\x8f\xb0\x84|>\x9d_\xb2T=\x93\xa7\
\xa8\xe4\xd0\xdbJ\xf1\xfb\xc7t|Vj\xaa\xbe\xb1\xfa\
zm\x98>K\xff\xe5\xf5\xe7U\xdb\xdb\x13\xa5N\xc7\
\xc1\xb2t\xe3\xa6\xdb\xf4\xc9O\xff\x0e'\xfe\x18\xb3@\
Z\xba\x1aW\xacP\xe6\xf4\xe9\x9ax\xf8\x9d1m\xa0\
)IE\x99\xd9\xdav\xe3\x9d\xbas\xee\x22\xfd\x97\xdf\
>\xab\x93]\xe1_u\x00#\xf2\xf2\x0bt\xcb\x1d\x9b\
\x95\x91\xc9,\xb6X\x9bW\xb6D\x99\x99Yz\xfa\xa9\
\x7f#\x04\x00F\xc1\xabm\x00\x8eYw\xfdF\x95W\
\xfd\xa5\xd6]\xbf\x89\x93\x7f\x8c\x99\xbf\xa8Hgo\xbc\
Q\x9d\xb3f\x8d\xeb\x9d\xfce%S\xb4\xff\xceO\xe9\
KeK\xc6<\x93 \x1a\xa6\xcd\x98\xa9\x07+~\xa0\
\xaf|\xed[\x9c\xfc#\x22\xfe\xe2b\xd5\xdc\xb8Qm\
ee\x0a\x8d\xe3w\xeb\xca)3\xf4w\xf7~I\xdf\
Ys\xbd\xd2\xb8N}\xd8\xf2\x0b\x0au\xeb\x1d\xf7p\
\xf2\xef\xa0\xa9\xd3g\xe9\x96\xdb7\xcb\xb2\xdc\xf0[\x1d\
p'f\x00\x00\x88\xb9I\x93\xa7\xe83\xf7\x7fU\xf3\
\xca\xd8\xcc\x0c\x91\xb1\xbd>5/Z\xac\x9eI\x935\
\xf9\xcd\x03c\xbaR\x80$e\xf8R\xb4e\xc5uZ\
?\xadT;_zF-\x0e\x5c) %5U\xf7\
}\xe6K\xdat\xdb\xddJII\x89\xf9\xf8HL\xb6\
\xc7\xa3\xb6\xb9\xf3\xd4=e\x8aJ\x0e\x1fVfK\xcb\
\x98\x8eO\xf5\xf9t\xff\xb2\xb5\xdaX:_?|\xe5\
\xd7z\xa6\xf6t\x94:M\x0c\x05\x85E\xba\xf9\xf6\xcd\
\xec\xf4\xef\x02\xd3g\xce\xd1\xa6[?\xaeg\x9f\xfe\x99\
\xd3\xad\x00\xae\xc4[n\x00b\xea\xfa\x1bo\xd6\x1fo\
\xff>'\xff0\xaa\xbf\xb0P\xb5\xd7\xdf\xa0\xc1\x9c\x9c\
q\x1d\xbfx\xc2d\xed\xbe\xed\x13*\xcb+0\xdc\xd9\
\xe8V\xaeY\xa7G\xfeb\xb7n\xbf\xeb\x93\x9c\xfc#\
*\x863\xb3T\xb7\xf6Z5\xae\x5c\xa5@z\xfa\x98\
\x8f\x9f\x9a\x9b\xaf?\xbf\xfd^\xfd\xf5\xad\x9b5\x95\xcd\
Y\xaf\xa8\xb0\xa8X\xb7p\xf2\xef*3g\xcd\xd3M\
\xb7|\xcc\xe96\x00Wb\x06\x00\x80\x98\xf0\xf9|\xfa\
\xdc\x97\xbe\xa6k\xd7ot\xba\x15$\xa8@F\x86\xce\
\xad\xbf^S\xdezS\x99\xcd\xcdc>~bV\x8e\
\xfe\xfa\x96{\xf4\x83\x97\x9f\xd1\x0b\x8duQ\xe8\xf0\x03\
E\xc5\x13t\xff\x97\xbf\xae\xe5\xab\xd6Eu\x1c\xe0=\
=\x93'\xabo\xc2\x04\x15\x9f<\xa1\xbc\xd3\xa7\xc7\xbc\
\xeceC\xe9<\xad\x9c2C\xff\xf8\xf6\xab\xfao\x87\
\x0e(\xc8\x1akIRzF\x86n\xba\xf5.\xa5q\
\xf2\xef:\xb3\xe6,P0\x18\xd4\x0b\xcf\xfd\xca\xe9V\
\x00Wa\x06\x00\x80\xa8\x9b0\xb1D\xdf\xd9Z\xc5\xc9\
?\xa2.\xe4\xf3\xa9n\xf5\x1au\x95\x96\x8e\xeb\xf8\xac\
\xd4T\xed\xdap\x87>;/:3T,\x8fGw\
\xdd\xf3iU\xfe\xd9c\x9c\xfc#\xe6B>\x9f\x9a\x17\
.R\xfd\xbau\x0a\xa6\xa6\x8e\xf9\xf8\xac\xd44\xfd?\
kn\xd4\xfe\xbb>\xad\x89\x9c\xf0J\x92n\xdct\x07\
k\xfe]l\xee\xfc\xc5Z\xba|\x95\xd3m\x00\xaeB\
\x00\x00 \xaa\x96\xadX\xad\xefl}X\xd3\xa6\x97:\
\xdd\x0a\x92\x85e\xe9\xfc\xe2%jY\xbcx\x5c\x9b\x03\
\xfa<\x1e}c\xd5\xf5\xfa\xce\x8auF7\x07\x9c\xbf\
`\x91v}\xff\xaf\xf5\xa9\xcf}E\x19\x9c<\xc1A\
\xfe\xa2b\xd5l\xb8Q\x03\x05\xe3[\xf2\xb2|\xf2t\
\xfd\xfd\xbd_\xd4\xbaIS\x0dw\x16_V_{\x83\
&\x94Lq\xba\x0d|\x84\x95\xab\xd7k\xd2\x94\xe4\xfe\
Y\x05.F\x00\xe00\xdb\xd0\x0dp\x1b\xcb\xb2\xf4\x89\
O}A_\xfb\xfdo+\x8bu\xa3p@G\xe9,\
5\xaeY\xa3\x90w|\xbb\x98\xdf[\xb6T\x7f\xb1\xe1\
vex#_-\xf7\xb1\xcd\xf7\xe9\x8f\xb7=\xa2i\
3fE\x5c\x0b0!\x90\x9e\xae\xdau\xd7\x8d\xfb*\
\x1a\x13\xb2r\xf47\x1f\xfb\xb4\xbe\xba49\xdf]\x9d\
5{\x9e\xca\x16.u\xba\x0d\x84\xc1\xe3\xf5i\xe3\xcd\
\x1fSzF\x86\xd3\xad\xc4\x0d\xceM\x12\x1b\x01\x00\x00\
\xe32\xb2\xb3\xf5\xcd?\xdav\xe1R<\xfc\x9a\x81s\
z'\x96\xe8\xdc\xfa\xf5\xe3\xda\xfcL\x92\xae\x9d:S\
\x8f\xdf\xb2Y\x93\xc6\xf9\x8e\xbd/%E\x0f\xfc\xc1w\
\xf4\xe9\xcf\xff\xae\xbc\x06\x82\x04\xc0(\x8fG\xcd\x8b\x16\
\xabi\xe5\xcaq\x05e)^\xaf\xbeq\xedF\xfd\xe5\
-w+\xcb\x97<\x9bX\xe6\x17\x14j\xed\xba\x8d\x12\
\x97\x9a\x8b\x1b\x99Y9\xdat\xeb\xc7\x9dn\x03p\x05\
^\x99\x030j8#C_\xfe\xa3\xed\x9aW\xb6\xd8\
\xe9V\x00I\xd2`n\x9ej\xaf\xbfA\xc3\xe3|\xf7\
gna\xb1\x1e\xbb\xed\x13\x9a:\xc6u\xbe\x05\x85\x85\
z\xb0\xe2\x07Z\xb7\xfe\xa6q\x8d\x0b\xc4J\xcf\xe4)\
\xaa\xbda\x83\x86\xb2\xc77[\xeb\xa6Y\xf3\xf5\x0f\xf7\
\xde\xaf\x05\x05E\x86;s\x1f\xcb\xb2t\xc3\xc6\xdb\xe5\
\x1b\xc7\x1e\x0ap\xd6\xa4)\xd3\xb5f\xdd\x06\xa7\xdb\x00\
\x1cG\x00\x00\xc0\x98\xa1\x9c\x1c\x9d[\x7f\xbd\xf2\x8b\x8a\
\x9dn\x05\xf8\x90@z\xba\xea\xd7^\xab\xe08/\xb5\
71+[\x7f~\xd3\x9d\xca\x0b\xf3E\xff\xbc\xb2\x85\
\xda^\xf9\x97\x9a5{\xfe\xb8\xc6\x03bm(;[\
\xb5\xd7\xdf\xa0\x9e)\xe3[\xd3>3\xbfHO\xdc\xf3\
\x05\xdd;w\x81\xe1\xce\xdce\xc95\xab\x94\x97_\xe8\
t\x1b\x18\xa7%\xcbVj\xf2\xd4iN\xb7\x018\x8a\
\x00\x00\x80\x11\x03\x05\x05\xaa]w\xdd\xb8\xa7Z\x03\xd1\
6\x94\x9d\xad\x86\xb5k\x15\xf2\x8c\xefO\xdf\x8c\xbc\x02\
\xfd\xf9\x8dw(\xcd3\xfaT\xe9\x1b7\xdd\xa6?z\
\xb0J\xf9I\xf0n(\x12K\xc8\xe7S\xe3\x8a\x95#\
\x1bh\x8ecz{fJ\xaa*n\xbaK\xe5\xebo\
\x96/\x01\xa7\xc7gegk\xd1\xe2\xe5N\xb7\x81H\
X\x1e\xad[\xbfIV\x02\xfe|\x02\xe1\x22\x00\x00\x10\
1\xff\xc4\x89:w\xed\xb5\x0a1%\x12.\xd7\x9f_\
\xa0\xa6\x95\xab\xc6\xbdA\xd1\xa2\x09\x93Tu\xfd\xcd\xf2\
\x5c\xe1\xfa\x00\x96\xc7\xa3\xfb\xbf\xbcE_\xfe\xda\xb7\x94\
\x9a\x9a\x16Y\xa3\x80\x83:JgE\x14\x96}r\xd1\
r\xed\xbe\xf3>\xa5\x8fs\x03N\xb7Z\xb3v\x83|\
)\xfc\x9d\x8bw\xf9\x85\xc5\xbaf\xc5\x1a\xa7\xdb\x00\x1c\
C\x00\xe04.\x03\x808\xd73u\xaa\xeaV\xad\x96\
\xcd\x06g\x88\x13\xbd%%jY\xbal\xdc\xbf:\xaf\
\x9bV\xaa?Y\xbd\xfeC\x9f\xcb\xca\xca\xd6w\x1e\xac\
\xd4\xcd\xb7o\x8e\xbcA\xc0\x05\xfa\x8a'\xa8a\xcd\xf8\
C\x80USg\xea\x87\xb7\xdf\x9b0!\xc0\xb4\xe9\xa5\
\x9a\xcaU<\x12\xc6\xd2\xe5k\x94\x9d\x93\xe3t\x1b\xee\
\xc5\xb9IB#\x00\x000n\x9d\xa5\xb3\xd4x\xcdr\
i\x9c/\x10\x01\xa7t\xce\x98\xa1\x8ey\xe3_\x9f\xff\
\xf1y\x8b\xf4\xc0\x85\xa9\xc0\xd3g\x94j{\xd5_j\
\xe1\xe2kL\xb5\x07\xb8\x82\xbf\xb88\xe2\x10\xe0\xd1;\
>\x19\xf7!\x80\xc7\xe3\xd1\xaa\xb5\xd7;\xdd\x06\x0c\xf2\
\xa5\xa4\xea\xba\xebov\xba\x0d\xc0\x11\xbcj\x070f\
\xb6\xa4\xb6\xf9ej^\xbc\x98\xcb !n\xb5\xce\x9f\
\xaf\xee\x193\xc6}\xfc\xef,]\xad\x07n\xfb\xb8\xbe\
W\xf1g\x9aX2\xd9`g\x80{D\x1a\x02\xac\x9c\
\x12\xff!\xc0\xd2kV);'\xcf\xe96`\xd8\xb4\
\x99\xb3U:{\xae\xd3m\x001G\x00\x00`Ll\
I\xad\x8b\x17\xabm\xde<\xa7[\x01\x22\xd6\xb4d\xa9\
\xfa&\x96\x8c\xeb\xd8\xc1\x82\x02]\xf7\xc5\xaf)##\
\xd3pW\x80\xbb\x98\x09\x01\xe2sO\x00\xaf\xd7\xaby\
\xf3\xb9\xacm\xa2Z}-\x97\x05D\xf2!\x00p\x1c\
\x9b\x00 \xbe\xb4-X\xa8\x8eR\xd6A\x22AX\x96\
\x1a\x97/\x1f\xf3\xd5+\x86rrT\xbff\xadl\x1f\
{_ 9D\x1e\x02\xcc\xd0\xa3q\xb81`\xd9\xc2\
\xa5J#\xe4KX9\xb9\xf9Z\xb0h\xa9\xd3m\xb8\
\x10\xe7&\x89\x8c\x00\x00@\xd8\xda\xe7\xcdS\xfb\x9c9\
N\xb7\x01\x18\x15JI\xd1\xf9e\xd7\x84\xfdre8\
+Ku\xd7^\xab W\xbd@\x92\xf1\x17\x17Gt\
u\x80\xf7B\x80\x8f\xba\x94\xa6[X\x96\xa5\xf9\x0b\x96\
8\xdd\x06\xa2l\xf1\xb2UN\xb7\x00\xc4\x14\x01\x00\x80\
\xb0t\xce\x9a\xa5\xd6\xf9eN\xb7\x01DE\xdf\x84\x09\
\xea\x09c?\x80@z\xba\xea\xae\xbdV\x81\xb4\xb1\xcd\
\x18\x00\x12\x85\xbf\xa8X\xadK\xc6\x7fR\xbcr\xca\x0c\
m\x8b\x93\xcd\xd7\xe6\xcc[\xa0\xac\xec\x5c\xa7\xdb@\x94\
\xe5\xe6\x15h\xfeB\x96y y\x10\x00\x00\xf8H\xdd\
\xd3\xa7\xaby\x11\x7f\x1c\x91\xd8\x9a\x17.\xd2pF\xc6\
U\xef\x0f\xa4\xa6\xaan\xdd:\x0d3\x1d\x18I\xaes\
\xfa\x0c\xf5L\x99:\xee\xe3\xef^\xb0L\x9f\x98\xbb\xc0\
`G\xd1\xb1`\xd12\xa7[@\x8c,Y\xb6\xda\xe9\
\x16\x80\x98!\x00\x000\xaa\xde)S\xd4\xb4\x94\x17A\
H|!\x9fO\xcd\xcb\x96]q)@0%E\xf5\
\xd7\xae\xd3PVv\xcc\xfb\x02\xdc\xe8\xfc\xd2\xa5\x1a\xca\
\xca\x1a\xf7\xf1\xdf\xb9\xfeV\xcd\xc9\xcb7\xd8\x91Y3\
Jg+/\xbf\xd0\xe96\x10#y\xf9\x85\x9a;\x7f\
\xa1\xd3m\x001A\x00\x00\xe0\xaa\xfa&NT\xc35\
\xcb\xb9\xd4\x1f\x92F_\xf1\x84\xcb.\x0d\x18\xf2zU\
\xbfv\xad\x06s\x99\x0a\x0c\xbc'\xe4\xf3\xa9q\xe5\xca\
q\xef\x07\x90\x9d\x9a\xa6Gn\xbe[)\xe3<>\xda\
\x16,dc\xb8d\xb3\xf4\x9a5N\xb7\x00\xc4\x84;\
\x7f\xeb\x02p\x5c\x7fQ\x91\x1aV\xae\x92\x5c\xfa\xe2\x0c\
\x88\x96\x96\x8b\x96\x02\x84<\x1e5\xacY\xab\x81\xfc\x02\
\x87\xbb\x02\xdcg07O\xad\x8b\x16\x8d\xfb\xf8\xf9\xc5\
%z\xe8\xbaM\x06;2###S\xc5\x13&9\
\xdd\x06b,\xbf\xb0X\xd3gp\x95#$>^\xd9\
\x03\xb8\xcc@~\xbe\xeaW\xaf\x91\x1dg\x97k\x02L\
\x08\xf9|#W\x05\xb0,5\xadZ%\x7fQ\x91\xd3\
-\x01\xae\xd59\xb3T\xbd\x93'\x8f\xfb\xf8O,\xbc\
F\x1f\x9f=\xdf`G\x91\x9b=w\xbe,\xc2\xef\xa4\
4\xb7l\xfc\x81\x16\x10/\xf8\xed\x06\xe02MK\x97\
)\xc4\xf5\xcd\x91\xc4\xfc\xc5\xc5\xaa\xd9p\xa3z'\x96\
8\xdd\x0a\xe0zMK\x97i8s|\x9bcZ\x96\
\xa5?\xb9\xe16\xcd\xccq\xcf\x12\x9bi\xd3y\x178\
YM\x9b>K\xbe\x94\x14\xa7\xdb\x00\xa2\x8a\x00\xc0a\
\xb6\xa1\x1b`\x14\xef|\x00\x1a\xca\xc9q\xba\x05 .\
\x84RRt\xfe\x9ak\xc6\xfdz$\xf7\xffg\xef>\
\xa3\xe4:\x0f3\xcf?\x15\xba\xabs\x8eh\xa0\xd1\x0d\
\xa0\x91\x01\x22\x11 \x98\x15\xa9,*\xd9\xb2\xac\x19\x8d\
4sf<\xeb\xb5?\xec\xeeYo8\xab\xb1\xd7\xeb\
3\xc13\x1e\x87c{F\x96F\xb6lI\x14)R\
$\x98I\x90\x04\x09\x90 \x22\x91c7\xd09\xe7P\
\xa9\xab\xea\xee\x07\x10\x12I\x11\xe8\xee\xba\xb7\xea\xad[\
\xf5\xff\xe9\xf4!\xd9\xc4\xbd\xf5P@w\xd7\xfb\xdc7\
\x04\x0a\xf4\xdd\xfb\x1fr4S\xb2\x8a\x8a\x8aU]S\
g:\x06\x0c\xf1\xe7\xe5\xabmmn\xcf\x02`l\x92\
\xfdx\xc4\x07\x00\x00\x00[\x82U\xd5\x0a\xd6\xd5\xa9x\
x8\xa9\xeb\xb7/k\xd6G\x9b[\xf5j\xf7u\x87\
\x93-M\xeb\xea\xec\x9f\xfe\x9f\x88\xc7\x15\x8dF\x14\x8d\
\x84\x15y\xf7#\x1c\x0e)\x12\x0a)\x16\x8b)?\x10\
\xb8\xf1\x91\x1fP ?\xa0\xbc\xfc\x80JK\xcb\xe5\xcf\
\xcf7\x1d=-V\xadY\xa7\x0b\xe7O\x9b\x8e\x01\xa4\
\x0c\x05\x00\x00\x00\x00l\x1b]\xb7^E\xc3\xc3J\xf6\
\xdc\x98\x7f\xbd\xf3\x1e\xbd\xd6}\xdd\xe8\xd3\xc3\xe5\xd9\xb6\
\x09\x9ceizjB#\xc3\x03\x1a\xe8\xefU\x7f\x7f\
\x8f\xc2\xa1\xd0\x87\xfc\xba\x05?\xa1\xba\x86F54.\
Wm]\x83\xaa\xab\xebTP\x94\xfc1\x90\x99\xac\xae\
~\x99J\xcb\xca53=e:\x0a\x90\x12\x14\x00\x00\
\x00\x00\xb0-RV\xa6\xd9\xa6&\x95\xf6\xf5\x0e\xec\x15\
\x8b\x00\x00 \x00IDAT%u\xfd\xda\x9az}\
q\xcdz=\xd9~\xc9\xe1d\x8bST\x5c\x925\xd3\
\xffc\xf3Q\xb5_\xb9\xa0\x0bg\xdf\xd1\xdc\xdc\xec/\
?o\xa7\x5c\x19\x1e\x1c\xd0\xf0\xe0\xc0/\xff\xb9\xae\xa1\
Q\x1b6\xdd\xa1\x15+V\xc9\x9bM\xfb\x06y\xbcZ\
\xbfa\x8b\x8e\x1d9d:\x09\x90\x12Y\xf4\xd5\x0a\x00\
\x00\x00\x93F\xd7\xaeUI\x7f\xbf<VrC\xcdo\
\xef\xb8[Ow\x5cV<\xc9\xeb\xedX\xb1\xb2U\xf2\
$;\x7f!3\xc4\xe6\xa3\xea\xb8zQgN\x1d\xfb\
\xf0'\xfd\x0e\x1a\x1a\x1c\xd0\xd0\xe0\x80\x0a\x0a\x0b\xb5q\
\xd36\xadn[\xaf\xa2\xe2\xec\xd8;\xa5\xa5\xb5\x8d\x02\
\x00Y+\xbb\x179\x01\x00\x00 m\xe6\x8b\x8a5\xbd\
re\xd2\xd7\xaf(\xaf\xd476\xde\xe1`\xa2\xc5\xab\
q\xf9\xd3\xff\xa9\xc9q=\xf3\x8bGt\xf4\xf0\x1b)\
\x1f\xfc\xbfW8\x14\xd2\xc9\xe3\x87\xf5\xd8O\x7f\xa8\x93\
\xc7\x0e)6\x1fM\xdbk\xa7Jiy\xa5\xca\xca+\
L\xc7\x00R\x82\x02\x00\x00\x00\x00\x8e\x19[\xb3F\x09\
\x9f/\xe9\xeb\xbfy\xc7n\x15\xd8\xb8>Y\x15U5\
i\x7fM\xa7\x0c\xf6\xf7\xe8\xf9}\x8fiff\xdah\
\x8e\xb3\xa7Oj\xdf\x13?\xd1@_\xb7\xd1\x1cNh\
^\x99e\xfbA\x00\xef\xa2\x000\xcd\xa9\xb368o\
\x03\x00\x00d\x80X\xa0@\x93\xad\xc9\x0f\x9ej\x8bK\
\xf5\x9d\xad\xbb\x1cL\xb40\x9f\xcf\xaf\xb22w>\xf1\
\xed\xb8zA\xfb_\xd8\xa7\xf9\xf9y\xd3Q$I3\
3\xd3z\xe9\xb9_\xe8\xf0\xc1\xfd\x8a\x84\x82\xa6\xe3$\
\xad\xa1a\xb9\xe9\x08\xe60.\xc9j\x14\x00\x00\x00\x00\
p\xd4\xf8\xaa\xd5J\xd88N\xefk\x9bw*\xe0M\
\xdf,\x80\xba\x86\x06W\x1e\xff7\xd8\xdf\xa3\xb7\x0e\xbe\
*\xcb\xc0\x9e\x09\x0b\xb9r\xe9\xbc\x9e\xdd\xf7\xa8\x82\xef\
\xd9\x84\xd0Mj\xeb\x1aMG\x00R\xc2}\xdf\xe9\x00\
\x00\x00\x90\xd1\x12yy\x9akH~\x00U^P\xa8\
O\xadjs0\xd1\xed\xd5\xd66\xa4\xed\xb5\x9c\x12\x09\
\x87\xf4\xe6\x1b\xfbM\xc7\xb8\xad\x99\xe9)\xed\x7f\xe1I\
W\xce\x04(,.QeU\xb5\xe9\x18\x80\xe3(\x00\
\x8cc\x0d\x00\x00\x00\xc8>3M\xcbl]\xff\xf1U\
\xeb\x1dJ\xb2\xb0\xaa\xea\xda\xb4\xbd\x96#,KG\x0e\
\x1fP08g:\xc9\x82&\xc6\xc7\xf4\xcaK\xfb4\
\x1f\x89\x98\x8e\xb2d+\x9asq\x1f\x00\xc6%\xd9\x8e\
\x02\x00\x00\x00,\x8ee\xc9\x13\x8f\xcb\x13\x8fK\x198\
\xe5\x18\x99e\xb6\xa6V\xf1\xbc\xbc\xa4\xaf\xdf\xd5\xb4R\
\xe5\xf9\x01\x07\x13\xddZE\xa5\xbb\x9e\xf4^\xef\xb8\xac\
\xae\xeb\x1d\xa6c,\xda\xc8\xf0\x90^\xdb\xff\x8c\xebN\
\x08hh\xcc\xe1}\x00\x90\xb5\xfc\xa6\x03\x00@:x\
c1y\xe7\xe7\xe5M\xc4\xe5I$n|\xc4\x13\xbf\
\xfc\xfb\x9b\x9f\x97e\xc9\xf2zey}\xb2|^%\
\xde\xfdk\xdc\xe3U\xdc\xeb\x95\xe5\xf7\xcb\x0a\x04\x5c\x7f\
V4\xe0\x89\xc5\x94\x17\x0e)/\x14V^((\x7f\
(\xa4\xbcPH\xbehT\x9ex\x5c\xdew\x07\xfa\xde\
X\xec\x97\x83~O\x22\xa1\x9b\x7f\xf2C\xb1y\x8d\x85\
C\x1a\x8dF4\x1e\x8bj|>\xaa\xf1\xd8\xbc\xc2\x1e\
\x8f\xfc\xc5\xc5\x0aTT\xa8\xa0\xacB\xc5\xe5\x15*.\
\xabPIY\xb9J\xcb+\x94\x9f\xa6\x01\x1d2\x80\xd7\
\xab\xd9e\xcbT\xde\xd5\x95\xd4\xe5\x01\xbf_\x9f_\xb3\
A\xfft\xe1\x94\xc3\xc1\xde\xaf\xa0\xb0PE%\xee:\
\xbf\xfe\xfc\xb9wLGX\xb2\x81\xfe^\x9d~\xe7\x88\
v\xee\xbe\xcft\x94Es\xe3\xd2\x10`!\x14\x00\x00\
\x5c\xcf\x17\x89(0;+\x7f8$\x7f$\x22\x7f8\
,\xdf\xbb\x7f\xf5G\x22\xf2\x85\xc3\xf2\xc6\xe3\xb7\xbc~\
2\x1c\xd2\xc0\xec\xb4\xc6\xc3!MDB\x9a\x08\x874\
\x1e\x0ei4\x1c\xd4p0\xa8\xc1PP\xc1x\xec\x97\
\xbf\xde\xef\xf7\xab\xa6\xb6N5\xb5\xf5\xaa\xaa\xaaQe\
U\xb5**\xabT^Q\xa5\xfa\x86e\xae{\x92\x84\
,\x97H\xa8`fZ\x85\x13\x93*\x98\x9cP\xde\xdc\
\x9c\xf2\x82Ay\xa3Q-\xa6\xc6\x8a%\xe2\xea\x9c\x1c\
\xd7\x95\xf1\x11]\x1c\x1dV\xd7\xd4\x84:\xa7'5\x16\
\x0e-y\xa2\xa7\xc7\xe3Q\xd3\xf2f\xb5\xad\xdb\xa0\x96\
UmZ\xbe\xa2U\xcb\x967\xab\xb0\xb0(\xc9\xff8\
d\xba\xe9eMI\x17\x00\x92\xf4\xd1U\xebR^\x00\
TU\xbb\xeb\xf8\xbf\x89\xb1\x11M\x8c\x8f\x99\x8e\x91\x94\
\x0bgOi\xc3\xc6m\xae)\x5c\x02\x85E\xaa\xaa\xae\
\xd1\xf8\xd8\xa8\xe9(\x80c(\x00\x00\xb8\x86'\x1eW\
`vV\x81\xd9\x19\xe5OO+\xf0\xee\x87/\xba\xb8\
)\x85\xd1xL\xfd\xb3\xd3\xea\x9d\x99R\xd7\xf4\xa4:\
&'tqr\x5cc\x91\xb0\xde;\x8cYh@\x13\
\x8b\xc548\xd0\xaf\xc1\xfe\xfe\xf7|\xf6WW\x95W\
T\xaam\xdd\x06\xadl]\xa3\x15\xcd\xadjljV\
\x89K\xde\xec\xc0\xfd|\x91\x88\x0a'o\x0c\xf6\x0b\xc7\
\xc7\x15\x98\x9c\x947\x91X\xf4\xf5S\xe1\x90\xda\xc7G\
tilX\xa7\x87\x07trx@\xa1\x0f\x16hI\
N\xff\xb7,K\xbd=]\xea\xed\xe9\x94\xf4\xfc\xbb\x9f\
\xf5h\xc5\xcaVm\xdc\xb4U[\xb6\xed\xd2\xdau\x9b\
\x95\x1f`\x96@\xb6\x08UVj\xbe\xb0Py\xa1P\
R\xd7o\xa9oRcQ\xb1\x06R\xb8\xd6\xbd\xa4\xa4\
,e\xf7N\x85\xae\xcev\xd3\x11\x92\x96H$t\xfe\
\xec\x09\xdd\xb9\xf7A\xd3Q\x16\xad\xba\xa6\x8e\x02\x00Y\
\x85\x02\x00@\xe6J$T49\xa1\xa2\xd1Q\x15\x0d\
\x0f+05\xb5\xa8'\x967\xc5\x12\x09\xb5O\x8c\xea\
\xf4\xc8\xa0\x8e\x0e\xf5\xe9\xfc\xc4\x98\x12iX\xb6<5\
9\xa1\xe3G\xde\xd2\xf1#oI\xbaQ\x0d4-o\
\xd6\xae\xddwk\xd3\xd6\x1dZ\xbe\xa2%\xf5!\x90S\
\xfc\x91\xb0J\x07\x06T\xda\xd7\xa7\xc0\xe4\xe4\x92\xbeN\
$i<4\xa7\xc3\xbd\x9dz\xe9\xda\x15\x9d\x18\x19L\
\xeb\xf6M\x96e\xa9\xbb\xf3\x9a\xba;\xaf\xe9\x85g\x9f\
TAA\x81\xee\xbc\xeb^m\xdb\xb9G\x1b6mS\
qqI\x1a\xd3\xc0q\x1e\x8ff\x9b\x9aT\xd9\x9e\xdc\
\xa0\xd5\xe7\xf5\xea\x8bk7\xeb\xbf\x9d:\xe2p\xb0_\
)r\xd1\x9f\xb1D<\xae\xf6+\x17L\xc7\xb0\xe5\xe2\
\xf93\xda\xb0i\xbbJ\xca\xcaMGY\x14N\x02@\
\xb6\xa1\x00\x00\x90Q\xf2\x82A\x15\x8f\x8e\xa8h\xe4\xc6\
\xc7\xed\xa6\xee\x7f\x98\xa1\xb9\x19\x9d\x1b\x1d\xd2\x89\xa1~\
\x1d\x1e\xee\xd7\x5c,\xb6\xf0Ei\xd0\xd7\xdb\xad\xbe\xde\
n=\xf5\xc4#\xaa\xad\xab\xd7\x9dw\xdd\xab\xcd[w\
je\xcb*y<\xec\xc7\x8a\xa5\xf3\xce\xcf\xabtp\
P\xa5\xfd}*\x1c\x1d]\xf2\xa0\x7f&\x12\xd6\xd1\xfe\
n\xed\xbf~E\x87\x06z\x95\xc8\x90M\xfd\xc2\xe1\xb0\
\x0e\x1e\xd8\xaf\x83\x07\xf6\xcb\xe7\xf3i\xf7\xde\xfb\xf4\xf1\
\x87>\xaf5k7\x9a\x8e\x86$M7.K\xba\x00\
\x90\xa4\x07[\xd7\xa6\xb6\x00(*N\xd9\xbd\x9d62\
<\xa0P\x92\xb3)2\x85eY:w\xe6\xb8\xee\xba\
\xf7c\xa6\xa3,Jyy\xa5\xe9\x08\x80\xa3(\x00\x00\
\x18\xe7\x89\xc7T\xd6?\xa0\xf2\xee.\x15LN.\xf9\
\xfapl^\x87\xfb\xbb\xf5\xcc\xf5+:71\x96\xf1\
\x87\xcf\x8c\x0c\x0f\xe9\xb9}\x8f\xeb\xb9\xa7\x1eWC\xe3\
2=\xf4\xd9/i\xc7\x9d{\x95\x97\x97o:\x1a\x5c\
\xa0pbB\x95\xd7:T<4$O\x12\x83\xf6\x8b\
#\x83z\xe2\xd2\x19\xed\xef\xb9\xae\xe8\x12\x96\x06\x98\x10\
\x8f\xc7u\xf8\xd0\x01\x1d>t@\xeb7n\xd2\xa7>\
\xf7\x15m\xdd\xb6[>\x9f\xcft4,A\xa4\xacL\
\xf3EE\xca\x0b&w\x16\xfc\xda\x9az5\x15\x97\xaa\
ov\xc6\xe1d7\x14\xba\xa8\x00\x98\x9e\x9a0\x1d\xc1\
\x11\x97/\x9e\xd3\xa6\xad;UZVa:\xca\x82\xca\
(\x00\x90e(\x00\x00\x18\x13\x98\x99Qyw\x97J\
{{\xe5K\xe2I}\xf7\xf4\x84\xf6wu\xe8\xd9\xae\
\x0e\xcd\xc6\xe6S\x900\xf5\x06\x07\xfa\xf5\x0f\xdf\xffk\
=\xf5\xf8O\xf4\xd0g\x1e\xd6\x9e\xbb\x1fP\x01\x1b\xa2\
\xe1C\x14NL\xa8\xfa\xea\x15\x15\x8e\x8c,\xf9i\xbf\
tc\xe0\xffO\xe7N\xea\xf5\xfenY\x19\xf2\xb4\x7f\
).]8\xa7K\x17\xce\xa9qY\x93>\xf7\xf0\xd7\
u\xf7\xbd\x1f\x95\x97\x22\xc05\xc2\x15\x15I\x17\x00\x92\
\xb4\xb3\xa1I}\xed\x97\x1cL\xf4+\x85\x85\xee)\x00\
Baw?\xfd\x7f\xaf\x81\xbenW\x14\x00%\xa5\xee\
\xda#\x02X\x08\x05\x00\x80\xb4+\x19\x1eRU{\xbb\
\x02\x13\x13I\x0dd\x8e\x0f\xf6\xea\xb1+\x17tj|\
\xc4\xf1l\xa6LN\x8c\xebg?\xfe\x1fz\xfa\x17?\
\xd3C\x9f}X\x0f~\xfc\xb3\xca\xb3q~6\xb2G\
\xe1\xe4\x84\xaa\xaf$?\xf0\xbf4:\xa4\x7f:wB\
\x07\xfa\xba\x1d\xcff\xc2@\x7f\x9f\xfe\xeeo\xfe\x8b\x0e\
\x1exQ\xff\xec;\xff3{j\xb8D\xa4\xa2B\xa5\
\xef\xdb8ui6\xd66h_\xca\x0a\x00\xf7\x94\xae\
\xe1\x14n\x86\x98n}\xbd]Z\xbba\xab\xe9\x18\x0b\
\xf2\xf9\xf3TYU\xed\xda\x93\x17\x80\x0f\xa2\x00\x00\x90\
6\x81\xe9i\xd5^\xbc\xa0\xa2\xd1\xe4v\xd3\xed\x9c\x1a\
\xd7\x0f\xce\x9d\xd4\xd1\x91!\x87\x93e\x8e`pN\xbf\
x\xec\xc7:\xf6\xf6!\xfd\xf6\xb7\xff\xadV\xb6\xac6\
\x1d\x09\x86\xe4\x05\xe7T\x7f\xfe\xbc\x0a\x87\x87\x93\x1a\xf8\
\xf7\xcfL\xe9oO\xbc\xa5\xd7\xfa\x92?\x82-\x93]\
\xbapN\xdf\xfd\x83\xdf\xd5\x17\xbe\xfc[\xfa\xf4\xe7\xbf\
\xaa@\xa0\xc0t$\xdcF\xb8\xdc\xde\x86om\xd5u\
\x0e%y?\xbf\xdf\xaf<\x17\x9d:\x11\xcc\xa6\x02\xa0\
\xa7K\xf1XL>\x7f\xe6\x0fG\xaakj)\x00\x90\
52\xff+\x0e\x80\xeb\xf9\x22\x11\xd5\x5c\xb9\xac\xb2\xee\
\xee\xa4\x062\x13\xe1\x90\x1e\xb9tF\xfb\xba\xda\xd3\xb2\
\x8b\x7f&\xe8\xed\xe9\xd2\x7f\xfa\xe3\xffS\x9f\xfa\xfc\x97\
\xf5\xd0g\xbe\xac\xfc|\xf6\x07\xc8%\x15\xdd\xdd\xaa\xb9\
p~\xc9\x9b`J76\xd8z\xa1\xe3\xa2\xfe\xeb\xf1\
\xb7\x14\x8cg\xc6&\x98\xa9\x12\x8f\xc7\xf5\x8bG\xffI\
o\x1fzM\xbf\xf3\xfb\x7f\xa0\x96UkMG\xc2-\
\x84K\xcbdII\xfd\x0c\x90\xa4\xd6\xca\x1a'\xe3\xfc\
R\xa9Kv\xa2\xbf)\x9b\x0a\x80x<\xae\xb1\xd1!\
\xd554\x99\x8e\xb2\xa0\xca\x14\xfd\xf9\x03L`\xebi\
\x00)U\xd9y]\xad\xaf\xbd\xaa\xf2$\x06\xff\x96e\
\xe9\xd9\x8eK\xfa\x97\xfb\xf7\xe9\xc9\xaeve\xf6ve\
\xce\xb3,K\xcf\xef{\x5c\xff\xf1\x8f\xff@\xfdY2\
}\x1b\xb7\xe7\x8bD\xd4t\xfc\x98\xea\xce\x9eIj\xf0\
?\x1e\x0a\xea\xdf\xbd\xf1\x82\xfe\xe4\xc8\x1bY?\xf8\x7f\
\xaf\x81\xfe>\xfd\xc9w\xff7\x9d:\xf9\xb6\xe9(\xb8\
\x85D^\x9e\xe6K\x92?n\xaf\xa2\xb0H\xad)\x18\
\xac\xbbm}\xf7\xecLj6B4ep\xa0\xd7t\
\x84E)\xaf`#@d\x0f\x0a\x00\xc3,\x07?\x80\
L\xe2\x8d\xc5\xb4\xec\xe4\x09\xd5\x9eO\xee)fh~\
^\x7fz\xfc\x90\xfe\xf2\xdc\x09\xcd\xe5\xd0@\xe6\xc3\x0c\
\xf4\xf5\xea\xcf\xfe\xfdwu\xad\xfd\xb2\xe9(H\xa1\x92\
\xa1A\xb5\xbc\xf1\xba\x8a\x87\x92[\xe2\xf2V\xcfu}\
\xfb\xd9G\xf5jovN\xf9_H4\x1a\xd5\x9f\xff\
\xc7?\xd2\xfe\x17\xf7\x99\x8e\x82[\x88T\xd8\xdb\xf0m\
{\x0a\x9e\x14\xe7\xbbh\xfa\xbf$E\xa3\x11\xd3\x11\x1c\
\xd5\xd7\xe3\x8e\xefWn:)\xc2\x09\x8cK\xb2\x1b\x05\
\x00\x00\xc7\xe5\xcf\xcd\xaa\xf9\xcdC*\x19\x18H\xea\xfa\
\xbe\x99)\xfd\xaf\x07_\xd4+\xfd<\xf5\xbe)\x18\x9c\
\xd3_\xfc\xe9\x1f\xe9\xfc\xd9wLGA\x0a\xd4^\xbc\
\xa0\xc6\xe3\xc7\xe5\x8bF\x97|\xadeY\xfa\xde\xc9\xb7\
\xf4\xbf\xbf\xf1\xa2\xc6\x22\xe1\x14\xa4s\x0f\xcb\xb2\xf4\xa3\
\x1f\xfc\x8d~\xfa\x8f\xdfS\x22\x89\xe2\x11\xa9\x15)-\
\xb5u\xfd\xea\xaaZ\x87\x92\xfc\x8a\xdf\xe7\xae\xd5\xb0\x81\
\x82\xec\xda\xebbxh@\xd1p\xe6\x7f\xdf\x0a\x14\x14\
\x9a\x8e\x008\x86\x02\x00\x80\xa3J\x86\x86\xd4|\xe8\x90\
\xf2gg\x93\xba\xfe\xe8@\x8f~\xef\xf5\x17\xd413\
\xe5p2\xf7\x9b\x9f\x9f\xd7\xdf\xfc\xc5\x7f\xd0\xf1#\x87\
LG\x81S,K\xf5g\xcf\xa8\xf2\xda\xb5\xa4\xd6F\
\xc7\x13\x09\xfd\xc5\xd17\xf4\xa3\x8bg\x1c\x8f\xe6f\xcf\
?\xfd\x84~\xfe\xc8\xdf\x9b\x8e\x81\x0f\x98/\xb47\x88\
\xaa/\xb6W |\x18\x9f\xcb\x8e\x92,\xc8\xc2\x81\xe8\
\xec\xdc\xb4\xe9\x08\x0bb\x93Qd\x13\x0a\x00\xe3X\x00\
\x80\xecQ\xd6\xd7\xab\xc6\xe3\xc7\xe4\x8d%7e\xff\xd5\
\xee\x0e}\xf7\xe8\xc1\x9c\x9f\xf2\x7f;\x89DB?\xf8\
\xef\x7f\xa1\xb3\xa7\x8f\x9b\x8e\x02\xbb\x12\x095\x9e>\xa5\
\xf2\xee\xe4f\xba\xcc\xc7\xe3\xfa\xd3\xc3\xaf\xea\xe7\xed\x17\
\x1d\x0e\x96\x1d\x9ey\xea1\xbd\xfe\xea\x0b\xa6c\xe0=\
b6\x07\xaf\xb5\xc5\xc9\xef!p+n\xd8\x81\xfe\xbd\
\x0a\xb2l\x06\x80$\x85\x82A\xd3\x11\x16\x14\x08\x04\xe4\
\xf1$\xbb\x85\xa5\x1b16\xc9f\x14\x00\x00\x1cQ<\
2\xac\xfa\xd3\xa7\x93\xde\xe1\xf9\xf8`\xaf\xfe\xf4\x9d#\
\xfc\xc8X\xa4\x1f\xfe\xdd_ix(\xb9%\x160\xcf\
\x93H\xa8\xe9\x9d\x93*\xed\xebK\xea\xfaH,\xa6?\
y\xf3e=\xd3\xd9\xeep\xb2\xec\xf2\xc3\xef\xfd\xa5.\
\x9e?m:\x06\xdeew\x06@MQ\x0a\x0a\x00\x97\
-\x01(L\xc1\xff\x07\xa6\x85\xdcp\xb2\x81\xc7\xab\xe2\
\x14\x14P\x80\x09\x14\x00\x00l+\x9c\x9cP\xe3\x89\x13\
\xf2X\xc9\x0d\xdf/\x8d\x0d\xeb\xff=\xf6f\xce\xed\xf2\
oG(\x18\xd4\xf7\xff\xdb\x9f)\x92\xe3k\xbe])\
\x91P\xd3\xf1c*\x1e\x1cL\xea\xf2h<\xa6\x7f\xf7\
\xc6\x0b\xda\xdf\xd3\xe9l\xae,\x94H$\xf4\x97\xff\xf9\
\x8f]\xb3\xd3x\xb6\x8b\x05\x02\xb2l<E\xad.*\
I\xbad\xbe\x15\xb7-\x01\xa8\xa9\xa93\x1d\xc1q\xc1\
`rK\x06\xd3\xad\xd8\xc6)\x16@&\xa1\x000\x8d\
\x15\x00p\xb9\xfc\xd9Y-;z4\xa9\x9d\xfe%\xa9\
{zR\xdf=\xf2\xba\x22\x096\xecZ\xaa\x9e\xaeN\
=\xfa\x93\x1f\x98\x8e\x81%\xaa\xbfxAE##I\
_\xff\xdfO\xbc\xa5C\x0ch\x17mnnV\x7f\xff\
w\x7f)+A\xc5h\x9c\xc7\xa3\x98\x8dY\x00\xf9~\
\xbf\x1a\x1d~\x0a\xeb\xb6\x19\x00U\xd5\xceo\x84h\xda\
\xdc\x9c;\x0a\x80\xa2\x5c\x99\x01\xc0\xd8$\xebQ\x00\x00\
H^\x22\xa1e\xc7\x8f\xc97?\x9f\xd4\xe5\x91xL\
\x7f\xf4\xf6\xeb\x9aN\xf2zHo\x1d<\xa0S'\x8f\
\x98\x8e\x81E*\xeb\xefSYgg\xd2\xd7\xbfz\xfd\
\x8a~v\xf5\x82s\x81r\xc4\x85sgt\xf4\xc8A\
\xd31 i\xbe\xa8\xc8\xd6\xf5\xad\xe5\xce\x9e\xc7\xee\xb6\
\x19\x00\x95U5\xa6#8nn6\xf37\x01\x94\xa4\
\xa2\x1c;\x0a\x10\xd9\x8b\x02\x00@\xd2\xaa:;\x95?\
\x97\xfc\xda\xbdg;.\xab/\xe4\x82\xb5\x7f\x19\xee\xd9\
\xa7\x1eS\x82\xa7\x9b\x19/\x7ffFug\xce$=\
\x85\xf9\xfa\xe4\x98\xfe\xfd\xd17\x1c\xcd\x94K~\xfa\xa3\
\xef)\x14\xca\xfc\xcd\xc6\xb2\x9d\x9d\x19\x00\x92\xb4\xbc\xac\
\xc2\xa1$7\xb8\xad\x00\xc8\xcb\x0fhY\xd3\x0a\xd31\
\x1c53\xed\x8e\x02\xa0\xa0\xd0^y\x05d\x0a\x0a\x00\
\x00I\xf1E\x22\xaa\xbcz%\xe9\xeb'\xc2A\xfd\xe3\
\x95s\x0e&\xca]\xbd=]:{\xfa\x84\xe9\x18\xb8\
\x0do,\xa6e'O$\xbdTf.\x1a\xd1\x1f\x1e\
zY!\xce\xb6O\xda\xf8\xd8\xa8^|\xf6q\xd31\
r^\xcc\xe6.\xf659\xbe\x04@\x92\xd6\xae\xdfl\
:\x82\xa3f\xa6\xa7\x5c\xb1D\xa7\x90\x02\x00Y\xc2}\
\xdf\xf5\x00d\x84\x9a\xabW\xe4K\xf2\xb8?I\xfa\xc9\
\xc53\x0cf\x1c\xf4\xdc\xd3\x8fi\xeb\xb6\x9d\xf2x\xe8\
u3Q\xfd\xd93\xca\x9fM~\x9d\xeb\x9f\x1f;\xa8\
\x8e\xe9)\x07\x13\xe5\xa6}O<\xa2{\xee\xff\x84j\
\xeb\x1aLG\xc9Y\x09\x9bO\xdc\x0b\xfdy\x0e%\xb9\
\xc1\xeb\xb2\x19\x00\x92\xd4\xb4|\xa5\x0a\x0a\x0a\x14\x0eg\
\xc7&\xb0\x96e\xe9\x8d\xd7\x9e\x97\xd7k\xfa\xe7\x97\xf5\
!\x7f\xf7\xab\x7f\x98\xe6{0\xb2\x04\x05\x00\x80%\x0b\
\xccL\xab\xac\xab+\xe9\xeb\xafM\x8e\xeb\x99\xeek\x0e\
&Bw\xe7u\x9d;sR[\xee\xd8e:\x0a>\
\xa0hlL\xa5\xfd\xfdI_\xff\xce`\xaf\x9e\xef\xea\
p0Q\xee\x8a\xc5b:\xf2\xd6\x01}\xee\xe1\xaf\x9b\
\x8e\x92\xb3,\x9b\x03\xee\x80\xdf\xd9\xb7\xaenx\xf2\xfc\
A^\x9f_\x1b\xb7l\xd7\xc9c\x87MGqL\xe7\
\xb5vY\xef\x1dv'\xb1\x89\x9cu\xab\x8b\x16}\xaf\
\xdb\x17\x00@\xb60]\xb5\x01p\xa1\xda\x8b\x17m\x1d\
\xc5\xf4\x83s'\xf9y\x9a\x02\xcf=\xf5\x98\xe9\x08\xf8\
\x105\x97/%}\xadeY\xfa\xfe\xe9\xa3\x0e\xa6\xc1\
\x81W\x9eg\xcf\x0c\x83l\x17\x00\x0eO\xd9\x8f\xbbt\
&\xda\xfa\x0dw\xa8\xbc\xc2\xd9\x0d\x11\x01\xe4\x06\x0a\x00\
\x00K\x92?7\xa7B\x1bG\x98uOO\xea\xc4\xd8\
\xb0\x83\x89pS\xe7\xf5\x0e\xce;\xcf0%CC*\
\x98\x98H\xfa\xfa\xc3\xbd\x9d:3\x96\xfc\xd7\x1b~\xdd\
\xf0\xd0\xa0\xda\xafp\x92\x82)\x09of\xcd\x00\x88\xc7\
\x93_\xcaf\x92\xcf\xef\xd7\xde{>j:\x06\x00\x17\
\xa2\x00\x00\xb0$%\x83\x03\xb6\x9e\xfe\x1fe\x80\x9aR\
W.\x9d7\x1d\x017Y\x96\xaam<\xfd\x8f'\x12\
\xfa\xfe\x19\x9e\xfe\xa7\xc2\xdbo\xbef:B\xceb\x06\
\x80sj\xeb\x1bu\xc7\x8e\xdd\xa6c\x00p\x19\x0a\x00\
\x00Kbg-\xb3$\xbd\xda\xdb\xe9L\x10|\xa8\x0b\
g\xdf1\x1d\x01\xef*\xeb\xefW`f&\xe9\xeb\x0f\
t\xb5\xeb\xea\xd4\xa4\x83\x89p\xd3\xa1\xd7\xf7+\xcc\x91\
\x80F\xd8\xdd\x04\x90\x19\x00\xef\xb7\xf5\x8e;\xb5u\x1b\
{\xbf\x00X<\x0a\x00\x00\x8b\x96?7\xa7|\x1b\xe7\
\xf5vOO\xea\xda\xac;\xce\xfbu\xab\xf3gO)\
\x12\x89\x98\x8e\x81DB\xd5W.'}y4\x1e\xd7\
\xf7\xcf\x1cs0\x10\xde+\x1c\x0e\xeb\xfa\xb5\xe4\x8f1\
E\xf2,\x9f\xbd\xb7\x9e\xf9\xcc\x00x?\x8fGwl\
\xdfC\x09\x00`\xd1(\x00\x00,Z\xa9\xed\xe9\xff=\
\x8ee\xc1\x87\x8b\xc5b\xead`c\x5c\xf1\xe8\xa8\xf2\
\x82\xc9?a~g\xb0G\xbds\xc9\x1f\x1b\x88\x85\xf5\
t_7\x1d!'\xd9\xdd\x03\xc0\xe9\x02 \x16\x9bw\
\xf4~Fx<\xbac\x07%\x00\x80\xc5\xa1\x00\x00\xb0\
h%6\xa7\xff\xbf\xd2\x9b\xfc\xd1\x81X\xbcK\x17\xce\
\x9a\x8e\x90\xf3J\x07\xec}\xad\xbc\xde\xc51\x99\xa9\xd6\
y\xed\xaa\xe9\x089)\xd3\x8e\x01\x8cF\xa3\x8e\xde\xcf\
\x18J\x00\x00\x8bD\x01`\x98\xe5\xd0\x07\x90jyA\
{\xd3\xff{\xa6\xa7t\x9d\xe9\xffiq\xe6\x1d\xa6\x8e\
\x9b\xe4\x89\xc7U28\x98\xf4\xf5\xa1\xf9\xa8^\xee\xa1\
\x00H\xb5\xcb\x17\xcf\x99\x8e\x90\x93\xec\xee\x01\xe0\xf4\x0c\
\x80\xb9\xd9\xe4\xf7\xe9\xc88\xef\x96\x00{\xee~@>\
\x87\x8b\x12\xe4\x0e\xc6&\xd9\x8f\x02\x00\xc0\xa2\x14LM\
\xdb\x9a\xfe\xdf9\x9d\xfcQhX\x9a\xfe\xbe\x1e\x85\xd8\
\xe0\xcc\x98\xe2\xd1\x11yc\xc9o,vb\xa0Wa\
\xb7\xafKv\x81\x91\xe1!MM\xf1})\xdd\xec\xef\
\x01`\xaf@\xf8\xa0\x99\x99)G\xefg\x9c\xc7\xa3\xb5\
\x1b\xb6\xea\x8b_\xf9m5\xb7\xac2\x9d\x06@\x06\xa2\
\x00\x00\xb0(vv3\x97\xa4\x9el{\x93\x95\xe1&\
\xc6GMG\xc8YvO\xca8\xd0\xdd\xe1P\x12,\
\xa4\x9feIi\x97i{\x00\xccLMIV\xf6=\
\xaf,.)\xd3\x03\x1f\xfb\xac>\xf2\xf1\xcf\xa8\xa8\xa8\
\xd8t\x1c\x00\x19\x84\x02\xc08&\xda\xc0\x1d\xf2g\xec\
M\xdf\xbf>\xcdqf\xe94>6b:BN\xf2\
\xc4b*\x1e\x1aJ\xfa\xfa\xd9hD\xafqTf\xda\
\x8c\x8fQ\x94\xa5\x9b\xdd=\x00\xf2\x1d\x9e\xda\x9eH$\
\x14\x89\x84\x1d\xbdg&Y\xber\xb5\xbe\xf0\xe5\xdf\xd6\
\xc6\xcdw\x98\x8e\x02Wal\x92\xcd(\x00\x00,J\
\xbe\xcd\x19\x00W'\xc7\x1dJ\x82\xc5\x18\x1b\x1d6\x1d\
!'\x95\x8c\x8e\xcakc\xfa\xfe;\x83\xbd\x8a&\x12\
\x0e&\xc2\xed\xb0T&\xfd,\xaf\xd7\xd6\xd0\xc0\xe9%\
\x00\x92\x14\x0a\xce9~\xcfL\x92\x17\x08h\xe7\x9e\xfb\
\xf5\xb9\x87\x7fSk\xd6\xae\x97\xc7cgA\x1f\x00\xb7\
\xa3\x00\x00\xb0 O<\xae\xbc\xb9\xe4\xdf \xcdF#\
\x1a\x0a\x87\x1cL\x84\x85\x8c\x0c'\xbf\x09\x1d\x92\x17\x98\
\xb27\xd3\xe5*K7\xd2*L\x01`\x84\x9dY\x00\
\xf9>\xbf|\x0e\x0f`\xb3\xbd\x00\xb8\xa9\xb2\xbaNw\
\xdf\xf7\x09}\xe57\xbe\xa5m;v+??`:\
\x12\x00\x03(\x00\x00,(\x7fn\xd6\xd6\x06\x80\x03s\
3L\x06K\xb3\xe1\xc1\x01\xd3\x11rR\xc1\x94\xbd\xbd\
..\x8d\xb3t#\x9d\x8292\xf0\xcb4\x09\x9b\xd3\
\xf8\x8b\xfdy\x0e%\xb9a:\xc7\x96\xa8\x15\x95\x94j\
\xeb\xf6=\xfa\xea\xd7\xff\x85\xee\xb9\xffc\xaa\xa8\xac2\
\x1d\x09@\x1aqF\x88i\x8c\x8a\xe0\x02\x81\x99Y[\
\xd7\xf7\xd9\xdc?\x00K\xd7\xdf\xd7c:BN\x0a\xd8\
(\x00\x12\x96\xa5\xb3,\xddH\xab\xe0\x9c\xbd\xefmH\
\x8e\xdd}\x00\x8a\xf3\xf24=\x1fu(\x8d4:2\
\xa4u\x8e\xdd\xcd=\xfcy\xf9Z\xdd\xb6Q\xab\xd7\xac\
\xd7`\x7f\xaf:\xda/\xe9\xfa\xb5v%8\x85\x04\x8c\
O\xb2\x1a\x05\x00\x80\x05\xe5\xdb|\x93\xdc;K\x01\x90\
nc\xa3#\x8aF#L\xf1L#\x7f8,_4\
\xf9A\xc9\xd0\xdc\x8cfc\xf3\x0e&\xc2B(\x00\xcc\
\xb0[\x00\x94\xe4\xe7K\x0e\xce\xde\x18\x1a\xec\xbfq\x12\
@\xae\xae\x8d\xf7x\xd5\xd0\xd4\xac\x86\xa6f\xed\xde\xfb\
\x80\xfa\xfb\xba\xd5y\xed\x8a\xba;\xaf\xc9\xca\xc2\x13\x12\
\x80\x5cG\x01\x00`A\xbeH\xc4\xd6\xf5SY\xbc\xc3\
r&\x9b\x9a\x1cWm]\xa3\xe9\x189#`s\xa6\
K\xf7\x14\x1be\xa6\xdb\x1cK\x00\x8cH\xd8,\x00\x8a\
\xf2\xf2\x1dJrC8\x14RpnVE%\xa5\x8e\
\xde\xd7\x8d\xf2\xf2\x03Z\xd9\xda\xa6\x95\xadm\x8a\x84C\
\xea\xeb\xed\xd4\xf5\x8e\xcb\xea\xeb\xe96\x1d\x0d\x80C(\
\x00\x00,\xc8\x1b\xb37\x1d0\xc8SM#\x226\x8b\
\x1b,M\xc1\xb4\xbd\x02\xe0\xda\x04\x05@\xba%\x12L\
u6\xc1\xee\x0c\x80\x22\x87\xf7\x00\x90\xa4\x89\xf1Q\x0a\
\x80\x0f\x08\x14\x14j\xd5\x9a\x0dZ\xb5f\x83B\xc1Y\
\xf5vw\xaa\xeb\xfaU\x96\x98\x01.G\x01\x00`A\
\xdex\xcc\xd6\xf5\xc1\x98\xbd\xeb\x91\x9cy\x1b\xd3\xd1\xb1\
t\xf96\x0b\x80\x8e\xc91\x87\x92\x00\x99\xcd\xf2\xda\xdb\
\x83:\x15G\x01\x8e\x8d\x8d\xa8\xa9\xb9\xd5\xf1\xfbf\x8b\
\xc2\xa2\x12\xb5\xad\xdf\xac\xb6\xf5\x9b\x15\x0a\xce\xa9\xbf\xb7\
K\x9d\xd7\xaf\xaa\xb7\xa7\xcbt4\x00KD\x01\x00`\
A^\x9b\x03\xf8\xb9yf\x00\x980\xef\xe0&YX\
\x98?lo\xa9\xcbp\x90\xf5\xe8\xc8\x116\xd7\x95'\
R\xb0.}p\xa0W[\xb7\xefv\xfc\xbe\xd9\xa8\xb0\
\xa8X\xab\xd7n\xd4\xea\xb5\x1b\x15\x09\x05o\xec\x19\xd0\
\xd9\xae\x9e\xae\xeb\xec\x19\x00\xb8\x00\x05\x00\x80\x05\xd9.\
\x00b\x0cDM`\x06@z\xd9\xfd:\x99\xe1\xf7\x0b\
X\x94T\x0c1G\x87\x8747;\xad\xe2\x92\xb2\x14\
\xdc={\x05\x0a\x8b\xd4\xbaf\xbdZ\xd7\xacW4\x1c\
V\x7f\x7f\xb7\xba:\xdb\xd5}\xbdC\x89D\xc2t<\
\x00\x1f\x82\x02\x00\xc0\x82<\xcc\x00p\xa5(3\x00\xd2\
\xcak\xf3\xcf\xf9$\x9be\x02\x8b\x92\xaa\xa7\xcc\xfd\xbd\
]j[\xbf%%\xf7\xce\x05\xf9\x05\x05jY\xb5V\
-\xab\xd6j>\x1a\xd1@\x7f\x8f\xba;\xdb\xd5y\xad\
]q\x8e\x16\x042\x06\x05\x00\x80\x05\xd9~\xb2I\x01\
`\x043\x00\xd2\xcbn\x010\x11e\xd3F\xe4\x06\x8f\
\xcd\x01|\xaa&\x99w^k\xa7\x00pH^~@\
\xcd-k\xd4\xdc\xb2Fw\xdd\x13\xd5\xe0@\xaf\xba;\
;t\xbd\xe3\xaabl\x0c\x0c\x18E\x01\x00`Av\
\x0a\x80\x84e)hs\x13A$\x87=\x00\xd2\xc8\xb2\
l}\x9dDb\xf3\x8a\xb3v\x16X\x94T\xcd\x00\x18\
\x19\x1ed\x19@\x0a\xf8\xf3\xf2\xb5\xbcy\x95\x967\xaf\
\xd2\x9e\xbb\x1f\xd4\xe0@\xaf\xae\xb5_\xd6\xf5\x8e+\xec\
\x19\x00\x18@\x01\x00\xe0\xf6,K\x1e\x1bS\xf7\xa2\xf1\
X\xca\x9e\xd6\xe0\xf6\xa2<QN\x1bo<.\x8f\x8d\
\xebC<\x11\x03\x16-\x95?SX\x06\x90Z>\x7f\
\x9e\x9aV\xb4\xaaiE\xabv\xdfu\xbf\xba\xbb:t\
\xe5\xf2y\x8d\x0e\x0f\x99\x8e\x06\xe4\x0c\x0a\x00\x00\xb7\xe5\
I$l\x0dlbl\x02dL\x94%\x00icw\
\x99L\x88e2\xc8%\xb6\x97\x00\xa4\xae\x02\xb8r\xe9\
\xbc\xda\xd6m\x96<v~\xf2a1\x02\x85Ej[\
\xbfEm\xeb\xb7hr|T\xd7\xaf]\xd1\x95K\xe7\
\x14\x0a\x05MG\x03\xb2\x1a\x05\x00\x00d)\xf6\x00H\
\x1f\xbb\x05@\xd8\xe6\xf5@.I\xe5\xac\xf1\xa9\xc9\x09\
\x0d\xf4\xf7\xa8\xb1\xa99u/\x82_SQU\xa3\xed\
U5\xbac\xfb\x1e\x0d\x0e\xf4\xa8\xfd\xcaE]k\xbf\
l:\x16\x90\x95(\x00\x00 K\xb1\xb62\x8d2\xf0\
\x5cs [\xa5r\x06\x80$]8w\x8a\x02\xc0\x10\
\xaf\xcf\xa7e\xcb[\xb4ly\x8bv\xdey\x8f._\
:\xa3\x0bgO)FI\x0a8\xc6k:\x00\x00\x00\
\x00\xb0X\xa9.7\x07\x07\xfa4>:\x9c\xd2\xd7\xc0\
\xc2\x8aK\xcb\xb4\xe3\xce{\xf5\xb5o\xfcK\xed\xde{\
\x9f\x0a\x0b\x8bLG\x02\xb2\x02\x05\x00\x00\x00\x00\xd2&\
S\x8f\x01|\xaf\xcb\x17\xcf\xa4\xe1U\xb0\x18\x81\x82B\
m\xdc\xb2S_\xfd\xado\xeb\xbe\x8f|R\x15\x95U\
\xa6#\x01\xae\xc6\x12\x00\xc3R=\x8d\x0d\x00\x00 \x9b\
\xa4cy\xd3\xb5\x8e\xab\xda\xb8y\xbb\xca+\xabS\xfe\
ZX\x1c\x9f?O\xab\xdb6j\xd5\xea\xf5\xea\xeb\xed\
\xd4\xb9\xd3'48\xd0g:V\x16\xb2\x18\x9fd9\
f\x00\x00\x00\x00\xc05\xd2549y\xfcp\x9a^\
\x09K\xe1\xf1z\xb5\xbcy\x95>\xf5\xf9\xaf\xe9\x13\x9f\
\xfe\xa2J\xcb\xcaLG\x02\x5c\x85\x02\x00\x00\x00\x00\xe9\
cw\x09@\x9a6\xcd\xec\xef\xebQ\x7fogZ^\
\x0b\xc9iZ\xd1\xaa/~\xe5\x9b\xda\xbes\x8f<\x1c\
\xdd\x08,\x0a\x05\x80i\x96\x83\x1f\x00\x00\x00Y.\x9d\
oyN\x1c{K\x898;\xd0g2\x7f^\xbe\xee\
\xd8\xb9W_\xfa\xea?\xd3\xb2\xa6\x15\xa6\xe3d\x07\xc6\
%Y\x8d\x02\x00\x00\x00\x00\xae\x91\xce#N\xa7\xa7&\
u\xf5\xf2\xf9\xb4\xbd\x1e\x92W^Y\xad\x87>\xf3e\
=\xf0\x91O\xa9\xa0\xa0\xc0t\x1c cQ\x00\x00\x00\
\x00 m\xec\x9e\x02\x90Hc\x01 \xdd\xd8\x0b`z\
r<\xad\xaf\x89$y\xbcZ\xd5\xb6A_\xfe\xda\xb7\
\xb4~\xe3V\xd3i\x80\x8cD\x01\x00\x00\x00\x00\xd7H\
\xf7\xec\xe2D\x22\xa17\x0f\xeeW<\xc6R\x00\xb7\x08\
\x14\x16i\xef\xbd\x1f\xd3g>\xff5\x05\x98\x0d\x00\xbc\
\x0f\x05\x00\x00\x00\x00\xd2\xc7%\x9b\x00\xbe\xd7\xf8\xd8\xa8\
\xce\x9c:\x9a\xf6\xd7\x85=\xf5\x8d\xcb\xf5\xb9/\xfe&\
'\x05\x00\xefA\x01\x00\x00\x00\x00\xd70uF\xf9\x85\
s\xa74\xd8\xd7m\xe4\xb5\x91\xbc\xb2\x8a*}\xf6\x0b\
\xbf\xa9\x9a\xda:\xd3Q\x80\x8c@\x01\x00\x00\x00\x00\xd7\
00\x01\xe0\x97\x0e\xbe\xf1\xb2\xa6\xa7&\xcc\x05@R\
\x0a\x8bK\xf4\xa9\xcf~E\xcbW\xac4\x1d\x050\x8e\
\x02\x00\x00\x00\x00\xe9cw\x09\x80\xc13\xc6\xa2\x91\x88\
^}\xf9i\x85\x82\xb3\xc62 9y\x81\x02}\xec\
\x93_\xd0\x9a\xb5\x1bLG\x01\x8c\xa2\x00\x00\x00\x00\x80\
k\x98\x9c\x01 Is\xb3\xb3:\xb0\xff9\xcdG#\
f\x83`\xc9\xbc~\xbf\xee{\xf0\x93\xda\xbam\x97\xe9\
(\x801\x14\x00\x00\x00\x00H\x1b\x8f\xcd\xebM\xce\x00\
\xb8i||T\x07_{Q\xf1\xd8\xbc\xe9(X*\
\x8fW;\xf7\xdc\xa7\xbb\xeey\xc0t\x12\xc0\x08\x0a\x00\
\x00\x00\x00\xa4\x8f\xcdG\xf8\x09\xf3\xe3\x7fI\xd2@\x7f\
\xaf^yq\x9fB\xc19\xd3Q\x90\x84\x0d\x9bwh\
\xef\xbd\x1f1\x1d\x03H;\x0a\x00\x00\x00\x00\xb8F&\
\xcc\x00\xb8idxH/<\xf3sM\x8e\x8f\x9a\x8e\
\x82$\xac\xdf\xb4M\x9b\xb6l3\x1d\x03H+\x0a\x00\
\x00\x00\x00\xb8\x86ez\x13\x80\x0f\x08\xce\xcd\xe9\x85g\
\x9eP_O\xa7\xe9(H\xc2\xae=\xf7k\xc5\xcaV\
\xd31\x80\xb4\xa1\x00\x00\x00\x00\x80kd\xd6\xf0\xff\x86\
x<\xa6\x03\xfb\x9f\xd3\xa5\xf3\xa7\xcc\xefR\x88%\xf1\
\xfa|\xba\xff#\x9fReU\xb5\xe9(@ZP\x00\
\x00\x00\x00 }\xec\x1e\x03\x98\xc1\x03\xec\x13G\xdf\xd2\
\xd1\xc3\x07\x94\x88\xc7LG\xc1\x12\xe4\x07\x0a\xf4\xd1O\
|^>\x9f\xcft\x14 \xe5(\x00\x00\x00\x00\xe0\x1a\
\x99;\xfc\xbf\xe1\xea\xe5\x0bzm\xff\xb3\x8a\x84C\xa6\
\xa3`\x09\xca*\xaa\xb4{/'\x03 \xfbQ\x00\x18\
f9\xf4\xbf\xcc\xffq\x08\x00\x00\xe0\xc01\x80\x19<\
\x03\xe0\xa6\xc1\xfe^=\xbf\xefQ\xf5tu\xb0$\xc0\
E\xd6m\xd8\xaae\xcbW\x98\x8ea\x9c3c\x13d\
*\x0a\x00\x00\x00\x00\xa4O\x96\x1c\x03\xb8\x90\xb9\xb9Y\
\xbd\xfe\xea\x0bz\xe5\xa5}\x9c\x12\xe0\x12\x1e\xafW\xf7\
\xdc\xf7\x09\xf9\xfd~\xd3Q\x80\x94\xa1\x00\x00\x00\x00\x80\
k$\xac\x84\xe9\x08K2\xd0\xdf\xabg\x9e\xfa\x99N\
\x1c=\xa4(\xcb\x022^IY\x85\xee\xba\xfbA\xd3\
1\x80\x94\xa1\x000\xcdr\xe8\x03\x00\x00\xc0\x0d\xecn\
\x02\xe8P\x8ct\xbbx\xfe\xb4\x9e|\xe2\xc7\xea\xb8r\
^V\x22n:\x0enc\xcd\xdaM\xb9{*\x00c\
\x93\xacG\x01\x00\x00\x00\x00\xd7p\xc3\x1e\x00\xb7\x12\x8d\
Dt\xf8\xcd\x03z\xfe\x99\x9fkd\xa8\xdft\x1c\xdc\
\x82\xd7\xe7\xd3\x9d{\xee3\x1d\x03H\x09\x0a\x00\x00\x00\
\x00\xb8\x86\xbb\x16\x00|\xb8\xf1\xb1Q\xbd\xf8\xdc/\xf4\
\xfa+\xcfjh\xa0\x87\x8d\x023\xd0\xf2\x15\xadZ\xd6\
\xc4\x86\x80\xc8>\x14\x00\x00\x00\x00H\x1b\x8f\xdd%\x00\
Y4X\xee\xe9\xee\xd4\xcb/\xec\xd3\xb3O=\xa2\xeb\
\xed\x97\x14\x8f\xcd\x9b\x8e\x84\x9b<\x1e\xed\xda}\xaf\xe9\
\x14\x80\xe3(\x00\x00\x00\x00\xe0\x1a\xd9x\xc4\xd8\xc4\xf8\
\xb8\xde|\xe3\x15=\xf1\xb3\x1f\xe9\xdc\xe9c\x0a\x05\xe7\
LG\x82\xa4\x9a\xbaF\xadZ\xb3\xd6t\x0c\xc0Q\x14\
\x00\x00\x00\x00p\x8d,\x9a\x00\xf0k\x22\x91\xb0N\x9d\
8\xa2'~\xf6\xf7:\xf2\xe6\xab\x9a\x18\x1b1\x1d)\
\xe7m\xdc\xbc\xddt\x04\xc0Q\x1cr\x09\x00\x00\x80\xf4\
\xb19\x82Od\xe1\x0c\x80\x0f\xb2,KW/_\xd0\
\xd5\xcb\x17T\xdf\xb0Lk\xd6nP\xd3\x8aV\xe5\x07\
\x0aLG\xcb9u\xf5\xcbT[W\xaf\x91\xe1!\xd3\
Q\x00GP\x00\x00\x00\x00\xc05\xb2y\x06\xc0\x87\x19\
\x1a\xec\xd7\xd0`\xbf\xbc^\xafZV\xb7\xa9u\xd5:\
\xd574\xc9\xeb\xf3\x99\x8e\x96\x1b<\x1em\xda\xbaC\
\x07\xf6?o:\x09\xe0\x08\x0a\x00\x00\x00\x00\xb8F6\
m\x02\xb8\x14\x89DB\x1dW/\xab\xe3\xeae\x15\x16\
\x16j\xcd\xda\x8djimSEU\x8d\xe9hYo\
eK\x9b\x0a\x8b^W(\x184\x1d\x05\xb0\x8d\x02\x00\
\x00\x00\x00\xe9\xc3\x12\x00\xdbB\xa1\x90\xce\x9e>\xa1\xb3\
\xa7O\xa8\xba\xa6Vk\xda6jEs\xab\x0a\x8bK\
LG\xcbJ>\xbf_\x9b\xb7\xec\xd0\xb1#\x87LG\
\x01l\xa3\x00\x00\x00\x00@\xdaxl^\x9f\xa3\x13\x00\
niltDc#\xaf\xeb\xc8[\xaf\xabiy\xb3\
ZW\xafU\xd3\x8a\x16\xf6\x0bp\xd8\xca\xd65\x14\x00\
\xc8\x0a\x14\x00\x00\x00\x00p\x8dl<\x06\xd0)}\xbd\
\xdd\xea\xeb\xed\x92\xc7\xe3\xd1\xca\xd65jY\xd5\xa6\xc6\
e\xcd\xf2\xe7\xe5\x99\x8e\xe6ze\x15U\xaa\xac\xaa\xd6\
\xc4\xf8\x98\xe9(\x80-\x14\x00\x00\x00\x00H\x1f\xbbK\
\x00\x98\x02\xb0 \xcb\xb2\xd4y\xed\xaa:\xaf]\x95\xdf\
\xefW\xeb\x9auZ\xd9\xb2\x86\xcd\x03mZ\xdd\xb6^\
\xc7\x8f\xbci:\x06`\x0b\x05\x00\x00\x00\x00\x5c\x83\xe1\
\xff\xd2\xc4b1]\xbdt^W/\x9dW~A\x81\
\xd6\xb4\xad\xd7\xca\x965\xaa\xa9\xad\x97<^\xd3\xf1\x5c\
e\xf9\x8aV\x0a\x00\xb8\x1e\x05\x00\x00\x00\x00\x5c#W\
O\x01pB$\x1c\xd6\xf9\xb3\xa7t\xfe\xec)\x95\x94\
\x94j\xcd\xda\x0dj^\xb9\x9a\x93\x04\x16\xa9\xaa\xbaV\
\xa5ee\x9a\x99\x9e6\x1d\x05H\x1a\x05\x00\x00\x00\x00\
\xd2\xc7\xe6\x00>N\x01\xe0\x88\xd9\xd9\x19\x9d:yT\
\xa7N\x1eUee\x95\xd6\xac\xdd\xa8\x15+W\xa9\xa4\
\xb4\xdct\xb4\xcc\xe5\xf1h\xf5\x9a\xf5:u\xf2\xa8\xe9\
$@\xd2(\x00\x00\x00\x00\x906vO\x01`\x0f\x00\
\xe7M\x8c\x8f\xeb\xd8\xdb\x87t\xec\xedC\xaaoh\xd4\
\xaa5\xeb\xb5\xa2\xb9U\x05E\xc5\xa6\xa3e\x9c\xda\xfa\
F\xd3\x11\x00[(\x00\x8c\xe3\x87\x18\x00\x00\xc8!6\
\x07\xf0\xbcsJ\xad\xa1\xc1\x01\x0d\x0d\xf6\xebm\x8fG\
\xeb6l\xd6\xfaM\xdbTV^i:V\xc6\xa8\xcc\
\x89\xe5\x12|\x95e3\x0a\x00\x00\x00\x00\x00\xefcY\
\x96.]8\xabK\x17\xce\xaau\xf5Zm\xdc\xbc]\
\xd5\xb5\xf5\xa6c\x19WRR\xa6@A\x81\x22\xe1\xb0\
\xe9(@R(\x00\x00\x00\x00\xe0\x0al\x00h\xc6\xf5\
\x8e+\xba\xdeqE\xcb\x9aV\xcau\x22?\x00\x00 \
\x00IDATh\xf3\xd6\x9djX\xb6B\xf2\xd8]\
\xcc\xe1R\x1e\x8f\x1a\x97-W\xe7\xb5v\xd3I\x80\xa4\
P\x00\x18\xe6\xd4\x8f1~\x1c\x02\x00\x00W\xb01\x88\
\xe7\xfd\x8eY\xfd}=\xea\xef\xebQuM\xad6\xdf\
\xb1K\xcd+W\xc9\xe3\xf5\x99\x8e\x95v\xb5u\x0dY\
[\x00X\xe2\xeb,\xdbQ\x00\x00\x00\x00\xc0%\x18\x9a\
d\x82\xb1\xd1\x11\x1dx\xe5y\x95\x96\x95i\xeb\x1dw\
\xaae\xd5Z\xf9\xf3\xf2L\xc7J\x9b\xea\xea:\xd3\x11\
\x80\xa4yM\x07\x00\x00\x00\x00\x16\x83\x15\x00\x99ef\
zZo\x1e|E\x8f\xff\xec\xefu\xfe\xec\x09Es\
d]|Y\x05\x9b\x22\xc2\xbd\x98\x01`\x1a?\xc8\x00\
\x00@\x0e\xf10\x8a\xcf:\xe1pH\xc7\x8f\xbc\xa9S\
'\x8eh\xe3\xe6mZ\xb7~\x8b\x8aJJM\xc7J\
\x99\xa2\xc2,?\x1e\x91/\xd1\xac\xc6\x0c\x00\x00\x00\x00\
\xb8\x82\xc5\xc8$\xa3\xc5b1\x9d9u\x5c?\x7f\xe4\
\x87:}\xe2\xb0\x12\xf1\x98\xe9H)\xe1\xf5\xfbUT\
\x9c\xe5%\x00\xb2\x16\x05\x00\x00\x00\x00\x5c\x81\xc9\x03\xee\
`Y\x96N\x9d<\xaa\x17\x9f}\x5c3S\x93\xa6\xe3\
\xa4DYy\x85\xe9\x08@R(\x00\x00\x00\x00\x90>\
\x8c\xe2s\xc6\xf0\xd0\xa0\xf6=\xf1c]\xbbz\xd1t\
\x14\xc7\x95\x96\x96\x99\x8e\x00$\x85\x02\x00\x00\x00\x00\xae\
\xc0\x12\x00\xf7\x89\xc5b:x\xe0%\x1d|\xed\x05E\
#\xd9\xb3I`q\x16\xefq\x80\xecF\x01\x00\x00\x00\
\x00w`\xfc\xefZ\xd7\xda/\xeb\xe9_\xfcD\xc1\xd9\
\x19\xd3Q\x1cQ\x5cL\x01\x00w\xa2\x00\x00\x00\x00@\
\xdaxl\x5c\xcb\xf8\xdf\xddfgft\xe0\x95\xe7\x14\
\x8f\xcd\x9b\x8eb[a\x11\x9b\x00\xc2\x9d(\x00\x00\x00\
\x00\xe0\x0a,\x01p\xbf\x91\xe1A\xbd\xfd\xd6k\xae\xdf\
\x0b\xc2\xef\xe74u\xb8\x13\x05\x00\x00\x00\x00\xd2\xc3\xe6\
\xa0\xcfr\xf9\xa0\x117\xb4_\xbe\xa8\x8b\xe7\xdf1\x1d\
\xc3\x16\x9f\xd7g:\x02\x90\x14\x0a\x00\x00\x00\x00\x00i\
u\xf4\xf0A\xf5\xf7v\x99\x8e\x914\x1f3\x00\xe0R\
\x14\x00\xc6Y\x0e}\x00\x00\x00d8\xdb3\x00\x1c\xca\
\x81\x8cp\xe0\x95\xe7\x14\x0e\x05M\xc7H\x8a\xd7\x97\xad\
3\x00\x18\x9bd;\x0a\x00\x00\x00\x00\xb8\x02{\x00d\
\x97\xf9hT\x97/\x9c6\x1d#)>\x1f3\x00\xe0\
N\x14\x00\x00\x00\x00\x00\x8c8w\xe6\xa4+g\x01\xf8\
\xbc\x0c\xa3\xe0NTW\x00\x00\x00H\x0b;G\x00J\
\xf6'\x16\xd7\xd6\xd5\xab\xa5\xb5-\xa5\xaf\x91\x14\xeb\xfd\
\xffp\xf6\xf4\x09\x85\x82s&\x92\xa4],\x16\xd3\xb5\
\xf6\x8b\xda\xb8e\xa7\xe9(K\xc2\x0c\x00\xb8\x15\x7fr\
\x01\x00\x00\x90\x1ev\x17\xf1\xdb\xbc\xbe\xb4\xb4\x5cm\xeb\
\xb7\xd8\xcb\x90\x06]\x9d\xed9S\x00HRG\xfbe\
\xd7\x15\x00\x1ef\x00\xc0\xa5\xf8\x93\x0b\x00\x00\x00W\xb0\
\xfbt>\x12\x8d8\x92#\xd5\x0a\x0a\x8aLGH\xab\
\xf1\xd1\x11MO\x8e\x9b\x8e\xb1$\x89x\xdct\x04 \
)\x14\x00\x86\xb1\xcf&\x00\x00\xc0\xe2\xd8\xdd\x040\x1a\
qK\x01Ph:B\xda\x0d\x0e\xf4\x9a\x8e\xb0$\xf1\
D\xf6\x16\x00\x8cM\xb2\x1b\x05\x00\x00\x00\x00\xd2\xc4\xee\
\x12\x00{\x97G#a{7H\x93@A\x81\xe9\x08\
i7>>b:\xc2\x92\xc4\xe31\xd3\x11\x80\xa4P\
\x00\x00\x00\x00 =\xcc\x8e\xff\x15\xa6\x00\xc8X\xa3#\
C\xa6#,I\x9c%\x00p)6\x014\x8d92\
\x00\x00 G\xd8?\x05\xc0\x81%\x00\x96%y\xec&\
I\xad@ \xf7\x0a\x80\xb1\xd1\x11%\xe2qy}>\
\xd3Q\x16%k\xf7\x00`\x0e\x7f\xd6c\x06\x00\x00\x00\
\x00\xdc\xc1\xf6!\x02\x96\xe2\xb1\xcc\x9f\xba\x1d\xc8\xcf\xbd\
\x02\xc0\xb2,\xcd\xcfGM\xc7X47\xfc9\x02>\
\x0c\x05\x00\x00\x00\x00\xd2\xc3\xe61~N<\x98\x9c\x8f\
e\xfe 3?\x100\x1d\xc1\x88\xd8\xfc\xbc\xe9\x08\x8b\
\xc6\x12\x00\xb8\x15\x05\x00\x00\x00\x00\x5c\xc2~\x05\xe0\x86\
Af~\x0e\xce\x00\x90\xdcQ\xce\xdc\xc4&\x80p+\
\x0a\x00\x00\x00\x00\xb8\x82\xcd\x09\x04\x92\xa4y\x17\x14\x00\
\x85\x85E\xa6#\x18\xe1\xb1\xbdKD\xfa\xc4(\x00\xe0\
R\x14\x00\x00\x00\x00H\x0f\xdbK\x00\xec7\x00nX\
g\xee\xcf\xcfWeu\x8d\xe9\x18i\xe7\xa6\xd3\x0fX\
\x02\x00\xb7\xa2\x00\x00\x00\x00@Z\xd8>\x05\xc0\x81\x19\
\x00\xa1P\xd0\xfeM\xd2\xa0\xae\xbe\xd1t\x84\xb4s\xd3\
\xd2\x077,%\x01>\x0c\x05\x00\x00\x00\x00\x5c\xc2~\
\x030;3\xed@\x8e\xd4\xab\xa9\xa93\x1d!\xad\x0a\
\x0a\x0a\x5cs\x04\xa0$\x05\x83\xb3\xa6#\x00I\xa1\x00\
\x00\x00\x00@\x9a\x98?\x05`vf\xca\x81\xbb\xa4^\
Uun\x15\x00\xc5%\xa5\xa6#,\xc9\xdc\xec\x8c\xe9\
\x08@R(\x00\x00\x00\x00\x90\x1e6G\xf0N,\x01\
\x98\x9a\x9a\xb4\x7f\x934(\xaf\xa8RiY\x99\xe9\x18\
iSTTb:\xc2\x92LO\xbb\xa3H\x02>\x88\
\x02\xc08\xcb\xc1\x0f\x00\x00\x80lf\xff\xfd\xce\xd4\xe4\
\xb83MB\xaay<j]\xb5\xd6t\x8a\xb4),\
r\xd7\xc9\x07S\x13\xe3\xa6#\xa4\x10\xe3\x92lF\x01\
\x00\x00\x00\x00WpbX1??\xafH$\xec\xc0\
\x9dRoys\xab\xe9\x08i\xe3\xa6\xa3\x0fc\xf3Q\
E\x22\x11\xd31\x80\xa4P\x00\x00\x00\x00 -<v\
\xf7\x00p\xe8\xc9}p\xce\x1d\x1b\xb8UU\xd7\xaa\xb4\
\xac\xdct\x8c\xb4\xa8\xa8\xac6\x1da\xd1B\xc19\xd3\
\x11\x80\xa4Q\x00\x00\x00\x00 =2df\xb0k6\
p\xf3x\xb5u\xdb.\xd3)\xd2\xa2\xb6\xd6=\xc7\x1e\
\x06)\x00\xe0b\x14\x00\x00\x00\x00p\x05\xa7\xfa\x83\xd9\
Yw\x1c\x05(I+[\xdb\x5c\xb7C\xfeR\x95\x94\
\x96\xaa\xc4E3\x1d8\x02\x10nF\x01\x00\x00\x00\x00\
wph\x09\xc0\x8cK\x8e\x02\x94$\xaf\xcf\x9f\xf5\xb3\
\x00V\xb6\xac1\x1daI\xe6f)\x00\xe0^\x14\x00\
\x00\x00\x00H\x0f\x9b\x03x\xa7f\x00L\x8c\x8f9t\
\xa7\xf4hY\xb5V\x85E\xc5\xa6c\xa4\xcc\xaa\xb6\xf5\
\xa6#,\xc9\x9c\x8bf\x90\x00\x1fD\x01\x00\x00\x00\x00\
Wp\xaa\x00\x18\x1d\x1eRl>\xea\xd0\xddR\xcf\xe7\
\xcf\xd3\x96,\x9d\x05P[W\xaf\xaa\xea:\xd31\x96\
dtd\xc8t\x04 i\x14\x00\x00\x00\x00p\x07\x87\
\x96\x00H\xd2\xc4\xf8\xa8c\xf7J\x87U\xab\xd7\xab\xa0\
\xb0\xd0t\x0c\xc7m\xdc\xb2\xc3t\x84%\x89\xcf\xcfk\
xh\xd0t\x0c i\x14\x00\x00\x00\x00H\x0b\xdb\xc7\
\x00:\x94C\x92\xc6F\x87\x1d\xbc[\xea\xf9\xf3\xf2\xb4\
\xf3\xce\xbbM\xc7pT\xe3\xb2\xe5jim3\x1dc\
I&&\xc7\x1c;\x8e\x120\x81\x02\xc00\xcbr\xe6\
#S\x8e\xd5\x01\x00\x00\xb8%\x9b\xefW,\x07\xdf\xf0\
\x0c\x0f\xf6;v\xaftY\xb5f\x83\xda\xd6n0\x1d\
\xc3\x11\x1e\x8fG\xbb\xef~@\xf2xLGY\x92\xf1\
\xd1\x11\xd3\x11R\xce\x91\xb1\x092\x16\x05\x00\x00\x00\x00\
\x5c\xc1\xc9\x81\xc5\xe0@\x9f\xacD\xc2\xb9\x1b\xa6\xc9\xae\
=\xf7\xa9\xaa\xba\xc6t\x0c\xdb\xb6l\xdb\xa5\x8aJ\xf7\
\xfdw\x8c\x8c\x0c\x98\x8e\x00\xd8B\x01\x00\x00\x00\x804\
\xb1;\x82w\xae\x01\x88\xc5b\x9a\x9a\x1cw\xec~\xe9\
\xe2\xcf\xcb\xd7\xfd\x0f>$\xbf\xdfo:J\xd2\x8a\x8b\
K\xb4y\xebN\xd31\x922\xd8\xdfk:\x02`\x0b\
\x05\x00\x00\x00\x00\xd2\xc3\xee\x12\x00\x87\xa7\x16\x8f\x8d\xb9\
k\x1f\x80\x9bJ\xcb+u\xef\xfd\x1f7\x1d#i{\
\xef\xfb\xa8\xf2\xf2\x03\xa6c,Y8\x14\xd4\xd4\xe4\xa4\
\xe9\x18\x80-\x14\x00\x00\x00\x00H\x0b\xbb\xab\xbd\x9d^\
Z<\xe2\xe2\xdd\xdcW\xb4\xac\xd1\xe6\xad\xdbM\xc7X\
\xb2{\x1f\xfc\x84\x9aV\xb4\x9a\x8e\x91\x14\xb7\x9d\x1c\x01\
|\x18\x0a\x00\x00\x00\x00\xa4I\xe6,\x01\x90\xa4\x81\xfe\
\x1eW\xefX\xb6}\xe7\xdd\xdaq\xe7^\xd31\x16m\
\xef\xbd\x1f\xd1\xea\xb6\x8d\xa6c$\xcdm'G\x00\x1f\
\x86\x02\x00\x00\x00\x00\xe9\x91aK\x00B\xc1\xa0\xc6F\
\x87\x9c\xbdi:y<\xda\xb4e\xa7\x1e\xfc\xd8\xa7\xe5\
\xf3\xf9L\xa7\xb9\xad]{\xee\xd5\xda\x0d[M\xc7\xb0\
\xa5\xb7\xe7\xba\xe9\x08\x80m\x14\x00\x00\x00\x00p\x05'\
\x8f\x01\xbc\xa9\xbb\xf3\x9a\xe3\xf7L\xb7\x15-\xab\xf5\xa9\
\xcf}EEE\xc5\xa6\xa3\xfc\x1a\x8f\xc7\xa3;\xef\xba\
O\x9b\x5c\xba\xe9\xdfM\xc1\xb9\x19\xf5\xf7\xf6\x98\x8e\x01\
\xd8F\x01\x00\x00\x00\x80\x9cu\xad\xe3\xb2\xacx\xdct\
\x0c\xdb\xaaj\xea\xf4\x99/|M5u\xf5\xa6\xa3\xfc\
RUu\x8d>\xf7\xf0\xd7\xb5q\xcb\x0e\xd3Ql\xeb\
\xeb\xe94\x1d\x01p\x84{\xcf\x0f\x01\x00\x00\x80\xcb\xd8\
{\x82\x9f\x8a\xe5\xfa\x91pX\xc3C\xfd\xaa_\xb6\xc2\
\xf9\x9b\xa7Yaq\x89\x1e\xfa\xccW\xd4\xd5yU\xa7\
N\x1c\xd1\xec\xcc\xb4\xb1,\xdbv\xec\xd6\xe6;\xee\x94\
\xcf\xc5\xc7\x15\xbe\xd7\xb5\xf6\xcb\xa6#\x00\x8e\xc8\x8e\xaf\
HWs\xef\xc63\x00\x00\x00Kbw\x0f\x80\x14\xbd\
o\xea\xea\xec\xc8\x8a\x02@\x92\xbc>\x9fZW\xaf\xd7\
\xca\x965\xba\xdeqE\xa7N\xbe\xad\xe0\xdc\x5c\xda^\
\xbfye\xab\xb6n\xbbS\xd5\xb5\x0di{\xcdT\x0b\
\xcd\xcd\xaa\xaf\xb7\xdbt\x8c4\xb1\xc4\xf8$\xbbQ\x00\
\x00\x00\x00 -\xec\x1e\x03\x98*\x9d\xd7\xaej\xe7\x9d\
\xf7\xc8\x97\x97g:\x8ac\xbc>\xbfV\xaf\xdd\xa8\x96\
Um\xba\xd6~IgO\x1f\xd7\xec\xeclJ^+\
//O\xeb7n\xd5\x9a\xb5\x1bUV^\x99\x92\xd7\
0\xa9\xb7\xb7\xd3t\x04\xc01\x14\x00\x00\x00\x00p\x05\
+EG\xf6\xc5b1\x0d\x0c\xf4hy\xf3\xaa\x94\xdc\
\xdf$\x9f?Om\xeb\xb7\xa8m\xddfMM\x8ek\
h\xb0O}\xbd]\xea\xeb\xedV\x22\x91H\xfa\xbe\xf9\
\x81\x80\x9a\x967\xab\xa9i\xa5\x9a[V+/?\xe0\
`\xea\xccr\x9d\xe9\xff\xc8\x22\x14\x00\x00\x00\x00H\x13\
\x9b{\x008\x94\xe2\xc3t]o\xcf\xca\x02\xe0\x97<\
\x1e\x95WV\xab\xbc\xb2Zk7lUl>\xaa\xd1\
\x91A\x8d\x0c\x0f)\x14\x9cS(4\xa7\xe0\xdc\x9c\xe6\
fg\x15\x0c\xfej\xa6@^^\x9e\x8aKJUX\
T\xa4\x92\x922\xd5\xd57\xaa\xa6\xb6Ae\xe5\x95\xf2\
x\xb3\x7f?\xf1PpN\xbd=]\xa6c\x00\x8e\xa1\
\x00\x00\x00\x00@z\xd8\xdd\x03 E3\x00\xa4\x1b\xc7\
\x01n\xdb9\xad\xe2\x92\xb2\x94\xbdF&\xf1\xe7\xe5\xab\
aY\xb3\x1a\x965\xff\xda\xbf\xb3\x12\x09E\xa3\x11\xf9\
\xfdyY\xb3\x89_\xb2z\xba:LG\x00\x1c\x95\xfd\
\xb5\x1d\x00\x00\x002D\xe6n.fY\x96\xae\x5c<\
g:FF\xf0x\xbd\x0a\x14\x14\xe6\xfc\xe0\xdfJ\xc4\
u\xe6\xd41\xd31\x00GQ\x00\x00\x00\x00 -<\
\x19z\x0a\xc0M\x97/\x9eU8\x14L\xe9k\xc0=\
z\xba\xafkzj\xcat\x0c\xc0Q\x14\x00\x00\x00\x00\
p\x85\x14\xae\x00\x90$%\x12\x09]\xbd|>\xb5/\
\x02\xd78{\x9a\xa7\xff\xc8>\x14\x00\x00\x00\x00\xc0\xbb\
.\x9e?\xad\xf9h\xc4t\x0c\x186<\xd8\xa7\xa1\xc1\
\x01\xd31\x00\xc7Q\x00\x98f9\xf4\x01\x00\x00\x90\xf1\
\xec\x9e\x02\x90\xfa7=\xf3\xf3\xf3\xea\xb8z)\xe5\xaf\
\x83\xccv\xe1\xdc;\xa6#\x98\xc3\xd8$\xabQ\x00\x00\
\x00\x00 =l\x9f\x02\xe0L\x8c\x85\x9c?{R\xf1\
\xd8|z^\x0c\x19gzr\x5c\xd7:\xae\x98\x8e\x01\
\xa4\x04\x05\x00\x00\x00\x00\xf0\x1e\xe1pX\x1d\xed\xcc\x02\
\xc8U\x17\xcf\x9f2\x1d\x01H\x19\x0a\x00\x00\x00\x00\xa4\
I\xe6/\x01\xb8\xe9\xd4\x89#\x9c\x08\x90\x83\xa6'\xc7\
u\xe1\xfci\xd31\x80\x94\xa1\x000\xcc\xa9-\x00X\
j\x03\x00\x002\x9d\xc7\xe6\xf5\xe9Z\x02 \xdd\xd8\x0b\
\xe0\xcc\xa9\xa3\xe9{Ad\x84cG\x0e\xcaJ\xe7\x1f\
\xb4\x0c\xc3\xb8$\xfbQ\x00\x00\x00\x00 =l\x8f\x0c\
\xd2;\xb4\xb8z\xf9\x82\xc6F\x06\xd3\xfa\x9a0\xa7\xbf\
\xb7S\xdd\x9d\x1d\xa6c\x00)E\x01\x00\x00\x00\x00W\
0\xf1d\xf1\xd8\x91\x83\xb2\x12\x09\x03\xaf\x8ctJ\xc4\
c:\xf2\xd6\x01\xd31\x80\x94\xa3\x00\x00\x00\x00@\x9a\
\xd8\xdc\x03\xc0@\x0306:\xa2k\x1dl\x08\x98\xed\
\xae\x5c:\xa7\xc9\x89q\xd31\x80\x94\xa3\x00\x00\x00\x00\
@z\xb8l\x09\xc0M'\x8f\xbd\xa5H8d\xe4\xb5\
\x91z\xe1\xe0\x9c\x8e\x1f=d:\x06\x90\x16\x14\x00\x00\
\x00\x00H\x0b\x8f\xcd\x01|\xc2\xd0\xe6l\xd1h\xf4\xc6\
\x001\x877\x87\xcbf\xef\x9c|[\xf3\xd1\xa8\xe9\x18\
@ZP\x00\x18\xc7^\x9b\x00\x00\x00\x99\xae\xf3\xdaU\
\xb5_\xbd`:\x06\x1c\xd6\xdd\xd9\xaeK\xe7\xcf\x98\x8e\
\x91a\x18\x9bd3\x0a\x00\x00\x00\x00\xa4\x87\xcdq\x81\
\xe9a\xc5\xb1\xb7\x0fjbl\xc4p\x0a8evf\
J\x07_{\xc9t\x0c \xad(\x00\x00\x00\x00\xe0\x0a\
\xa6\xcfgO$\x12:\xf4\xfaK\x9a\x8fF\x8c\xe6\x80\
}\x89x\x5c\x07\x0f\xbc\xa8(\xbf\x97\xc81\x14\x00\x00\
\x00\x00H\x13\xd3\xcf\xf0\xed\x9b\x9e\x9e\xd2\xd1\xb7\xdf`\
?\x00\x97;s\xea\xa8\x06\xfb\xfbL\xc7\x00\xd2\x8e\x02\
\x00\x00\x00\x00\xe9a{\x09@f\x0c\xba;\xaf]U\
\xfb\x15\xf6\x03p\xab\xc1\xfen\xbds\xfcm\xd31\x00\
#(\x00\x00\x00\x00\xe0\x0a\x99\xf4\xd0\xfd\xe8\xe174\
\xd8\xd7m:\x06\x96(8;\xa3\xd7_}\xc1t\x0c\
\xc0\x18\x0a\x00\x00\x00\x00\xa4\x85\xddc\x003\x89eY\
zm\xffs\x1a\x19\xea7\x1d\x05\x8b\x14\x0e\x05\xf5\xd2\
\xf3O(87g:\x0a`\x0c\x05\x00\x00\x00\x00\x5c\
!S\x96\x00\xdc\x94H$\xf4\xeaK\xcfhld\xc8\
t\x14,`>\x12\xd6\xfe\x17\x9e\xd4\xc4\xf8\xb8\xe9(\
\x80Q\x14\x00\x00\x00\x00H\x0f\xbb{\x00d\xd6\xf8_\
\x92\x14\x8b\xc5\xf4\xeaKOkr|\xd4t\x14\xdcB\
l~^\xaf\xee\x7fF#\xc3\x145\x00\x05\x00\x00\x00\
\x00\x5c\x22\x03\x1b\x00I\xd1hT\xaf\xbc\xf8\xb4f\xa6\
&LG\xc1\x07$\xe21\xbd\xf1\xda\xf3\xea\xef\xed1\
\x1d\x05\xc8\x08\x14\x00\xa6Y\x0e}\x00\x00\x00d<{\
oZ2\xf9-O8\x1c\xd2\xcb/<\xa5\x89\xb1a\
\xd3Q\xf0\xaeD<\xae7\xdfxY]\xd7;LG\
q\x0f\xc6&Y\x8f\x02\x00\x00\x00\x00\xe9\x91\x85K\x00\
\xde+\x14\x0c\xea\xc5g\x9fPO\x17\x03N\xd3\x22\xe1\
\x90^y\xe9)\xb5_\xb9d:\x0a\x90Q(\x00\x00\
\x00\x00\xe0\x12\x19\xde\x00H\x8a\xc7\xe3z\xe3\xd5\x17t\
\xfe\xcc\xf1\xcco,\xb2\xd4\xcc\xd4\x84\x9e{\xfaQ\xf5\
\xf6t\x99\x8e\x02d\x1c\xbf\xe9\x00\xb9\x8e\x1f\x0b\x00\x00\
 W\xd8=\x060\xe1\xa2\x01\xf5\xa9\x13G459\
\xa1=w?(\x9f?\xcft\x9c\x9c14\xd0\xabW\
^\xda\xa7H$b:\x8ak\xb9\xe7\xab\x0c\xc9\xa0\x00\
\x00\x00\x00@z\xe4\xd8\xc8\xe2Z\xc7\x15\xcdLO\xe9\
\xde\x07?\xa9\xe2\x922\xd3q\xb2^\xfb\x95\xf3:\xf4\
\xfa\xcb\xb2\x5cT\x14\x01\xe9\xc6\x12\x00\x00\x00\x00\xb8\x82\
\x1b\xc7u##Cz\xfa\x17?U\xc7\x95\xf3\x92\x95\
0\x1d'+E\xc3!\xbdu\xf0e\x1d<\xf0\x12\x83\
\x7f`\x01\xcc\x000\x8eoR\x00\x00 W\xd8=\x05\
\xc0\x9d\xef\x9bb\xb1\x98\x0e\xbfy@\x9d\xd7\xdb\xb5g\
\xef\x83*)+7\x1d)k\xf4u_\xd7\x9b\x07\xf7\
knn\xd6t\x94,\xe2\xce\xaf3,\x0e3\x00\x00\
\x00\x00\x804\x18\xe8\xef\xd5\xd3O\xfeTW.\x9d\x95\
\x95`6\x80\x1d\x91pHo\xbe\xfe\x92^~\xe1)\
\x05\xe7\xe6L\xc7\x01\x5c\x83\x19\x00\x00\x00\x00H\x0b\x8f\
\xedc\x00\xdd\xffd2\x1e\x8f\xeb\xe8\xe17\xd4u\xbd\
]\xdbw\xedUMm\x83\xe9H\xeebY\xea\xe9\xea\
\xd0[\x87^U(\x184\x9d\x06p\x1d\x0a\x00\x00\x00\
\x00\xa4\x89\xdd%\x00\xd9ch\xb0_/<\xf3\xb8\x96\
\xafh\xd1\xd6m\xbbTUSo:Rf\xb3,\xf5\
\xf7u\xeb\xd4\xc9\xb75<8`:\x0d\xe0Z\x14\x00\
\x00\x00\x00p\x05\xb7\xee\x01p;\xbd=\x9d\xea\xed\xee\
\xd4\x8a\x95\xad\xda\xbam\x97*\xab\xebLG\xca,\x96\
\xa5\x81\xben\xbd\xc3\xc0\x1fp\x04\x05\x00\x00\x00\x00\xd2\
\xc3\xee\xf8=\xfb\xc6\xff\xbf\xd4\xd3u]=]\xd7\xb5\
\xb2e\x95\xd6\xae\xdf\xac\xba\x86&y\xbc\xb9\xbb]\x97\
\x95Hh\xb0\xbfG\xa7\xde9\xa2\xa1\x81~\xd3q\x80\
\xacA\x01\x00\x00\x00\x00W\xc8\xe2\xf1\xff/uuv\
\xa8\xab\xb3CE\xc5\xc5j[\xb7I+[\xd6\xa8\xac\
\xa2\xcat\xac\xb4\x99\x9c\x18U\xd7\xf5v]\xb9tN\
s\xb3\xec\xec\x0f8\x8d\x02\x00\x00\x00\x00i\x92\x9b\xc7\
\x00&#87\xa7\xd3'\x8f\xea\xf4\xc9\xa3\xaa\xadk\
\xd0\x9a\xb5\x1b\xd5\xb4\xa2E\x05\x85E\xa6\xa39.8\
7\xab\x9e\xae\x0e]\xbdr^\xa3#\xc3\xb9\xd1\xf4\x00\
\x86P\x00\x00\x00\x00\xc0\x1drt`82<\xa8\x91\
\xe1AY\x92\xca+*\xd5\xd8\xb8\x5c\xb5u\x0d\xaa\xaa\
\xa9SYY\xb9\xe4q\xd1R\x01\xcb\xd2\xec\xcc\x94\xc6\
\xc7F4::\xa4\xa1\x81>\x0d\x0f\x0d\xe6T\xb9\x03\
\x98D\x01\x00\x00\x00\x80\xb4\xb0}\x0c \x83DMM\
NhjrB\x97.\x9e\x95$\x05\x02\x015.[\
\xa1\xba\xfaFU\xd7\xd4\xab\xb2\xaaZ>\x7f\x9e\xe1\x94\
\xbf2\x1f\x8dhb|Tc\xa3\xc3\x1a\x19\x1e\xd0@\
_\xaf\xc2\xe1\x90\xe9X@\xce\xa2\x00\x00\x00\x00@\x9a\
\xd8\x5c\x02\xc0\xf8\xff\xd7D\x22\x11u^kW\xe7\xb5\
vI\x92\xc7#\xd57,S]\xc32\xd5\xd66\xa8\
\xb2\xbaF\x05\x05Ei\xd9P\xd0J$433\xa5\
\xf1\xb1a\x8d\x8e\x0cip\xa0Oc#\xc3)\x7f]\
\x00\x8bG\x01\x00W\x8a\xc7\xe3\x8a\xc5bI_\xef\xf7\
z$y\x9c\x0b\x94\xc5<\x89\x84b\x89x\xd2\xd7\xc7\
\x12\x09\x07\xd3`)\x12\x89\x84\xad\xaf\x13\xaf\xc7#\xaf\
\x87\xaf\x93EI$4\x7f\xbb\xaf\x93\x05\x06-1\x8b\
\xaf\x13#,\xcb\xd6\xd7\x88G\x92/\x87wiO\x86\
\x15Oh>n\xe7gJ\xf2\xd7\xe6\x0a\xcb\xb248\
\xd0\xa7\xc1\x81\xbe\xf7}>PP\xa0\xc2\xc2\x22\x15\x16\
\x15\xab\xa0\xa0P\x81\x82\x02\x05\x027>\xf2\x03\x05\x0a\
\xe4\x07\x94\x1f(P~~\xbe\xf2\xf3\x03\xf2\xf9\xfd\x9a\
\x9f\x8f*\x1a\x8dj>\x1aQ4\x12Q4\x1aQ$\
\x12V4\x12Q8\x12R$\x12V8\x14R8\x1c\
R08\xa7p(t3\x84\x81\xffr\x00\x8b\xc1;\
;\xc3\xfe\xed\xef\xfdq\x91\xa49\xbb\xf7\xe9\xef\xeb\xd1\
\xdc\xec\xcc\x02\xbf\xeaW\xdf\x8c\x93\xfb\xbel-\xf4\xb7\
\xb7\xbf\xe66\x9f\xbe\xf5=\x16\x19\xf4\x96y\x96~\xfd\
\xfb?\x9d\xc4\xffQ\xbf\xf6\xdf\xb6\xc4{\xdc\xe67g\
\xf1wZ\xf87h\xd1\xbfo)\xba\xfe\xf6\xf7\xbb\xcd\
E\xb7\xfcW\xd6\xc2\xbf\xc4\x89\xeboy\xaf$~\xdf\
\x16y\xfd\xa2\x7f\xd5\x22\xbe\xb0\xed^\xff\xeb\xf7[\xfa\
\xef\xf5\x07\xef\xf0\xa1\x97'\xf1\x9b`\xf7\xfa\xdb\xfe\x9b\
\xc5\xfd&\xde\xfa^\xc9\x85\xbbE\x16\xfbo\xac-\xbb\
\xf7\xb0\x92\xf8zy\xff\x0d>\xecV\x8b\xbe\xe6v\x9f\
\xce\xa4\x9f'I]\x7f\xcb{%s\xbd\x03?On\
q\x8fL\xfayt\xfb\xfb-\xfdE\xd3\xf6\xf3\xe8\x96\
\xf7J\xdd\xcf\x93\xc5\x7f+s\xdf\xcf\x93[~\x8dd\
\xc1\xcf\x93[_\x9f\xc4\xff\xcf\x0b\x5c\xdf\xbcr\xb5v\
\xdcy\xf7\x92\xef\xfb\x01\xa1\xbf\xfd\xab\xff'\xfbv\xab\
\xcc\x12\xd4\xd6\x00\x00\x00\x00\x00\xe4\x00\x0a\x00\x00\x00\x00\
\x00\x00r\x00\x05\x00\x00\x00\x00\x00\x009\x80M\x00M\
sj\x8f\x14\xf6Z\x01\x00\x00\x00`\x17\xe3\x8a\xac\xc6\
\x0c\x00\x00\x00\x00\x00\x00r\x00\x05\x00\x00\x00\x00\x00\x00\
9\x80\x02\x00\x00\x00\x00\x00\x80\x1c\xc0\x1e\x00\x86%u\
\xae\xef-\xee\x04\x00\x00\x00\x00\xc9\xb2\xde\xfd\x1f\xb2\x17\
3\x00\x00\x00\x00\x00\x00\xc8\x01\x14\x00\x00\x00\x00\x00\x00\
\xe4\x00\x0a\x00\x00\x00\x00\x00\x00r\x00\x05\x00\x00\x00\x00\
\x00\x009\x80\x02\x00\x00\x00\x00\x00\x80\x1c@\x01\x00\x00\
\x00\x00\x00@\x0e\xa0\x00\x00\x00\x00\x00\x00 \x07P\x00\
\x00\x00\x00\x00\x00\x90\x03(\x00\x00\x00\x00\x00\x00\xc8\x01\
\x14\x00\x00\x00\x00\x00\x00\xe4\x00\x0a\x00\x00\x00\x00\x00\x00\
r\x00\x05\x00\x00\x00\x00\x00\x009\x80\x02\x00\x00\x00\x00\
\x00\x80\x1c@\x01\x00\x00\x00\x00\x00@\x0e\xa0\x00\x00\x00\
\x00\x00\x00 \x07\xf8M\x07\xc8y\x96\xe9\x00\x00\x00\x00\
\x00\xf0.\xc6'Y\x8d\x19\x00\x00\x00\x00\x00\x00\xe4\x00\
\x0a\x00\x00\x00\x00\x00\x00r\x00K\x00\x0c\xb3\x1c\x9ac\
\xc3L\x1d\x00\x00\x00\x00v95>Afb\x06\x00\
\x00\x00\x00\x00\x009\x80\x02\x00\x00\x00\x00\x00\x80\x1c@\
\x01\x00\x00\x00\x00\x00@\x0e\xa0\x00\x00\x00\x00\x00\x00 \
\x07P\x00\x00\x00\x00\x00\x00\x90\x03(\x00\x00\x00\x00\x00\
\x00\xc8\x01\x14\x00\x00\x00\x00\x00\x00\xe4\x00\x0a\x00\x00\x00\
\x00\x00\x00r\x00\x05\x00\x00\x00\x00\x00\x009\x80\x02\x00\
\x00\x00\x00\x00\x80\x1c@\x01\x00\x00\x00\x00\x00@\x0e\xa0\
\x00\x00\x00\x00\x00\x00 \x07P\x00\x00\x00\x00\x00\x00\x90\
\x03(\x00\x00\x00\x00\x00\x00\xc8\x01\x14\x00\x00\x00\x00\x00\
\x00\xe4\x00\xbf\xe9\x009\xcf2\x1d\x00\x00\x00\x00\x00t\
cl\xc2\xf8$\xab1\x03\x00\x00\x00\x00\x00\x80\x1c@\
\x01\x00\x00\x00\x00\x00@\x0e`\x09\x80q\xcc\xb1\x01\x00\
\x00\x00\x90)\x18\x9fd3f\x00\x00\x00\x00\x00\x00\x90\
\x03(\x00\x00\x00\x00\x00\x00\xc8\x01\x14\x00\x00\x00\x00\x00\
\x00\xe4\x00\xf6\x000\x8c\x156\x00\x00\x00\x002\x05\xe3\
\x93\xec\xc6\x0c\x00\x00\x00\x00\x00\x00r\x00\x05\x00\x00\x00\
\x00\x00\x009\x80\x02\x00\x00\x00\x00\x00\x80\x1c@\x01\x00\
\x00\x00\x00\x00@\x0e\xa0\x00\x00\x00\x00\x00\x00 \x07P\
\x00\x00\x00\x00\x00\x00\x90\x03(\x00\x00\x00\x00\x00\x00\xc8\
\x01\x14\x00\x00\x00\x00\x00\x00\xe4\x00\x0a\x00\x00\x00\x00\x00\
\x00r\x00\x05\x00\x00\x00\x00\x00\x009\x80\x02\x00\x00\x00\
\x00\x00\x80\x1c\xe07\x1d \xe7Y\x19v\x1f\x00\x00\x00\
\x00\xb9\x8bqEVc\x06\x00\x00\x00\x00\x00\x009\x80\
\x02\x00\x00\x00\x00\x00\x80\x1c@\x01\x00\x00\x00\x00\x00@\
\x0e`\x0f\x00\xe3\xd8\x04\x00\x00\x00\x00@&\xb0\xc4\xb8\
\x22\xbb1\x03\x00\x00\x00\x00\x00\x80\x1c@\x01\x00\x00\x00\
\x00\x00@\x0e`\x09\x80aL\xb0\x01\x00\x00\x00\x90\x09\
X\x00\x90\xfd\x98\x01\x00\x00\x00\x00\x00@\x0e\xa0\x00\x00\
\x00\x00\x00\x00 \x07P\x00\x00\x00\x00\x00\x00\x90\x03(\
\x00\x00\x00\x00\x00\x00\xc8\x01\x14\x00\x00\x00\x00\x00\x00\xe4\
\x00\x0a\x00\x00\x00\x00\x00\x00r\x00\x05\x00\x00\x00\x00\x00\
\x009\x80\x02\x00\x00\x00\x00\x00\x80\x1c@\x01\x00\x00\x00\
\x00\x00@\x0e\xa0\x00\x00\x00\x00\x00\x00 \x07P\x00\x00\
\x00\x00\x00\x00\x90\x03(\x00\x00\x00\x00\x00\x00\xc8\x01~\
\xd3\x01`\x99\x0e\x00\x00\x00\x00\x00\xefb|\x92\xcd\x98\
\x01\x00\x00\x00\x00\x00@\x0e\xa0\x00\x00\x00\x00\x00\x00 \
\x07\xb0\x04\xc04f\xd8\x00\x00\x00\x00\xc8\x04\x96\x18\x9f\
d9f\x00\x00\x00\x00\x00\x00\x90\x03(\x00\x00\x00\x00\
\x00\x00\xc8\x01\x14\x00\x00\x00\x00\x00\x00\xe4\x00\x0a\x00\x00\
\x00\x00\x00\x00r\x00\x05\x00\x00\x00\x00\x00\x009\x80\x02\
\x00\x00\x00\x00\x00\x80\x1c\xc01\x80\x86q\xca\x06\x00\x00\
\x00\x80L\xc1\xf8$\xbb1\x03\x00\x00\x00\x00\x00\x80\x1c\
@\x01\x00\x00\x00\x00\x00@\x0e\xa0\x00\x00\x00\x00@\xda\
\xf8\xfdy\xa6#\x00@\xce\xa2\x00\x00\x00\x00@\xca\xf8\
|>}\xed\xb7\xbe\xad?\xfb\x9b\x1f\xe9\xa7O\xbe\xa6\
\x86e\xcbLG\x02\x80\x9c\xc5&\x80\x00\x00\x00p\xd4\
\x96m;\xf4\xf1\x87\xbe\xa0\x9dw\xde#\x9f\xcfg:\
\x0e\x00\xe0]\x14\x00\x00\x00\x00\xb0\xa5\xb4\xb4T\x0f~\
\xec\xd3\xfa\xc4\xa7\xbf\xa8\xda\xbaF\xd3q\x00\x00\xb7@\
\x01\x00\x00\x00\x80%\xf1z\xbdZ\xb7a\x93>\xf5\xd9\
/k\xf7\xde\x07L\xc7\x01\x00,\x12\x05\x00\x00\x00\x00\
\x16TV^\xa1]\xbb\xef\xd6o}\xeb\xdf\xa8\xb8\xb8\
\xd4t\x1c\x00@\x12(\x00\x8c\xb3L\x07\x00\x00\x00\xf8\
5\x1e\x8fG\xb5u\xf5\xfa\x9d\xdf\xfb?\xb4~\xd3V\
\xd3q\x00\xa4\x85%\xc6'\xd9\x8d\x02\x00\x00\x00\x00\x92\
$\xbf\xdf\xaf\xdf\xf8\xc6\xb7\xf5\xb1\x87\xbe\xa0\x82\x82B\
y<\x1e\xd3\x91\x00\x00\x0e\xa2\x00\x00\x00\x00\xc8aw\
\xdd}\xbf\x1e\xfe\xda?W\xe3\xb2&\xe5\xe5\xe5\x9b\x8e\
\x03\x00H!\x0a\x00\xd3\x98a\x03\x00\x00\xd2\xa8\xb1i\
\xb9\xbe\xf6\x8d\xefh\xd3\xe6\xed*)-3\x1d\x07@\
\xa6a|\x92\xd5(\x00\x00\x00\x00\xb2\x98\xcf\xe7\xd3\xe7\
\xbf\xf4u\xed\xbd\xf7#jZ\xd1\xc2\xb4~\x00\xc8a\
\x14\x00\x00\x00\x00Y\xc4\xe3\xf1h\xfb\xce\xddz\xe0c\
\x9f\xd6\x8e\x9d{\xe5\xf5\xf9LG\x02\x00d\x08\x0a\x00\
\x00\x00\x00\x97k\x5c\xd6\xa4\xbd\xf7~T\x9f\xfc\xf4\xc3\
*-+7\x1d\x07\x00\x90\xa1(\x00\x00\x00\x00\x5c\xa6\
\xa8\xb8X\x1b7m\xd5\x97\xbe\xfa\xcf\xd5\xb2\xba\xcdt\
\x1c\x00\x80KP\x00\x00\x00\x00d8\x9f\xcf\xa7\xfa\x86\
F\xfd\xc6o\x7fG\xbb\xee\xbcW\x1e\xaf\xd7t$\x00\
\x80\x0bQ\x00\x00\x00\x00d\xa8o|\xeb_\xeb\x93\x9f\
\xf9\x92\xfc~\xde\xb2\x01\x00\xec\xe3\xa7\x89aN\x9d\xb2\
\xc1i\x1d\x00\x00\xb8\xdf\xc7\x1f\xfa\x9c\x1e\xfe\xea7U\
V^)/O\xf9\x01\x18\xc0\xb8\x22\xbbQ\x00\x00\x00\
\x00\x18\xb2m\xc7n}\xe9k\xdf\xd4\x8a\xe6U\xca\x0f\
\x04L\xc7\x01\x00d9\x0a\x00\x00\x00\x804iY\xdd\
\xa6\xcf}\xe1k\xda\xb8e\xbb\xca\xca*L\xc7\x01\x00\
\xe4\x18\x0a\x00\x00\x00\x80\x14\xa9\xa8\xaa\xd2C\x9fyX\
\xbb\xf7\xde\xaf\xba\xbaFy<\x1e\xd3\x91\x00\x009\x8c\
\x02\x00\x00\x00\xc0!\xc5%%\xba\xeb\xde\x07u\xdf\x03\
\x9f\xd4\xea\xb6\xf5\xa6\xe3\x00\x00\xf0>\x14\x00\x00\x00\x00\
I*..\xd1\xa6;\xb6\xeb\x13\x0f}A\xeb7\xde\
a:\x0e\x00\x00\xb7E\x01\x00\x00\x00\xb0H\xf9\xf9\xf9\
Z\xde\xdc\xa2\xaf~\xfd_h\xf3\xd6\x9dL\xe9\x07\x00\
\xb8\x0a\x05\x00\x00\x00\xc0-\xf8|>UV\xd7\xe8[\
\xdf\xf9]m\xdb\xb9\xc7t\x1c\x00\x00l\xa1\x00\x00\x00\
\x00x\x8f\xe2\xe2\x12}\xfbw~_\xdbw\xec\x95?\
/\x8f\xa7\xfc\x00\x80\xacA\x01\x00\x00\x00rZ^ \
\xa0o}\xe7w\xb5}\xe7]*)-c\xc0\x0f\x00\
\xc8Z\x14\x00\xc6Y\x19v\x1f\x00\x00\xb2[Mm\x9d\
>\xff\xe5\xafk\xcb\xd6]\xaa\xa9\xad7\x1d\x07\x002\
\x0c\xe3\x8alF\x01\x00\x00\x00\xb2\xda\xf2\x15\xcdz\xe8\
\xb3_\xd2\xa6-;T]S\xc7\x13~\x00@\xce\xa2\
\x00\x00\x00\x00Ye\xed\xfa\x8d\xba\xfb\xbe\x8fj\xfb\xae\
\xbd\xaa\xac\xac6\x1d\x07\xef\xea\xeb\xed\xd2s\xfb\x1eS\
ow\x97\xe9(\x00\x90\xb3(\x00Lc\x86\x0d\x00\x00\
I\xf3x\xbdZ\xb7a\x93v\xdfu\x9f\xee\xbe\xffc\
*,,6\x1d\x09\xef\xb2,K\xc3C\x03z\xf1\xd9\
\xc7\xf5\xe2sO*\x11O\x98\x8e\x04`1\x18\x9fd\
5\x0a\x00\x00\x00\xe0\x1a~\xbf_-\xab\xdat\xffG\
\x1e\xd2\xdd\xf7~Ty\xf9\xf9\xa6#\xe1\x03\xc6\xc7F\
\xf5\xc2\xb3?\xd7\xd3\xbfxT\x8c$\x00 \xb3P\x00\
\x00\x00\x80\x8cUPP\xa0\xc6e\xcb\xf5\xf0W\x7f[\
[\xb7\xef\x96\xd7\xeb5\x1d\x09\x1f\x22\x18\x9c\xd3\xbe\xc7\
\x7f\xac\xa7\x9ex\xc4t\x14\x00\xc0mP\x00\x00\x00\x80\
\x8c\xe1\xf1x\xb4\xe3\xce\xbb\xf4\xcdo\xffO\xaa\xaa\xaa\
1\x1d\x07\xb7\x11\x8f\xc5\xf4\xc4c\xff\xa0'\x1e\xfd\xb1\
\xe9(\x00\x80E\xa2\x00\x00\x00\x00\xc6\xe4\xe7\xe7\xeb7\
\xbf\xf1\x1d\xed\xb9\xf7A\x15\x17\x95\xc8\xeb\xf3\x99\x8e\x84\
\x05\xfc\xfc\x91\x1f\xea\xf9g\x9ePpn\xcet\x14\x00\
\xc0\x12Q\x00\x00\x00\x80\xb4i[\xbfQ_\xf8\xd2\xd7\
\xd5\xd2\xda\xa6\xd2\xb2r\xd3q\xb0\x08\xb1\xf9y\xbd\xf8\
\xfc\x13z~\xdf\xe3\x1a\x1f\x1b\x95\xc4\xca~\x00p+\
\x0a\x00\x00\x00\x90\x12\xf9\xf9\xf9\xba\xef#\x9f\xd4]\xf7\
<\xa8\xe6\xe6U\x0a\x14\x14\x98\x8e\x84EJ\xc4\xe3\xda\
\xff\xd2\xd3z\xfe\xe9\x9fkh\xa0\xdft\x1c\x00\x80C\
(\x00\x00\x00\x80m\x1e\xafW[\xee\xd8\xae;\xf7\xdc\
\xa7\xf5\x1b\xb7\xaa\xa6\xb6^\x1e\x8f\xc7t,,\xc1|\
4\xaa\xb7\x0f\x1f\xd0\x13\x8f\xfeHC\x03\x037>i\
\xf1\xac\x1f\x00\xb2\x09\x05\x00\x00\x00X\xb2\xa6\x15+u\
\xc7\x8e\xdd\xda\xbek\xafV\xadjc\xed\xbeK\xc5\xe3\
q\xbds\xfc\xb0\x1e{\xe4\xef\xd5\xd3u\xddt\x1c\x00\
@\x8aQ\x00\x00\x00\x80\xdb*++\xd7\xda\xf5\x1b\xb5\
{\xef\x03\xda\xb6c\x8f\xf2\xf2\xf3MG\x82\x0d\xb1\xf9\
y]\xbetV\xdf\xfb\xeb\xff\xac\x91\xe1!\xd3q\x00\
\x00iD\x01`\x18\x13\xeb\x00\x00\x99\xa4\xa0\xb0P\x0d\
\x0dM\xda\xb9\xe7n}\xe4\xa3\x9fVqi\x99\xe9H\
p@<\x1eW\xe7\xf5+\xfa\xbb\xbf\xfe/\xea\xe9\xba\
\xce\xfb\x0f\x00\x1f\xca\x12\xe3\x93lG\x01\x00\x00@\x8e\
\xca\xcb\xcbSiY\xb9>\xfe\xc9\xcf\xe9\xa3\x9f\xfc\x9c\
\x02\x05\x85\xa6#\xc1A\x89DB\xa3\xc3\x83\xfa\xc3\xff\
\xfb\xf7551a:\x0e\x00 \x03P\x00\x00\x00\x90\
#\x8a\x8a\x8b\xf5\xf5o\xfe+\xed\xda}\xaf\xf2\x03\x01\
y\xbd^\xd3\x91\x90\x02\x83\x03\xbd\xfa\xaf\xff\xe9\x0f\xd5\
\xd7\xdd)\x8bM\xfc\x00\x00\xefA\x01\x00\x00@\x16\xda\
\xb1k\xaf>\xf6\xd0\xe7\xb5\xbc\xb9EEE\xc5\xf2\xb1\
I_V\x1b\x19\x1e\xd0_\xfd\xd9\xff\xa7\xcek\xed\x8a\
\xc7\xe37>\xc9\xe0\x1f\x00\xf0\x01\x14\x00\x00\x00\xb8\xd8\
\xea\xb6u\xba\xf7\xc1O\xa8\xadm\x83*\xabkUX\
Xd:\x12\xd2\xa4\xb7\xe7\xba~\xf6\x8f\xdf\xd7;'\
\x8f\xc9\xb2\x12\xa6\xe3\x00\x00\x5c\x80\x02\x00\x00\x00\x17\xa8\
oh\xd4\xee\xbb\xee\xd3\xba\x0d[\xd4\xb4\xbcY\xe5\x15\
U\xa6#\xc1\x80\xbe\x9eN=\xf9\xf8\x8fu\xe4\xad7\
~\xf5\xa4\x1f\x00\x80E\xa2\x000\x8e\xe9y\x00\x80_\
Y\xb5\xbaM\xeb6\xdd\xa15k\xd6ieK\x9b*\
\xab\xabMG\x82a}\xbd]z\xfe\xe9\x9f\xeb\xb5\xfd\
\xcf\x9b\x8e\x02 '0>\xc9f\x14\x00\x00\x00\xa4Y\
~~@\xad\xab\xd7\xa8\xa5\xb5M\xeb7m\xd5\x9a\xb5\
\x1bUTTl:\x162\x84eY\x1a\x1a\xe8\xd3\x0b\
\xcf>\xae\xfd/>+Y\x96,\xde\x90\x03\x00\x1c@\
\x01\x00\x00@\x0ax\xbd^\xd5\xd57\xaa\xae\xbeQ\xeb\
7m\xd5\x96\xad;\xd5\xd8\xb4\xc2t,d\xb0\xd1\x91\
!=\xf7\xf4cz\xe9\xb9\xa7n|\x821?\x00\xc0\
a\x14\x00\xa69\xf5\xc3\x9d7\x09\x00\x90v\x1e\x8fG\
\xa5e\xe5*)-\xd5\xc6\xcd\xdb\xb4{\xef\xfdji\
m\xe3x=,\x8aeY\x9a\x9b\x9d\xd1c?\xfd\x1f\
z\xe5\xa5gM\xc7\x01\x80\x1bc\x0a\xc6\x15Y\x8d\x02\
\x00\x00\x80\xdb\xf0x\xbd\xf2y}\xaa\xa8\xa8\xd4\x03\x1f\
yH;\xf7\xdc\xa3\xba\xfaF\xd3\xb1\xe0b\x91pX\
?\xf9\x87\xbf\xd5+/?g:\x0a\x00 \xc7P\x00\
\x00\x00\xa0\x1b\x03\xfd;\xf7\xdc\xad\xed\xbb\xf6j\xed\xfa\
\xcd*((\x94\xdf\xef\x97\xd7\xeb3\x1d\x0dY \x11\
\x8f\xeb\x07\xdf\xfbs\x1d>\xf8\xaa\xa2\xd1\xa8\xe98\x00\
\x80\x1cE\x01\x00\x00\xc8\x09\xa5ee\xda\xbe\xeb.m\
\xda\xbcMM+ZTT\x5c\xac\xc2\xc2\x22\xf9\xfdy\
\xa6\xa3!K\x85BA=\xfe\xc8\x0f\xf5\xc6\x81\xfd\x0a\
\xce\xcd\x9a\x8e\x03\x00\x00\x05\x00\x00\xc0\xfd\x02\x05\x05Z\
\xb7a\x8b\xd6\xb4\xad\xd7\x8a\x95\xabTQY\xa5\xd2\xd2\
\x1bk\xf3y\x82\x8ft\x8aD\xc2\xda\xf7\xf8Ot\xe0\
\x95\xe7555e:\x0e\x00\x00\xefC\x01\x00\x00\xc8\
h\xd5\xb5\xb5ji]\xadeM\xcd\xaao\x5c\xae\x9a\
\xda:UU\xd7\xa9\xbc\xbc\x5c\x1e\x0f\x9b\xed\xc1\xbc\xb9\
\x99\x19\xed\x7fi\x9f\x9ey\xf2Q\x85C!\xd3q\x00\
\x00\xb8%\x0a\x00\x00\x80\x11\x0d\x8dM\xaao\x5c\xa6\xda\
\xfa\x06\xd5\xd5\xdd8.\xaf\xb6\xaeAU\xd55<\xb5\
G\xc6\x9b\x9e\x9e\xd4\xa1\x03/i\xdf\x13\x8fh\x8e\xe9\
\xfd\x00\x00\x97\xa0\x00\x00\x008\xa2\xb0\xa8H\x95U\xd5\
\xaa\xa8\xa8RyE\xa5j\xeb\x1a\xd4\xb8l\xb9\xea\xea\
o\x0c\xf2\x03\x81\x02\xd3\x11\x01[\xa6\xa7'u\xf8\xd0\
\xab\xfa\xc9?|O\x89D\xc2t\x1c\x00\x00\x96\x8c\x02\
\x00\xae\xf4\xbb\xff\xcb\xff\xa5h(\xa4\xc1\xc1~\xf5\xf7\
vk|lT\xe1pH\x91pX\xa1pH\xe1P\
\x887g\x80\x0d\xf9\xf9\xf9**.QaQ\x91\x8a\
\x8a\x8aU\x5cZ\xaa\xe5\xcbW\xde\x18\xd07.W]\
}\x83\x0a\x0b\x8aL\xc7\x04RnffJ\x07\x0f\xbc\
\xa4G\xfe\xf1\x07\xb2,~\xae\x00\x00\xdc\x8d\x02\x00\xae\
TQ^\xa9\xca\xd66\xad\xdb\xb8u\xd1\xd7$\x12\x09\
ML\x8cih\xa0OC\x83\xfd\xea\xeb\xeb\xd6@_\
\x8fB\xc1\xa0\xe2\xb1\xb8\x12\xf1\x98b\xb1\x98\xe2\xf1\xb8\
\xe2\xf1x\x0a\xd3\x03\xe9\xe1\xf3\xf9\xe4\xf7\xfb\xe5\xcf\xcb\
\xbb\xf1W\x7f\x9e\xaajj\xb5\xbc\xb9U\xcb\x96\xadP\
C\xe32\xd5\xd55\xaa\xb4\xbcB\x1e\x8f\xc7t\x5c \
c\x84CA\xbd\xf8\xfc\x93\xfa\xf9#?\x92,\xeb\xdd\
\xcfZ\xb7\xbd\x06\x00\x007\xa0\x000\x8c\xb7\x13\xe9\xe3\
\xf5zU]]\xab\xea\xeaZm\xdc\xbcm\xc1_o\
Y\x96n\xfe\x0e\xddx\xffg)\x12\x89h|tD\
\x13c#\x1a\x1b\x1b\xd1\xe8\xe8\xb0F\x86\x06\xd4?\xd0\
\xa7\xd9\xe9\xe9\x94\xe6Gn\xf3\xf9|jZ\xbeRM\
\xcd\xcdjhhY\xc0\x99\xed\x00\x00 \x00IDA\
TRm}\xa3jk\x1aTU[\xab@  \xe9\
\xc6\x00\xfe\xc68\xde\xc3\x80\x1eX\xa2D\x22\xa1G\x7f\
\xfa\x03\xbd\xb0\xef\x09f\x90\x01\xc8i\x8cO\xb2\x1b\x05\
\x00p\x0b7\x06P\xef\x1dTI\x85\x85EjZ\xb1\
RM+\xfe\xff\xf6\xee<8\x8e\xeb\xb0\xf3\xf8\xaf{\
\x0e\xcc\x81\x9b\x17x_\xe2%\x89\xa4s\xd8\x1b1{\
$\xf1\xc6\xa9Mv\xd7\xd9C\x8a(Q\xc9\xa6\x92\x8a\
\xe3\x1ckQ\xa9\x9c\xae\xecn\xedVl\x89\xa7bg\
\x9ddm\x89\xc4Ep}\xcak+\x89dI\x96\x22\
\x8b\x8c%\xd9\x16\x09\x1d$u\xf1\x12I\x1d\xa4pc\
\x80\x99\xe9\xde?\x06$A\x08\x18\x0ef^O\xf7\xcc\
|?U(\x813\xf3~\xfd \x10\x04\xfa\x87\xd7\xaf\
\x97\xcf*\xcbq\x1c9\x8e#w\xe2\xbf\x8e\xebLz\
,\xabL&\xa3\xe1\xa1!\x0d\x0e\xf6k\xb0\xbf_\x03\
\x83}\x1a\xec\xebS\x7f\x7f\x9f\x86\x86\x064\xd0\xff\xbe\
\x06\x06\x06466f\xf8\xa3\x84)\xb6\x1dR\xeb\x9c\
V5M\x5c\xff\xde\xd8\xd4\xa4\xfa\xfa&\xd574\xaa\
\xbe\xa1Q\x8d\x8d\xcdjllR\xb4.&\xdb\xb6e\
\x87B\xb2m[!;$\xcb\xb6\x15\x0a\xd9\xb2,\x9b\
\x13w\xa0\x8c\xd2\xe3\xe3\xea\xe9\xfe?z\xe6\xc9\xc74\
zy\xf7~~\xf2\x05\x00T1\x0a\x00\xa0\x0cl\xdb\
\x96m\xe7\xbf]Y\xeb\x9cy\xc6\x8f\xfb\x81\xe2\xe1J\
\xf9\x90\xfd\xe0\xe3N\xeeq\xd7u\xe5:\xae\x5c\xd7\x91\
\xeb\xbar\x5cW\x8e\x93\xbb,\x22\x9b\xce(\x93M+\
\x9b\xc9*\x9dM\xe7\xfe\x9c\xc9\xfd9;i\xac\xa3\x5c\
\xf6\x95?\xbb\x8e\xe4:r\x9c\x5c^.?\x9b\xfb\xaf\
\x5c\xd9\xb6\x95;\xf9\xb5C\xb2-K\x96m\xc9\xb6l\
Y![\x96\xac\xdc\x09\xb2}\xf9\x04\xd9\xce\xbd\xde\xb6\
\x14\xb6#\x0aE\xc2\x8a\x84\xc3\x0aG\xa2\x13\xcb\xdc\xc3\
\x0a\x85#\x0a\x85B\xb9\x8c\xcby\xf6\xc4\xfb\x13\x8f\xd9\
vH\xa1\x90-\xdb\x0e]\xf9\xfc\xe4N\xca'N\xcc\
'N\xc8\x01T\x97\xd4\xe8\x88\x1e\xfaj\x97\x9e~\xea\
1\x0d\x0e\xf4\xfb=\x1d\x00\x00\xca\x8a\x02\x00\xa8b\x85\
\x14\x0f\x00P\xedF\x86\x86\xf4\xad\x87\x0e\xea\x89\xc7\x1e\
\xd6\xe8\xc8\x88\xdf\xd3\x01\x00\xc07\x14\x00\x00\x00\xa0\xea\
\xbc\xf7\xee\xdbz\xe2\xb1\x87\xf5\xe8\xc3\x0fi||\x5c\
\xac\xed\x07\x00\x80\x02\x00\x00\x00T\x01\xd7uu\xfe\xdc\
\x19=\xfe\xe8\xb7\xf5\xc4\xa3\x0fs7\x17\x00\x00\xa6A\
\x01\xe0;~#\x01\x00@1\x5c\xc7\xd1\xb9\xb7N\xeb\
\x9b_\xeb\xd1\xf7\x0f=\x95{\xcc\xe79\x01@e\xbb\
z\x17,T'\x0a\x00\x00\x00P1\x9clV\xef\xbc\
}^_\xf8\xdcgt\xea\xcd7\xf89\x15\x00\x80Y\
\xa0\x00\x00\x00\x00\x81\xe6d\xb3:u\xf25\xfd\xe5\xae\
\xff\xa9\xf7/]\xf4{:\x00\x00T,\x0a\x00\x00\x00\
\x108\xae\xe3\xe8\xd03O\xe8`\xe7\x97480 \
\xd7u\xfc\x9e\x12\x00\x00\x15\x8f\x02\xc0o,]\x04\x00\
@\x9240\xd0\xa7\xaf\x1d\xdc\xaf\xe7\x9f=\xa4\xa1\xc1\
A\xbf\xa7\x03\x00\xb5\x89\xf3\x93\xaaF\x01\x00\x00\x00|\
\x91\xcdf\xf5\x83\xe7\x0f\xe9\x89G\xbe\xa5\x13\xc7^f\
\xe7~\x00\x00<F\x01\x00\x00\x00\xca\xe6\xec\x99\x93\xfa\
\xc7\xef>\xa2CO?\xa1\xa1\xc1\x01\xb9\xfc\xa6\x09\x00\
\x80\xb2\xa1\x00\x00\x00\x00\x9e\xb9t\xf1]\xfd\xe0\xb9C\
z\xec\x91o\xe9\xed\xf3\xe7&\x1e\xe5\xac\x1f\x00\x00?\
P\x00\x00\x00\x00c\x06\x07\xfbu\xfc\x95^=\xfc\xcd\
/\xeb\xcd\xd7_\xf3{:\x00\x00`\x12\x0a\x00\x00\x00\
P\xb4\xa1\xc1\x01\xbd\xfe\xda+z\xe8\xab\xdd\x9c\xf0\x03\
\x00\x10p\x14\x00\x00\x00\xa0 \xae\xeb*\x95\x1a\xd5k\
'^\xd6\x17\xbf\xb0[\x83\xfd\xfd,\xe6\x07\x00\xa0\x82\
P\x00\x00\x00\x80\xbc\x1e{\xe4[\xfaJ\xcf>\x8d\x8f\
\x8d\xe5\x1e`\xe7>\x00\x00*\x12\x05\x00\x00\x00\xb8\xa2\
\xaf\xef\xa2\xbe\xf5\x8d\x83\xfa\xc1\xf7\x0f\xa9\xbf\xbf\xcf\xef\
\xe9\x00\x00\x00\x83(\x00\xfc\x972\x11b\xd9\xb6\x89\x18\
\x00@\x0d\xc9f\xb3z\xf1\xc8\xf3\xfa\xce\xa3\xdf\xd2\xa9\
7^\xd3\xd0\xe0\xa0\xdfS\x02\x00\xf8(\x12\x89\x9a\x88\
\x196\x11\x02oP\x00\xf8l\xdf\x97>\xe3\xfc\xfao\
\xfe\xd9\x90\xa4\xfaRrl\xcb24#\x00@\xb5\xba\
t\xf1=\x1d~\xe6q\x1d\xf9\xe1\xf3z\xfd\xd5cr\
\x1c\xc7\xef)\x01\x00\x02$\x146rzH\x9b\x1c`\
\x14\x00\xc10\xa8\x12\x0b\x00\x8b\x02\x00\x000\xc9\xf0\xd0\
\xa0^y\xe9\x88\x8e\xfe\xe8Y\xfd\xf0\xf9\xefkd\xe4\
\xea/d\x5c\xae\xe1\x07\x00L#L\x01P\xf5(\x00\
\x82a\xa8\xd4\x00\xdb\x0e\x99\x98\x07\x00\xa0\x02\x8d\x8f\x8f\
\xe9\xf4\xc9\xd7\xf5\xe2\xd1\x1f\xe8\x1f\xbf\xfb\x1d\xf5\xbd\x7f\
\xc9\xef)\x01\x00*P8\x141\x11C\x01\x10`\x14\
\x00\x01\xe0\xca-\xf9\x8b\xc4\xb2Y\x01\x00\x00\xb5 \x9b\
\xcd\xe8\xbdw\xdf\xd1\xab\xc7_\xd2?<\xfcu\x9d;\
{\xc6\xef)\x01\x00\xaaD(\x1c\x92[\xfa\x0d^)\
\x00\x02\x8c\x02 \x18J/\x00\xb8\x04\x00\x00\xaa\x8e\xeb\
:\x1a\x1e\x1a\xd2\x993o\xea\xe1o~Y/\xbfx\
\x94[\xf0\x01\x00<chU1\x05@\x80Q\x00\x04\
\x83\x81\x15\x00\xdc\x05\x00\x00*\x99\xeb\xbaJ\xa7\xc7\xf5\
\xd6\xd9S\xfa\x7f_\xef\xd1\xd1\x1f=\x7f\xf59\x1f\xe7\
\x05\x00\xa8\x1d\x91\xa8\x91\xbb\x00\x94|y3\xbcC\x01\
\x10\x0c%\x17\x00\xb6E\x01\x00\x00\x95\xe6\xe4\x9b'\xf4\
\x8d\xaft\xeb\xc4\xb1\x974>6\xe6\xf7t\x00\x005\
.\x14b\x13\xc0jG\x01\x10\x0c\xec\x01\x00\x00U\xcc\
q\xb2:\xfeJ\xaf\x1e{\xe4\xdb:}\xf25]\xba\
t\x89\xa5\xfc\x00\x80\xc0\xe1.\x00\xd5\x8f\x02 \x18X\
\x01\x00\x00Ubp\xa0_?x\xf6\x90\x8e\xbc\xf0\xac\
N\x9f|]\xfd}}S\xce\xf59\xf1\x07\x00\x04S\
\x88\x02\xa0\xeaQ\x00\x04\x03{\x00\x00@\x85q\x1cG\
\xa7N\xbd\xae\x17_x^'\x8e\xbd\xa8WO\x1cS\
&\x9d\xf6{Z\x00\x00\x14\xcd\xc4\x0a\x00\xd7u\xd9\x03\
 \xc0(\x00\x82\xc1\xc0\x0a\x00.\x01\x00\x00/\xb8\xae\
\xa3\xb7/\x9c\xd3\x9b\xaf\x9f\xd0\x89c/\xe9\xe8\x0b\xcf\
\xab\xbf\xaf\xef\xf2\xb3\xbe\xce\x0d\x00\x00\x93\xc2\xe1H\xc9\
\x19\x96e\x0d\x18\x98\x0a<B\x01\x10\x0c\xa5\xb7d\x14\
\x00\x00P\x12\xd7u\xf5\xfe\xa5\xf7t\xfe\xdc\x19\xbd\xf2\
\xd2Q=\xfbOO\xeb\xd2\xc5\xf7&\x9e\xf4wn\x00\
\x00x\xcd\xd0\xf2\x7f\x89K\x00\x02\x8d\x02 \x08\x5c\xf6\
\x00\x00\x80r\xc9d\xd2\xea\xef\xeb\xd3{\xef\x9e\xd7\x91\
\x17\x9e\xd3\xf7\xbf\xf7\x94\x06\x06\xfa?\xf0:\xce\xf9\x01\
\x00\xb5$\x1c\x0a\x1b\xf9\xe6\xc7%\x00\xc1F\x01\x10\x0c\
FZ2\xdb\xb6\xe58\x8e\x89(\x00\xa8h\xae\xebj\
||L\xa9\xd4\xa8^=\xfe\xb2\xbe\xf7\xe4\xa3z\xa9\
\xf7\xc8t\xaf,\xfb\xdc\x00\x00\x08\x22Cw\x00\xe0\x12\
\x80\x80\xa3\x00\x08\x06#\x05\x80e\xd9\x92(\x00\x00\xd4\
\x0e\xd7u\xe48\xae\xde|\xed\xb8\xbe\xf7\xbd\xc7\xf5\xfd\
g\x9eR&\x93\xe1\xbc\x1e\x00\x80Y\x0a\x19\xb8\xfe\x7f\
\x02\x97\x00\x04\x18\x05@0\x18Z\x01`)\x9b5\x91\
\x04\x00\xc1\x92\xcdfu\xfcX\xaf\x9e}\xe6)\xbd\xf2\
r\xafFG\x86\x95J\xa54\xf9L\x9fs~\x00\x00\
\x8agj\x05\x80\x93\xcdr\x09@\x80Q\x00\x04\x83\x91\
\x02 \x14\x0a+\xcd-\xa8\x00T\xa0l6\xab3\xa7\
\xdf\xd0+/\xf5\xea\xf8+G\xf5\xfe\xc5\x8b\xea{\xff\
\x92FGG\xfc\x9e\x1a\x00\x005!\x16K\x18\xc9\xb1\
C!.\x01\x080\x0a\x80`\xe8\xbb\xfeK\xae/\x1c\
\x89H\xa9Q\x13Q\x00`\xd4\xe8\xe8\x88\xce\x9d=\xa5\
\x93o\xbe\xa63\xa7\xde\xd4{\xef^\xd0\x85s\xe74\
8xu\xf3\xbdk~\x83\xcf\xaf\xf3\x01\x00(\xabd\
}\xbd\x89\x98\xacL\xdc\xe1\x0c\x9e\xa1\x00\x08\x86\xf7$\
\x0dHj,%\xc4\xc4};\x01`\xb6FGG\xf4\
\xf6\x85s\xbap\xee\x8c\xce\x9f;\xab\x0b\xe7\xdf\xd2[\
gO\xeb\xdd\xb7/\xf8=5\x00\x00P\xa0d\xb2\xc1\
D\xcc\x9b\xfb\x1f\xf8,\x17%\x07\x18\x05@\x00\xec\x7f\
\xe0\xb3\xee\x7f\xf9\x8d?=.\xe9\xc3\xa5\xe4D\xcc\xdd\
\xbb3\xf0\xfe\xe2\xbf\xff\xe1\x95\xf7\xc3\xe1\x88\x96,]\
\xae\x85\x8b\x96h\xde\x82\x85jimUcS\x8b\x1a\
\x1b\x9b\xd4\xd0\xd8D1\x02\x14\xc1u]\x0d\x0d\x0e\xa8\
\xaf\xef\x92\xfa\xde\xbf\xa8\x8b\xef\xbe\xa3\xf3\xe7\xcf\xea\xdc\
\xd9\xd3:}\xf2\x0d\x8d\x8d\x8d\xe5^7\xf9W\xf5\xfc\
\xd6\x1e\x00\x80\x8a\x95H\x1aY\x01p\xdcD\x08\xbcS\
;g\x8c\xc1Wr\x01\x10\x8eD\x0dM\xa5\xb2d2\
i\x9d|\xe35\x9d|\xe35IS\xcfA\xa6\x9e\x91\
XZ\xb2l\x99\x96,]\xa1\x85\x8b\x96h\xee\xfc6\
\xd5\xd77(\x1eO(\x16\x8b+\x16O(\x14\x0a\x95\
i\xe6@y\x8d\x8f\x8fiddX#\xc3C\x1a\x19\
\x1e\xd2\xa5K\xef\xe9\xc2\x85sz\xeb\xf4)\x9d:\xf5\
\xba\xfa.^\xf4{\x8a\x00\x00\xc0'\xf5\xf5%-F\
\xbe\x8c\x02 \xe0(\x00\x82\xe3X\xa9\x01\xa1PH\xb6\
\x1d\x92\xe3\xb0\xeaff\xae\xce\x9e>\xa5\xb3\xa7OM\
}x\x86W\xbb\x8a\xc5\xe2Z\xb6b\x95\x16/Y\xa6\
\xb6\x89U\x06\xf5\xc9zE\x22\x11\x85\xc3\x11\x85#\x11\
E\x22\x11\xd96\xc5\x01\xca\xc3u]\xa5\xd3i\xa5\xd3\
\xe3J\x8f\x8fi||\x5c\xc3C\x83z\xfb\xfc[:\
w\xee\x8c\xce\x9e9\xa9\xd3o\xbc\xae\xe1\x91\xe1\x0f\x8e\
\xf5a\xbe\x00\x00 \xd8\x12\x89\xa4,\xcb2\x11U\xf2\
9\x0d\xbcE\x01\x10\x10\xae\x5c#mY8\x1c\xd6\xf8\
8\x05\x80I\xa9\xd4\xa8N\x1c{I'\x8e\xbdT\xd8\
\x80IgXu\xb1\xb8\x96.[\xa6EK\x96iA\
\xdb\x22\xcd_\xb0Ps\xe6\xceW\xb4.&\xdb\xb6e\
Y\x96l\xcb\x96e\xdb\xb2m\x8b\x12\xa1F\xb8\xae;\
q\xff\xfaIo\xd9\xacFF\x86\xf5\xce;\xe7\xf5\xf6\
\xf9s\xbap\xee\xac\xce\x9c~SgO\x9f\xcc\xdd\xd7\
\xfe\xf2\xd8\xfc\xc1\x9e\xcf\x1d\x00\x00T\x9fD\xb2\xfe\xda\
\xcb\xfa\x8a\xc7\x0a\x80\x80\xa3\x00\x08\x0e\x83\x05\xc0\x98\x89\
(\x180\x96\x1a\xd5\xab'\x8e\xe9\xd5\x13\xb3(C]\
W\x96e]\xf3&\xcbR]\xb4Ns\xe6\xcdW\xcb\
\x9c\xb9ji\x99\xab\x96\x96\x165\xb6\xb4\xa8\xa9\xb1E\
\x0d\x8dMjhhR],\xe6\xdd\x07\x83\x0f\xc8d\
\xd3\x1a\xec\xefW\xff@\x9f\xfa/]R_\xffE\xbd\
\xf7\xce;\xbap.w\xad\xfc\xf0\xf0\x90\x5c\xd7\x95\xe3\
\xba\x13'\xfd\xb9\xb7+\xd8\xf6\x1e\x00\x00\x04@\xb2\xde\
\xc8\x06\x80\xcaf\xb3'\x8c\x04\xc13\x14\x00\xc1\xf1\x9a\
rg\x00%\xad\xbd\x09G\xd8\xf0\xae\x1a|\xe0DQ\
R&\x9d\xd6\xd0\xf0\x90N\x9d|\xa3\x90\x84i\xdf\xbd\
\x86e]Y\x85`\xd9\xb6,Y\xb2\xed\xcb\xefK\xb6\
mK\x96%K\x96.\xaf\x08\x0b\x85\xc2\x0a\x87so\
v8\xa2H8\xacP$\xa2p(\xacp8\xa4P\
(\xacP8\xacp(\x94\xcb\xb9\xbc\xc2\xc1\xb2eY\
\x92e[\x13\xef[W\x1f\x9b8\xael\xfb\xcas\x92\
+\xc7\xc9\xcau\xae=qv\x5cGn\xd6\x91\xebJ\
\xae\xebL\xfc\x16\xddU&\x93Q&3\xael6\xa3\
t:\xa3L&\x9d{,\x9d\xfbo:=\xaet:\
-\xc7q&2\x9d\x5c\xa6\x93\xcbr\x5cg\xe2x\xb9\
\xc7\xb3\x13\x8f_\xf7\xa4\xbc\xc0\x13xN\xed\x01\x00@\
\x90%\xcc\xdc\x01\xa0?\x14\x0a\xbdm\x22\x08\xde\xa1\x00\
\x08\x88\xf6\x07\xee\x1d\xfd\xb5\xdf\xf8\x93S\x92V\x94\x92\
\x13\xae\xa1;\x01\xa04\xae\xeb*\x9b\x9d\xe9r\x91\xeb\
\x17\x08\xf9Ojg\xbf3|\xfe\xcd\x1b\x0by\xca\xbd\
\xfeKL\x8c\x07\x00\x00\xa82ICw\x00h\x7f\xe0\
^~\x8c\x0a8\xdb\xef\x09\xe0\x1a%o\x9a\xc1-\xef\
\x00\x00\x00\x00\xcc\x06\xb7\x00\xac\x1d\x14\x00\xc1R\xf2\x17\
\x0d\x97\x00\x00\x00\x00\x00(T$\x1aU,\x167\x11\
\xc5\x1d\x00*\x00\x05@\xb0\x94\xbci\x86eY\x0aq\
\x19\x00\x00\x00\x00\x80\x02\x18Z\xfe/\xb1\x02\xa0\x22P\
\x00\x04\x8b\xb1;\x01\x00\x00\x00\x00\xc0\xf5\xc4\xe3IS\
Q\x14\x00\x15\x80\x02 X\x8c,\x9ba\x1f\x00\x00\x00\
\x00\x00\x850t\x0b@W\xb9\xbb\x9a!\xe0(\x00\x82\
\xe5\x9c\xa4\xa1RC(\x00\x00\x00\x00\x00\x14\x22\x910\
r\x09\xc0\xc9\xf6\x07\xeeM\x99\x08\x82\xb7(\x00\x02\xa4\
\xfd\x81{]\xb9:!W*\xe5-\xc2F\x80\x00\x00\
\x00\x00\x0a\xd0\xd8\xd4\x5c\xd2\xb9\xc7\xc4\x1b\xcb\xff+\x04\
\x05@\xf0\x94\xfc\xc5\x13\x8d\xd6\x99\x98\x07\x00\x00\x00\x80\
*VW\x173\xb5\x02\x80\x02\xa0BP\x00\x04O\xc9\
_<\x96e\xa9\xce\xcc\xad<\x00\x00\x00\x00T\xa9\xd6\
9\xf3MEQ\x00T\x08\x0a\x80\xe01\xf2\xc5SW\
\xc7*\x00\x00\x00\x00\x003k\x9d3\xd7T\x14\x05@\
\x85\xa0\x00\x08\x9eC&B\xea\xeab&b\x00\x00\x00\
\x00T)C+\x00\xb2\x92\x9e3\x11\x04\xefQ\x00\x04\
L\xfb\x83\xf7\x9e\x96\xf4z\xa99\xd1h\x9d,\xcb2\
0#\x00\x00\x00\x00\xd5&\x9eH*\x1eO\x98\x88z\
\xb6\xfd\xc1{\x07M\x04\xc1{\x14\x00\xc1\xf4\x84\x89\x10\
V\x01\x00\x00\x00\x00\x98Nk\xeb<SQF\xce]\
P\x1e\x14\x00\xc1d\xe4\x8b(\xc6F\x80\x00\x00\x00\x00\
\xa6\xd1:\x87\x02\xa0\x16Q\x00\x04\x90\xeb\xbaO\x9a\xc8\
\xa9\x8b\xb1\x02\x00\x00\x00\x00\xc0\x07\xb5\xb4\x1a\xd9\x00p\
L\xd2a\x13A(\x0f\x0a\x80\x00\xea\xd8w\xdf\x05\xc9\
}IrU\xca[8\x1c\x96m\xf3)\x06\x00\x00\x00\
pU\xb2\xbeA\xb1XL\xa5\x9eoH\xee\xa1\xf6\x07\
\xef\x1d-\xfb\x07\x80\xa2qv\x18\x5c\xec\x03\x00\x00\x00\
\x00\xc08\x96\xff\xd7.\x0a\x80\xe02S\x00p\x19\x00\
\x00\x00\x00\x80IZ\xcd,\xff\x97\xa4\xef\x9a\x0aBy\
P\x00\x04\xd7S\xca\xad\xab)\x09+\x00\x00\x00\x00\x00\
L\xd6\xd4\xdcb\x22fX\xd2s&\x82P>\x14\x00\
\x01\xd5\xfe\xe0}\xef\xbb\xd2\x0fK\xbd*'\x14\x0e+\
\x14\x0a\x95\xff\x03\x00\x00\x00\x00\x108\x0d\x8dM\xaa\x8b\
\xc5K\xbf\xfa_z\xba\xfd\xc1\xfb\xc6\xcb\xff\x11\xa0\x14\
\x14\x00\xc1f\xe42\x80(\xab\x00\x00\x00\x00\x00\x88\xeb\
\xffk\x1d\x05@\xb0\x19\xb9\xa6\x86\xcb\x00\x00\x00\x00\x00\
H\xc6n\xff'Q\x00T$\x0a\x80`{ZR\xa6\
\xd4\x90\xbaX\x9d\x81\xa9\x00\x00\x00\x00\xa8d\xb6mk\
\x8e\x99\x15\x00}\x92^0\x11\x84\xf2\xa2\x00\x08\xb0\x8e\
\x07\xef\x1b\x92\xf4l\xa99\xa1PX\xb1X\xdc\xc0\x8c\
\x00\x00\x00\x00T\xaa\xf9\x0b\x16\xca6\xb3?\xd8\x93\x1d\
\x0f\xde\x975\x11\x84\xf2\xa2\x00\x08>#Kkbq\
\x0a\x00\x00\x00\x00\xa0\x96-X\xb8\xc4H\x8e\xeb\xbaO\
\x1a\x09B\xd9Q\x00\x04\x9d\xab'Ll\xd1\x19\x8f'\
eYV\xf9\xe7\x0f\x00\x00\x00\xc0w\xb1xB\xf3\xe7\
/,\xf9\xbcB\xaed\xc9z\xbc\xfc\x1f\x01L\xa0\x00\
\x08\xbe\xc3\x92\xc6J\x0d\xb1,K\xb1X\xc2\xc0t\x00\
\x00\x00\x00T\x9ay\xf3\x17\x9a\x8azW\xd2K\xa6\xc2\
P^\x14\x00\x01\xd7\xb1\xef\xbe\x94\xa4\xa7Ld\xc5\x13\
I\x131\x00\x00\x00\x00*\xcc\xc2EKME}\xa7\
c\xdf}\xae\xa90\x94\x17\x05@e\xe86\x11\x12\x8b\
\xc5\x15\x0e\x87MD\x01\x00\x00\x00\xa8\x10\xad\xad\xf3\xd4\
\xd8\xd8l*\xae\xcbT\x10\xca\x8f\x02\xa02|]\xd2\
\x88\x89 .\x03\x00\x00\x00\x00j\xcb\xfc\x05\x8bLE\
\xbd-\xe9;\xa6\xc2P~\x14\x00\x15\xa0c\xdf}C\
\xca\x95\x00%\xe32\x00\x00\x00\x00\xa0\xb6\x18\xbc\xfe\xff\
@\xc7\xbe\xfb2\xa6\xc2P~\x14\x00\x95\xa3\xc3DH\
$\x12U]]\xccD\x14\x00\x00\x00\x80\x80\x9b;\xaf\
Mu1c?\xff\x1b9'\x81\x7f(\x00*\xc7\x13\
\x92\xce\x99\x08\x8a\xc5\xb9\x0c\x00\x00\x00\x00\xa8\x05\x06\x97\
\xff\xf7J:b*\x0c\xfe\xa0\x00\xa8\x10\x1d\xfb\xee\xcb\
\xca\xd0f\x80q\x0a\x00\x00\x00\x00\xa0\xea\x85\xc3a-\
Z\xbc\xccT\x5c\x07\xbb\xffW>\x0a\x80\xcabd\xc9\
\x8dm\x87\x14\x8b\xc7MD\x01\x00\x00\x00\x08(\x83\xd7\
\xfe;\x92\x0e\x98\x0a\x83\x7f(\x00*H\xc7\xbe\xfb^\
\x94\xdc\x1fI\xaeJ}c\x15\x00\x00\x00\x00P\xdd\xda\
\x16-\x91\x89s\x07\xc9}\xacc\xdf}F.G\x86\
\xbf(\x00*\x8f\x91U\x00\x89DR\xb6\xcd\xa7\x1f\x00\
\x00\x00\xa8F\x89d\xbd\xe6\xcc\x99o$\xcbu\xddN\
#A\xf0\x1dg\x80\x15\xc6u\xdd\x83\x92\xb2&\xb2\xb8\
\x0c\x00\x00\x00\x00\xa8N\xf3\xcd-\xff\x1f\xb2,\xeb\x1b\
\xa6\xc2\xe0/\x0a\x80\x0a\xd3\xb9\x7f\xe7\x05I\x8f\x98\xc8\
\xaa\xafo0\x11\x03\x00\x00\x00 `\x96,[i*\
\xea\xab\x1d\xfbv\x0c\x9b\x0a\x83\xbf(\x00*\x93\x91%\
8\x91HT\x89D\xd2D\x14\x00\x00\x00\x80\x80X\xba\
l\xa5b1c\xab}\x8d\x5c\x82\x8c`\xa0\x00\xa8L\
\xdf\x944`\x22\xa8\xbe\x81U\x00\x00\x00\x00@5Y\
\xba|\xb5\xa9\xa83\x92\x9e2\x15\x06\xffQ\x00T\xa0\
\x8e};F]\xe9+&\xf6\xf3\x0cG\xa2\x8a\xb3\x0a\
\x00\x00\x00\x00\xa8\x0a\x8b\x96,W<\x914\xb3\xf7\xbf\
\xd4\xd5\xb1o\x87S\xf6\x0f\x02\x9e\xa1\x00\xa8\x5c\xc6v\
\xe2d\x15\x00\x00\x00\x00P\x1d\x96\x9a\xbb\xf6_2x\
\xce\x81`\xa0\x00\xa8\x5cOK:i\x22(\x12\x89*\
\x9eH\x98\x88\x02\x00\x00\x00\xe0\x93\x85\x8b\x97\xa9\xbe\xa1\
\xc9T\xdcs\x9d\xfbv\xbcb*\x0c\xc1@\x01P\xa1\
:\xf7\xedp\xe4\xeaASk{\xea\x93\x8de\xff\x18\
\x00\x00\x00\x00\x98\xb3l\xf9j#\xe7\x06\x13o\x0f\x94\
{\xfe\xf0\x1e\x05@e\xfb\xdf\x92\x86L\x04E\xa2Q\
\xd5\x99\xdb)\x14\x00\x00\x00@\x19\xb5-\x5c\xaa\xfaz\
c\xbf\xd4;/\xa9\xddT\x18\x82\x83\x02\xa0\x82u\xee\
\xdfqI\xb9\x12\xc0\x88d\xb2\xdeT\x14\x00\x00\x00\x80\
2Z\xb6\xc2\xd8\xce\xffr]wO\xe7\xfe\x1d)c\
\x81\x08\x0c\x0a\x80\x0a\xe7\xba\xee\xfd\x92\x8c|q\xc6b\
q\xd5\xd5\xc5LD\x01\x00\x00\x00(\x93\x05mK\xd4\
`\xee\xda\xff\x8b\x96e\xfd\x8d\xa90\x04\x0b\x05@\x85\
\xebj\xdfyA\xd2\x17M\xe5\xb1\x0a\x00\x00\x00\x00\xa8\
,&\x7f\xfb/\xe9\xfe\xce\xfd;\x8c\x5cf\x8c\xe0\xa1\
\x00\xa8\x0e;%\xa5M\x04\xc5\xe2\x09E\xa3u&\xa2\
\x00\x00\x00\x00xlA\xdbb566\x9b\x8a\x1b\x90\
\xf4W\xa6\xc2\x10<\x14\x00U\xa0s\xff\x8e32\xb8\
I\x07\xab\x00\x00\x00\x00\x80\xca\xb0l\xb9\xd1\xdf\xfe\xff\
U\xe7\xfe\x1d}&\x03\x11,\x14\x00\xd5\xe3^I\x8e\
\x89\xa0x\x22\xa9H$j\x22\x0a\x00\x00\x00\x80GZ\
[\xe7\xa9\xb1\xa9\xc5T\xdc\x88\xa4\xfbM\x85!\x98(\
\x00\xaaD\xe7\xfe\x1d\xafK\xea1\x95\xd7\xd0hl\x13\
\x11\x00\x00\x00\x00\x1e0|\xed\xff\xdfv\xee\xdf\xf1\xae\
\xc9@\x04\x0f\x05@u\xf9\x8c\xa9\xa0X,\xaex<\
a*\x0e\x00\x00\x00\x80Am\x0b\x97h\xce\xdc\x05\xa6\
\xe2\xc6%\xed2\x15\x86\xe0\xa2\x00\xa8\x22\x9d\xfbw\xbc\
,\xb9_\x97\x5c\x99x\xab\xafo(\xfb\xc7\x00\x00\x00\
\x00 ?\xdb\x0ei\xd5\xeau2\xf5s\xbf\xe4\xee\xeb\
\xdc\xbf\xe3\x5c\x99?\x0c\xf8\x80\x02\xa0\xfa\xfc\x85\xa9\xa0\
H4\xaa\x86\x86FSq\x00\x00\x00\x00\x0c\xb8a\xed\
\x06\xc5\x13ISqY\xc7qv\x98\x0aC\xb0Q\x00\
T\x99\xce\xfd;\x7f(\xe9\xefM\xe5546)\x1c\
\x0e\x9b\x8a\x03\x00\x00\x00P\x82\xc6\xc6f-]\xb6\xd2\
ddww\xc7\xee7L\x06\x22\xb8(\x00\xaa\x93\xb1\
U\x00\x92L\xdeW\x14\x00\x00\x00@\x09V\xaf\xdd`\
2\xce\x95\xf4Y\x93\x81\x086\x0a\x80*\xd4\xb9\x7f\xe7\
3\x92\x9e4\x95\x17\x8b\xc7\x15\x8b\xc5M\xc5\x01\x00\x00\
\x00(\xc2\xe2%\xcb\xd4\xda:\xd7d\xe4W;\xf7\xef\
<f2\x10\xc1F\x01P\xbd\x8c\xae\x02\xe0\xb6\x80\x00\
\x00\x00\x80\x7f\x22\x91\xa8V\xae^g:\xd6\xd8]\xc4\
P\x19(\x00\xaa\xd7\xe3\x92\x9e1\x15\x16\x89D\xb8\x14\
\x00\x00\x00\x00\xf0\xc9\x0dk6\xa8\xae.f2\xf2\x9b\
\x9d\xfbw\xbe`2\x10\xc1G\x01P\xa5:\xf7\xeft\
]\xe9\xf7\x5c\xc91us\x90dC\xa3\xc2\x91H\xb9\
?\x14\x00\x00\x00\xa0\xa655\xb5h\xe1\xe2e\xe6n\
\xfa'\xa5\xb2\x8esO\xb9?\x0e\xf8\x8f\x02\xa0\x8au\
\xe5\x1a\xbd\xbf2\x99\xc9*\x00\x00\x00\x00\xa0\xbcV\xaf\
1\xba\xf1\x9f$\xfd\xc5\x01v\xfe\xafI\x14\x00\xd5\xef\
\xbfI\xba`*\xac.\x16W<\x9e0\x15\x07\x00\x00\
\x00 \x8f\xa5\xcbV\xa9\xb9e\x8e\xc9\xc8W%\xed4\
\x19\x88\xcaA\x01P\xe5\xba\xf6\xef\xec\x97\xf4\x07&3\
\xeb\x1b\x9beY\x96\xc9H\x00\x00\x00\x00S\xc4\xe3I\
\xad\x5c\xbd\xd6t\xec\xefu\xed\xdf9f:\x14\x95\x81\
\x02\xa06\xf4H\xfa\xae\xa9\xb0p8\xac\x86&.\x05\
\x00\x00\x00\x00\xbct\xc3\xba\x9b\x14\x0e\x1b\xdd\x83\xeb\xcb\
]\xfbw>j2\x10\x95\x85\x02\xa0\x06t\xed\xdf\xe9\
J\xfa]I\x19S\x99\xc9\xfa\x06\xc5\xb8\x14\x00\x00\x00\
\x00\xf0D\xdb\xa2\xa5\x9a;o\x81\xc9\xc8!Il\xfc\
W\xe3B~O\x00\xe5q\xf4\x85C\xefm\xda\xfc\xd3\
II\xff\xdcTf,\x16WjtD\x8e\xe3\x98\x8a\
\x04\x00\x00\x00j^\xb2\xbeA\x9b6\x7f\xc4\xf4e\xb7\
\x7f\xda\xd5\xceo\xffk\x1d+\x00j\xcb\xff\x92t\xc6\
T\x98eYjlj1\x15\x07\x00\x00\x00@\xd2\xba\
\xf5\x9bd\xdbFO\xd5^\x94\xf4y\x93\x81\xa8L\x14\
\x005\xa4\xab}\xe7\xb0\xa4O\x99\xcc\xac\x8b\xc5U_\
\xdfh2\x12\x00\x00\x00\xa8Y+W\xafSSs\xab\
\xe9\xd8Ov\xb5\xefL\x9b\x0eE\xe5\xa1\x00\xa89\xee\
C\x92\xfbw\x92+So\x8dMM\x8a\xc5\xe3\xe5\xfe\
@\x00\x00\x00\x80\xaa\xd2\xb6p\x89V\xac\x5c#\x93?\
\xabK\xee\xfe\xae\xf6\x9d\xdf+\xefG\x82\xa0\xa2\x00\xa8\
1]\xed\xbb\x5cI\xbf/)e2\xb7\xa5e\x8e\xc2\
\xe1\xb0\xc9H\x00\x00\x00\xa0f$\x93\x0dZ\xb7a\x93\
\xe9\xd8>I\x7fl:\x14\x95\x8bM\x00k\xd0\xd1#\
\x87\xde\xdf\xf4\xa1-!I?k*\xd3\xb2,\x85\xc2\
a\x8d\x8e\x8e\x98\x8a\x04\x00\x00\x00j\xc6\xcd\x9b~R\
\xf1\x84\xf1\xbblm\xefj\xdf\xf5\x94\xe9PT.V\
\x00\xd4\xae\x1d\x92^3\x19\x18\x8b\xc5U_\xdf`2\
\x12\x00\x00\x00\xa8z+W\xadUs\x8b\xf1\xeb\xfe\x9f\
\x97\xf4E\xd3\xa1\xa8l\x14\x005\xaa\xab}WJ\xd2\
\xef\x99\xcemljf?\x00\x00\x00\x00\xa0@\x0b\x16\
.\xd6\x8aUkM\xc7\xba\xae\xeb\xfeNW\xfb\xae\xac\
\xe9`T6\x0a\x80\x1a\xd6\xd5\xbe\xeb\x11I_1\x9d\
\xcb~\x00\x00\x00\x00\xc0\xf5%\x93\x0dZo\xfe\xba\x7f\
I\xfaBw\xc7\xee\xe7\xbc\x08Fe\xa3\x00\xc0oK\
:m2\xd0\xb2,565\x9b\x8c\x04\x00\x00\x00\xaa\
\xce\x9a\xf57\xc9\xb6\x8d\x9f\x92\xbd$\xe9\x8fL\x87\xa2\
:P\x00\xd4\xb8\xae\xf6]\x97$m\x95\x941\x99\xcb\
~\x00\x00\x00\x00\xc0\xccV\xacZ\xa3\x96\x969\xa6c\
G$\xdd\xda\xd5\xbe\x8b\x9d\xb91-\xee\x02\x00\x1d=\
r\xe8\xcc\xa6\x0fm\x19\x95\xf41\x93\xb9u\xb1\x98\xd2\
\x99\xb42\x99\xb4\xc9X\x00\x00\x00\xa0\xa2\xb5-Z\xa2\
5ko\xf2\x22\xfa7\xbb\xdaw=\xeeE0\xaa\x03\
+\x00p\xd9\x1eI\x0f\x9b\x0emiiU$\x121\
\x1d\x0b\x00\x00\x00T\xa4y\xf3\xdb\xb4\xe1\xc6\xcd^D\
\xef\xefj\xdf\xd5\xe1E0\xaa\x07\x05\x00$I]\xed\
\xbb\x1cI\xbf&\xe9\xac\xc9\x5c\xcb\xb2\xd5\xd2:\xd7\x8b\
k\x9b\x00\x00\x00\x80\x8a\x92L6h\xbd7'\xff/\
\xcb\x83;|\xa1\xfapV\x86+\xba\xdaw]\x94\xf4\
+\x92\x8c\xde.$\x1c\x8e\xa8\xa5u\xae\xc9H\x00\x00\
\x00\xa0\xa2D\x22Q\xdd\xb4\xe9\xc7\xbc\xb8[\xd6\xa8\xa4\
\xdb\xba\xdaw\x0d\x9b\x0eF\xf5a\x0f\x00\x5ccb?\
\x80\x94\xa4\x9f7\x99\x1b\x0e\x87\x15\x8eD\x94\x1ae?\
\x12\x00\x00\x00\xd4\x9eM\x9b\x7fR\x8dM-\xc6s]\
\xd7\xfdDw\xc7\xeeG\x8d\x07\xa3*\xb1\x02\x00\x1f\xe0\
J\xbb\x5c\xe9\xef\xdc\xdc\xfb\xc6\xdeb\xf1\x84\x9a\x9a[\
\xcb\xfb\xc1\x00\x00\x00\x00>\xbb\xf1\xe6\x1fSs\xeb\x5c\
\xa3?[O\xbcutw\xec\xdeW\xde\x8f\x06\x95\x8c\
\x02\x00\x1f\xd0}u?\x80\xb7Lg'\x92\xf5\x9e4\
\x9f\x00\x00\x00@\x10\xad]\xbfQ\xf3\x17,\xf2\x22\xfa\
\x98\xa4\xdf\xf5\x22\x18\xd5\x8b\x02\x00\xd3\xean\xdf\xf5\x9e\
\xa4\xdbex?\x00IJ\xd67\xa8\xa1\xa9\xd9t,\
\x00\x00\x00\x10(7\xac\xbdQ\x8b\x16/\xf3\x22zT\
\xd2\xad\xdd\xed\xbb\x86\xbc\x08G\xf5b\x0f\x00\xcc\xa8\xf7\
\xc8\xa1\xd3\x9b6o\x19\x97\xf4\xafMgG\xa3u\x92\
\x5c\x8d\x8f\x8f\x99\x8e\x06\x00\x00\x00|\xb7r\xd5:-\
]\xb6\xda\xab\xf8Ovw\xecz\xc4\xabpT/V\
\x00\xe0zvH\xfa\x07/\x82\x1b\x1a\x9b\x95H\xd6{\
\x11\x0d\x00\x00\x00\xf8f\xe9\xf2\xd5Z\xb6\xe2\x06\xaf\xe2\
\xbb$=\xe8U8\xaa\x1b\x05\x00\xf2\xea\xee\xd8\xe5H\
\xfaUI\xe7\xbc\xc8ojnU\x22\x91\xf4\x22\x1a\x00\
\x00\x00(\xbbE\x8b\x97k\xd5\xea\xf5^\xc5\x1fW\xee\
\xb7\xff\xaeW\x07@u\xa3\x00\xc0uuw\xeczW\
\x1e\xed\x07 IM-s\x14\x8b'\xbc\x88\x06\x00\x00\
\x00\xca\xa6m\xe1\x12\xadYw\xb3W\xf1)I\xb7u\
wp\xdd?\x8a\xc7\x1e\x00(Hn?\x80[\xceJ\
\xfa\xb8\x17\xf9\xb1X\x5cc\xa9Q9\x8e\xe3E<\x00\
\x00\x00\xe0\xa9\xb9\xf3\xda\xb4\xe1\xa6\x0fy\x15\xefH\xba\
\xb5\xbbc\xf7?zu\x00\xd4\x06\x0a\x00\x14\xac\xf7\xc8\
\xe1\x1fm\xda\xbceL\x1el\x0ahY\x96\x12\x89\xa4\
2\x99\xb42\x99\x8c\xe9x\x00\x00\x00\xc03m\x0b\x97\
xy\xf2/I\xbf\xd5\xdd\xb1\xbb\xc7\xcb\x03\xa06p\
\x09\x00f\xeb>I\x7f\xe9E\xb0eYjm\x9d\xcb\
\x9e\x00\x00\x00\x00\xa8\x18\x0b\x17/\xd5\xba\x0d\x9b\xbc<\
\xc4\xa7\xbb;v\x7f\xc9\xcb\x03\xa0vP\x00`V\xba\
;v\xbb\x92\xee\x91t\xc0\xabc4\xb7\xb4*\xc9\xdd\
\x01\x00\x00\x00\x10pK\x97\xaf\xd2Z\xef\xae\xf9\x97\xa4\
\xcfK\xfa\xac\x97\x07@m\xe1\x12\x00\xccZ\xef\x91\xc3\
\xee\xa6\xcd[\xbe-\xe9#\x92<\xb9\xbfI,\x16\x97\
+i||\xcc\x8bx\x00\x00\x00\xa0$+W\xad\xd5\
\x8aUk\xbc<\xc4A\xe5\x96\xfe\xb3\xe3?\x8c\xa1\x00\
@Qz\x8f\x1c\xcen\xda\xbc\xe5!I?/i\xb1\
\x17\xc7\xa8\xab\x8b\xc9\xb2,\x8d\x8d\xa5\xbc\x88\x07\x00\x00\
\x00\x8ar\xc3\x9a\x0dZ\xba|\x95\x97\x87\xf8\x8e\xa4\xdb\
\xba;v\xb39\x16\x8c\xe2\x12\x00\x14\xad\xbbc\xf7\x90\
\xa4_\x92t\xc2\xabc\xd474\xaa\xa9\xa9\xc5\xabx\
\x00\x00\x00`V\xd6\xae\xbbY\x8b\x97\xae\xf0\xf2\x10\xcf\
K\xfaO\xdd\x1d\xbb\xc7\xbd<\x08j\x13\x05\x00J\xd2\
\xdd\xb1\xfb]I\x1f\x93t\xce\xabc$\xeb\x1b\xd4\xdc\
\xdc\xeaU<\x00\x00\x00P\x90\x0d7}H\x0b\x17/\
\xf5\xf2\x10\xafJ\xfa\xc5\xee\x8e\xdd\x83^\x1e\x04\xb5\x8b\
\x02\x00%\xeb\xee\xd8}J\xd2/H\xea\xf3\xea\x18\x89\
d\xbdZZ\xe7z\x15\x0f\x00\x00\x00\xcc(\x12\x89h\
\xd3\x8f}D\xf3\x17,\xf4\xf20\xe7%}l\xe2\x17\
l\x80'\xd8\x03\x00F\xf4\x1e9\xfc\xce\xa6\xcd[\x9e\
\x91t\x87\xa4\xb0\x17\xc7\x88D\x22\xaa\xab\x8b)\x95J\
\xc9u\xd9\x0b\x05\x00\x00\x00\xdeK&\xebu\xf3\xe6\x0f\
\xab\xb1\xb1\xd9\xcb\xc3\xf4K\xfahw\xc7\xee\xe3^\x1e\
\x04\xa0\x00\x801\xbdG\x0e\x9f\xde\xb4yK\xaf\xa4\xdb\
\xe4\xd1\xea\x92P8\xacX<\xae\xf1\xf119\x8e\xe3\
\xc5!\x00\x00\x00\x00I\xd2\xdcy\x0b\xb4q\xd3O\xaa\
.\x16\xf3\xf20)\xe5\x96\xfd?\xe7\xe5A\x00\x89\x02\
\x00\x86\xf5\x1e9||\xd3\xe6-g%}\xdc\xabc\
\xd8vH\x89DR\x99LF\x99L\xda\xab\xc3\x00\x00\
\x00\xa0\x86\xb5\xb5-\xd6\x86\x9b>$\xdb\xf6\xf4\xaai\
G\xd2\xad\xdd\x1d\xbb\x1f\xf5\xf2 \xc0e\x14\x000\xae\
\xf7\xc8\xe1\x1fm\xda\xbce\x5c\xd2G\xbd:\x86eY\
\x8a\xc7\x13r]W\xe3\xe3c^\x1d\x06\x00\x00\x005\
h\xf9\x8a\xd5\xbaa\xcd\x8d\xe58\xd4ouw\xec\xee\
)\xc7\x81\x00\xc9\xa3k\xb5\x01W\xbaW\xb9F\xf3^\
/\x8f\xd3\xd0\xd4\xach]\x9d\x06\xfa\xdeW&\xc3m\
R\x01\x00\x00P\xbcD\xb2^\xab\xd7\xdc\xa8\xe6\x969\
\xf2x\xc7)G\xd2'\x0et\xec\xfe\x92\xb7\x87\x01\xae\
e\xf9=\x01T\xb7;~\xf5\x0f~]\xd2\x17\xe5\xf1\
j\x13\xd7u\xd4w\xe9\x92R\xa3#S\xfe\xb1.\xf0\
\x9f\xee\x19^\xe6\x16\xf3O\xbf;\xf5\x8f\xb3\xcc\xc8\xb3\
\xc1a\xe1I\xee\xb4\xef\x16\x9e\xe5\xfd\xf8\xfcyy\x06\
\xcd\xf8\x94{\xfd\x97\x98\x18?cV\x11\x9f\xb7\x02\xc7\
\x17\xfc\xaa\x026\xc7,u\xfc\x07\xf3f\xff\xb9\x9e\x9a\
0\xed\xf0\x22>\x09\xa5\x8e\xcf\xfbLa\x9f\xc4\x99\xb3\
\x8a\x9b\xdc\x0cs)\xfdG\xd2\x927Ru\x8b\xf8z\
\xb96`\xba\xa8\x82\xc7\xe4{\xb8\xe4\x7fAg\xfc+\
]\xa6\xf13f\x153\xde\xc0\xf7\x93\x192\x82\xf4\xfd\
(\x7f\xde\xec\x0fZ\xb6\xefG3fy\xf7\xfd\xa4\xf0\
\x7f\xca*\xef\xfb\xc9\x8c_#\xb3\xf8$\xcc_\xb0H\
k\xd6o\xf4z\xc9\xbf$\x8dI\xba\xfd@\xc7\xee\x87\
\xbc>\x100\x15\x97\x00\xc0S\xbdG\x0e\xbf\xb0q\xf3\
\x96\x17$\xfd\x07y\xb8\xe2\xc4\xb2,\xc5\x13\x09\x89K\
\x02\x00\x00\x000K\xcbV\xdc\xa0\xd5ko\x94ey\
\xfe\xfb\xd1~\xd7u\x7f\xa9\xa7s\xcf#^\x1f\x08\x98\
\x0e\x05\x00<\xd7{\xe4\xf0\xf1\x8d\x9b\xb6<)\xe9?\
J\xf2t\x0b\xd5\xba\xba\x98\x22\xd1\xa8\xd2\xe9q\xee\x12\
\x00\x00\x00\x80\xbc\x12\xc9zm\xb8\xe9CZ\xd0\xb6\xa4\
\x1c\x87;/\xe9\xa3=\x9d{\x9e-\xc7\xc1\x80\xe9P\
\x00\xa0,z\x8f\x1e>\xb3q\xf3\x96\x87%\xfd\xb2\xa4\
\x06/\x8f\x15\x0eG\x94H\xd6s\x97\x00\x00\x00\x00\xcc\
h\xfe\x82E\xbai\xe3O(\x1eO\x94\xe3p\xaf:\
\x8e\xf3s=]{\x8e\x95\xe3`\xc0L<\xbf\xc0\x05\
\xb8\xec@\xe7\xee\x17%m\x91t\xdc\xebcY\x96\xa5\
\xd6\xd6\xb9\xaa\xafo\xf4\xfaP\x00\x00\x00\xa80\xcbW\
\xdc\xa0u\x1b6\x95\xe3z\x7fIz^\xd2O\x1f\xec\
\xde\xfbF9\x0e\x06\xe4\xc3\x0a\x00\x94U\xef\xd1\xc3\xfd\
\x1b7\xdfrP\xd2\xcfHZ\xec\xf5\xf1\xeab1E\
\xa3Q\xa5\xd3i.\x09\x00\x00\x00\xa8qW\x97\xfc/\
*\xd7!\x1f\x93\xf4\x8b\x07:\xf7\xbc_\xae\x03\x02\xf9\
P\x00\xa0\xecz\x8f\x1e\x1e\x99(\x01~B\xd2\x0d^\
\x1f\xef\xf2%\x01Y.\x09\x00\x00\x00\xa8Y\xb9%\xff\
?^\xae%\xff\x92tP\xd2\xad\x07:\xf7\x8c\x96\xeb\
\x80\xc0\xf5P\x00\xc0\x17\xbdG\x0f\x8fo\xdc|\xcb\x97\
%\xad\x92\xb4\xc9\xeb\xe3Y\x96\xa5x<!;\x14\xd2\
\xf8\xd8\x98\x8a\xbdq\x15\x00\x00\x00*K,\x9e\xd0\xba\
\x0d\x1b\xb5t\xd9\xcar\xec\xf2\x7f\xd9\xe7%\xfd\xd6\x81\
\xce=\x99r\x1d\x10(\x04\x05\x00|\xd3{\xf4pv\
\xe3\xe6[\x1e\x92\xd4(\xe9\x96r\x1c3\x1a\x8d*\x91\
H\xc8u\x1c\xa5\xd3\xac\x06\x00\x00\x00\xa8f\x8b\x16/\
\xd3\xfa\x1b7+Y\xef\xe9\x1e\xd4S}Z\xd2\xa7\x0f\
t\xee\xe17N\x08\x9c\xb2U`\xc0L\xee\xb8\xeb\x1e\
K\xd2\x1fI\xba\xb7\x9c\xc7\x1dK\xa540\xd0\xa7t\
z|\xc6\x05\x01n1+\x05\xdc\xa9\x7f\x9ce\x86;\
\xf3\xeb\x0bOr\xa7}\xb7\xf0,\xef\xc7\xe7\xcf\xcb3\
h\xc6\xa7\xdc\xeb\xbf\xc4\xc4\xf8\x19\xb3\x8a\xf8\xbc\x158\
\xbe\xe0W\xe5\xf9\xbbcj\xfc\x07\xf3f\xff\xb9\x9e\x9a\
0\xed\xf0\x22>\x09\xa5\x8e\xcf\xfbLa\x9f\xc4\x99\xb3\
\x8a\x9b\xdc\x0cs)\xfd\xe7I\xb7\xd4\x0c\xb7\x88\xaf\x97\
k\x03\xa6\x8b*xL\xbe\x87K\xfe\x17t\xc6\xbf\xd2\
e\x1a?cV1\xe3\x0d|?\x99!#H\xdf\x8f\
\xf2\xe7\xcd\xfe\xa0e\xfb~4c\x96w\xdfO\x0a\xff\
\xa7\xac\xf2\xbe\x9fL\xfd\x1aihl\xd6\xca\x95k\xd4\
\xd4\xdc:\xfb\xb0\xe29\x92>q\xa0s\xcf\x97\xcay\
P`6(\x00\x10\x18w\xdcu\xcf\xafK\xfa\xa2\xca\
\xbc2ehh@\x03}}\xd3>G\x01\xe0\xdd\xf8\
\xfcy\x14\x00\xb3\xce\x92(\x00J\x1c\x9f\xf7\x19\x0a\x80\
\xa9\x01W\xdf-.`\xba\xa8\x82\xc7\xe4{\x98\x02`\
\xf2x\x0a\x00\x0a\x80b\xc6\xe7\xcf(\xe8\x15>\x16\x00\
\xe1pX+V\xad\xd5\xc2\x85Kg\x1fR\x9a\x94\xa4\
\xad\x07:\xf7<T\xee\x03\x03\xb3\xc1%\x00\x08\x8c\xde\
\xa3\x87_\xd8\xb8\xf9\x96\xc7%}L\xb9\xcb\x02\xca\x22\
\x1a\xadS<\x9e\x90\xe38l\x12\x08\x00\x00P\xa1\x16\
\xb4-\xd6\x86\x1b?\xa4\xe6\xe69\xe5>\xf4\x09I\xbf\
p\xa0s\xcfS\xe5>00[\x14\x00\x08\x94\xde\xa3\
\x87\xcfl\xdc|K\x87\xa4\x9b$\xad-\xd7q\xedP\
H\xf1DB\x91HT\xe9\x0c\xb7\x0c\x04\x00\x00\xa8\x14\
\xf5\xf5\x8dZ\xbb~\xa3\x96,Y\xa1p8\x5c\xee\xc3\
\x1f\x90\xf4\xef\x0ft\xee9]\xee\x03\x03\xc5\xa0\x00@\
\xe0\xf4\x1e=<:q\x9b\xc0!I\x1f\x95d\x97\xeb\
\xd8\xe1H\xe4\xca&1\xb9\xbb\x05\x00\x00\x00 \x88,\
\xcb<\x1c\x85?\x00\x00\x0e\x19IDAT\xd6\xca\xd5\
k\xb5v\xfd\xcd\xe5\xbc\xb5\xdfe)I\x9f\x94\xf4\xe7\
\x07:\xf7\xf0C#*\x06{\x00 \xd0\xee\xb8k\xfb\
\x16\xc9:(\xa9\xec\x17r\xa5\xc7\xc7584\xa0\xd1\
\x91\xe1\xd9\x0dd\x0f\x80\x82\xc6\xe7\xcfc\x0f\x80Yg\
I\xec\x01P\xe2\xf8\xbc\xcf\xb0\x07\xc0\xd4\x80\xab\xef\x16\
\x170]T\xc1c\xf2=\xcc\x1e\x00\x93\xc7\xb3\x07\x00\
{\x00\x143>\x7fFA\xaf(\xc3\xf7\x93y\xf3\xdb\
\xb4l\xf9j\xc5\x13\xc9Y\x1f\xcb\x80\xe3\x92n;\xd0\
\xb9\xe7\xa8\x1f\x07\x07J\xc1\x0a\x00\x04Z\xef\xd1\x7f:\
\xb3q\xf3-\xed\x92n\x94\xb4\xae\x9c\xc7\x0e\x85B\x8a\
\xc7\x13\x8aF\xeb\x94\xcd\xa4\x95\xcdf\xcbyx\x00\x00\
\x00L\xd1\xd4\xdc\xa2\xd57l\xd0\xd2e\xab\x14\x89D\
\xfd\x98B\x97\xa4\x8f\x1f\xe8\xdcs\xc6\x8f\x83\x03\xa5\xa2\
\x00@\xe0M\xba$`@e\xbe$@\x92\xc2\xe1\x88\
\x92\xc9\x06E\x22Q9\x8e\xa3l6S\xce\xc3\x03\x00\
\x00\xd4\xbc\x96\xd69Z\xb5z\xbdV\xac\x5c\xe3\xd7o\
\xfdG%\xfd\xb6\xa4\xff~\xa0s\xcf\xb8\x1f\x13\x00L\
\xe0\x12\x00T\x94;\xee\xba\xe7\xa7$\xfd_I\xcb\xfc\
\x9aC*5\xaa\xa1\xa1A\x8d\xa5F\xa7\x7f\x01\x97\x00\
\x144>\x7f\x1e\x97\x00\xcc:K\xe2\x12\x80\x12\xc7\xe7\
}\x86K\x00\xa6\x06\x5c}\xb7\xb8\x80\xe9\xa2\x0a\x1e\x93\
\xefa.\x01\x98<\x9eK\x00\xb8\x04\xa0\x98\xf1\xf93\
\x0az\x85\xc1\xef'\xf3\xe6\xb7i\xf1\x92\xe5\xaaoh\
\x9au\xa6A\xc7$\xddz\xa0s\xcf\x8b~N\x020\
\x81\x15\x00\xa8(\xbdG\x0f\x9f\x9d\xb8K\xc0\x06\x95\xf9\
\x92\x80\xcb\xc2\xe1\x88\x12\x89\xa4b\xb1\x84\x5c\xd7U&\
\xcd\xad\x03\x01\x00\x00L\x9a7\x7f\xa1\xd6\xae\xbfY\x8b\
\x16/S\xb4.\xe6\xe7T\xda%\xfd\xf2\x81\xce=o\
\xf99\x09\xc0\x14V\x00\xa0\x22\xddq\xd7=\x96\xa4O\
I\xda!)\xe2\xe7\x5c\xd2\xe3\xe3\x1a\x1a\x1a\xd0\xc8\xe5\
\xcd\x02Y\x01P\xd0\xf8\xfcy\xac\x00\x98u\x96\xc4\x0a\
\x80\x12\xc7\xe7}\x86\x15\x00S\x03\xae\xbe[\x5c\xc0t\
Q\x05\x8f\xc9\xf70+\x00&\x8fg\x05\x00+\x00\x8a\
\x19\x9f?\xa3\xa0W\x94\xf0\xfdd\xfe\x82EZ\xbcx\
\xf9\x95\xbb2\xf9h\xd4u\xdd\xdf\xed\xe9\xda\xbb\xcf\xef\
\x89\x00&Q\x00\xa0\xa2\xddq\xd7=\x1fQ\xee\x92\x80\
\x15>OE\xe9\xf4\xb8\x86\x06\x0742|\xed]\x03\
(\x00\xf2\xbep\x86\x97Q\x00\xcc:K\xa2\x00(q\
|\xdeg(\x00\xa6\x06\x5c}\xb7\xb8\x80\xe9\xa2\x0a\x1e\
\x93\xefa\x0a\x80\xc9\xe3)\x00(\x00\x8a\x19\x9f?\xa3\
\xa0W\x14\xf1o\xcc\xfc\xb6EZ\xbcd\xb9\x12\x89\xfa\
Y\x8f\xf5\xc0\xcb\xca\xed\xf2\xff\x92\xdf\x13\x01L\xe3\x12\
\x00T\xb4\xde\xa3\x87\xdf\xbay\xd3-\x1d\xca\xdd&p\
\xa3\x9fs\xb1\xed\x90b\xf1\x84\xe2\xf1\xa4\x5c\xb9J\xa7\
\xd9\x1f\x06\x00\x00 \x9f\xb6\x85K\xb4f\xfd\xcdZ\xb0\
`\xb1_\xbb\xfaO\xe6J\xfa[I\xb7\xf6t\xb1\xe4\
\x1f\xd5\x89\x15\x00\xa8\x1a[\xb7\xdd\xf3s\x92\xbe \x9f\
\xf6\x06\x98*\x93IkxpP\xa3\xa9\xe1\xd9\xddB\
\x90\x15\x00\xf9\x07\xb1\x02 \xcf\x93\xac\x00(e|\xde\
gX\x0105\xe0\xea\xbb\xc5\x05L\x17U\xf0\x98|\
\x0f\xb3\x02`\xf2xV\x00\xb0\x02\xa0\x98\xf1\xf93\x0a\
z\xc5u\xbe\xb0\xebbq\xcd\x993_m\x8b\x96*\
\x16\x8b_\xf7Xe\xf2#I\x9f\xec\xe9\xda\xf3}\xbf\
'\x02x\x89\x02\x00Ue\xeb\xb6{\xa2\x92\xfe@\xd2\
\x9fK\x0a\xccw\x94\xd1\xd1a\x8d\x8e\x0cktt\xe4\
\xfa/\xa6\x00\xc8?\x88\x02 \xcf\x93\x14\x00\xa5\x8c\xcf\
\xfb\x0c\x05\xc0\xd4\x80\xab\xef\x16\x170]T\xc1c\xf2\
=L\x010y<\x05\x00\x05@1\xe3\xf3g\x14\xf4\
\x8ai\xfe\xde\xd8\xb6\xad\xd69\xf35o~\x9bZZ\
\xe7]7\xbf\x8c\xfa%}Z\xd2\xdf\xf4t\xed\x99\xc5\
ol\x80\xcaD\x01\x80\xaa\xb4u\xdb\xf6\x15\x92\xee\x97\
\xf4q\x9f\xa7r\x0d\xc7qre\xc0\xe8\x88\xc6R\xa9\
\xe9_D\x01\x90\x7f\x10\x05@\x9e')\x00J\x19\x9f\
\xf7\x19\x0a\x80\xa9\x01W\xdf-.`\xba\xa8\x82\xc7\xe4\
{\x98\x02`\xf2x\x0a\x00\x0a\x80b\xc6\xe7\xcf(\xe8\
\x15\x93\xfe\xde\xb4\xb4\xccQ\xeb\xdc\x05\x9a7\xbfM\xb6\
m_7\xb7\xcc:\xb3\xd9\xec\x1f}\xb9\xe7s\x17\xfc\
\x9e\x08P.\x14\x00\xa8j[\xb7m\xff\xb7\x92>\xaf\
\x00l\x128U&\x9d\xd6\xc8\xc8\xb0FS#\xd7\xde\
J\x90\x02 \xff \x0a\x80<OR\x00\x942>\xef\
3\x14\x00S\x03\xae\xbe[\x5c\xc0tQ\x05\x8f\xc9\xf7\
0\x05\xc0\xe4\xf1\x14\x00\x14\x00\xc5\x8c\xcf\x9fQ\xc8+\
\x92\x89z\xb5\xce\x99\xa7y\x0b\x16\x06i\x89\xffd/\
K\xfa\x9d\x9e\xae\xbdO\xf9=\x11\xa0\xdc(\x00P\xf5\
\xb6n\xdb\x1e\x97\xf4\xa7\x92\xfeX\x92\xef\xbb\xcbLg\
l,\xa5\x91\x91a\xa5FG\xe4\xe4\xd9/ H?\
pQ\x00L}!\x05\x00\x05@\x9e\xa3P\x00L\x0d\
\x98.\xaa\xe01\xf9\x1e\xa6\x00\x98<\x9e\x02\x80\x02\xa0\
\x98\xf1\xf93fzE4Z\x97;\xe9\x9f\xd7\xa6\x86\
\xc6\xa6\xeb\x8e\xf7\xc9\x88\xa4\xff!\xe9\xfe\x9e\xae\xbd\xe9\
\xeb\xbc\x16\xa8J\x14\x00\xa8\x19\xb7\xdfy\xf7:\xcb\xb2\
>/\xe9\xe7\xfd\x9eK>#\xc3C\x1a\x1d\x1dQj\
\x9a\xfd\x02\x82\xf4\x03\x17\x05\xc0\xd4\x17R\x00P\x00\xe4\
9\x0a\x05\xc0\xd4\x80\xe9\xa2\x0a\x1e\x93\xefa\x0a\x80\xc9\
\xe3)\x00(\x00\x8a\x19\x9f?c\xea+\xe6\xcc\x9d\xaf\
\xb9s\x17h\xce\xdc\xf9\xd7\x1d\xe3\xb3\xafI\xda\xde\xd3\
\xb5\xf7\x8c\xdf\x13\x01\xfcD\x01\x80\x9a\xb2u\xdbvK\
\xd2\x7fVn\x7f\x80E>O'/'\x9b\xd5\xd8X\
*\xf7\x96J)\x93I\x07\xea\x07.\x0a\x80\xa9/\xa4\
\x00\xa0\x00\xc8s\x14\x0a\x80\xa9\x01\xd3E\x15<&\xdf\
\xc3\x14\x00\x93\xc7S\x00P\x00\x143>\x7fF<\x91\
TSS\x8b\x1a\x9bZ\xd4\xdc\xdc\xaaP8<\xe3k\
\x03\xe2uI\xbf\xdf\xd3\xb5\xf7\xef\xfd\x9e\x08\x10\x04\x14\
\x00\xa8I[\xb7moPn\x09\xd8\xa7$\x85\xfc\x9d\
Ma\xb2\x99\x8cR\x93\x0a\x81l6\x93\xe7\xd5\x14\x00\
\x9e\x8d\x9f1\x8b\x02\x80\x02 \xcfQ(\x00\xa6\x06L\
\x17U\xf0\x98|\x0fS\x00L\x1eO\x01@\x01P\xcc\
\xf8k\x1f\x88\xc5\xe2jljQSs\x8b\x1a\x1b[\
\x14\xad\xab\x9b1?`\xc6$}V\xd2}=]{\
g\xd8y\x19\xa8=\x14\x00\xa8i[\xb7m\xdf(\xe9\
s\x92~\xc6\xe7\xa9\xccZ&\x93\xd1Xj4W\x0a\
\xa4Rr\x9c\xc9{\x07P\x00x6~\xc6,\x0a\x00\
\x0a\x80<G\xa1\x00\x98\x1a0]T\xc1c\xf2=L\
\x010y<\x05\x00\x05\xc0\xec\xc7G\xa3ujjn\
\xce\x9d\xf47\xb5\xaa.\x16\x9b1/\xc0\xbe-\xe9\xee\
\x9e\xae\xbd\xaf\xfb=\x11 h(\x00\x00I[\xb7m\
\xffW\x92\xfeL\xd2\xc7\xfc\x9eK\xb12\x99\xb4R\xa9\
T\xae\x14H\x8d\xcau\x9d\xdc\x13\x14\x00f\xc7\xcf\x98\
E\x01@\x01\x90\xe7(\x14\x00S\x03\xa6\x8b*xL\
\xbe\x87)\x00&\x8f\xa7\x00\xa0\x00\xb8\xfe\xf8p$\xa2\
\xa6\xc6\x1655\xb5\xa8\xa9\xa55\xa8\xbb\xf6\x17\xea!\
\xd7u?s\xb0\xfb\xfe\xe7\xfc\x9e\x08\x10T\x14\x00\xc0\
$[\xb7m\xff\xb0\xa4OK\xfa\xb8\xdfs)\xd5\xf8\
\xf8\x98\xd2\xe9qe\xd2ie\xd2i\xa53ie3\
\x99+?\xf8S\x00\x149~\xc6,\x0a\x00\x0a\x80<\
G\xa1\x00\x98\x1a0]T\xc1c\xf2=L\x010y\
<\x05\x00\x05\xc0U\xb6m\xab.\x16W,\x9eP<\
\x9eP,\x9ePcC\x93b\xf1D\xa1\xb3\x0c*G\
\xd2AI\x9f\xed\xe9\xda\xfb\xa2\xdf\x93\x01\x82\x8e\x02\x00\
\x98\xc6\xc4\xa5\x01\x7f&\xe96I\xb6\xcf\xd31*\x93\
\x99(\x04&J\x81L:\xadL&\xadl\xb6\xbc\x97\
\x10\xe4\xcf\xa3\x00\x98u\x96D\x01P\xe2\xf8\xbc\xcfP\
\x00L\x0d\xb8\xfanq\x01\xd3E\x15<&\xdf\xc3\x14\
\x00\x93\xc7S\x00\xd4b\x01\x10\x8dF\xaf9\xc9\xbf\xfc\
\xdf\x0a\xff\xcd\xfet\xd2\x92:$\xdd\xdb\xd3\xb5\xf75\
\xbf'\x03T\x0a\x0a\x00 \x8f\xad\xdb\xb6\xaf\x91\xf4'\
\x92~UR\xe0\xb7\xb9-\x85\xe38\xcad\xd2WV\
\x0d\x5cY1\xe08r\x1cW\xae\xeb\xc8q\x9c+\xaf\
\xa7\x00\x98\xfaB\x0a\x00\x0a\x80<G\xa1\x00\x98\x1a0\
]T\xc1c\xf2=L\x010y<\x05@5\x15\x00\
\x96e\xc9\x0e\x85d\x87B\x0a\x85\xc2\x0a\x85B\xaa\xab\
\x8b)\x16\xcb\x9d\xe4_>\xd1\x0f\x85*bo\xe3R\
\xa4$}I\xd2\xce\x9e\xae\xbd\xa7\xfd\x9e\x0cPi(\
\x00\x80\x02l\xdd\xb6}\xb9\xa4?\x94\xf4\x9b\x92*f\
\xfb[/\xb8\xae+\xc7q\xae\x14\x02\xae\xe3\xcaq\x9d\
\x5cQ\xe0N\x94\x05NV\x8e\xebN\x94\x07\xce\xf5C\
e\xf6\x07\xaeY\x1c\xa8\x94\xa4\x82G\x99,\x00\x8a\x9c\
B\x81/)\xf5\xc4t\xd6\xc3g\x1eTj\x01`\x80\
\xc9\x02\xa0\xd41\xa6\xff\xaa\x94^\x22\x98\xfb\xffn\xba\
\x00\x98\xf5x\xa3#\xae\x1dd\xb2\x000\xfd7<H\
\x05\x80i\xfe\x17\x00\x85\x09\x85s'\xf1\xa1PH\xb6\
}\xf5\xa4\xfe\xcacS\xfflW\xfd\x89\xfd\xf5\x0cI\
\xfakI{z\xba\xf6^\xf0{2@\xa5\xa2\x00\x00\
fa\xeb\xb6\xed\x0b%\xdd#\xe9\x93\x92\x92>O\x07\
\x00\x00\xa0\xda\xf5)w\xc7\xa6\xcf\xf5t\xed\xbd\xe8\xf7\
d\x80JG\x01\x00\x14a\xeb\xb6\xeds$}J\xd2\
\x7f\x95\xd4\xe4\xf3t\x00\x00\x00\xaa\xcd\xbb\x92vK\xfa\
\xeb\x9e\xae\xbd\x03~O\x06\xa8\x16\x14\x00@\x09\xb6n\
\xdb\xde$\xe9\x13\x92~C\xd2Z\x9f\xa7\x03\x00\x00P\
\xe9\x8eHz@\xd2\x03=]{G\xfc\x9e\x0cPm\
(\x00\x00\x03\xb6n\xdbnI\xfa\xb0r\x9b\x05n\x95\
\xd4\xea\xef\x8c\x00\x00\x00*\xc6\x05I\xdd\x92:{\xba\
\xf6\x1e\xf1{2@5\xa3\x00\x00\x0c\xdb\xbam{T\
\xd2\xbfQ\xae\x0c\xf8w\x92\x22\xfe\xce\x08\x00\x00 p\
F%}C\xb9[\xf9=\xde\xd3\xb57\xe3\xf3|\x80\
\x9a@\x01\x00x\xe8\xf6;\xb7\xcf\x91t\x9b\xa4\xbb$\
\xdd\xe2\xf3t\x00\x00\x00\xfc\xf6]I\x9d\x92\xbev\xb0\
\x9bk\xfb\x81r\xa3\x00\x00\xca\xe4\xf6;\xb7\xafQ\xae\
\x08\xb8K\xd2\x0a\x7fg\x03\x00\x00P6\xc7\x95\xfbM\
\x7f\xf7\xc1\xee\xbd\xa7\xfc\x9e\x0cP\xcb(\x00\x802\xbb\
\xfd\xce\xed\xb6\xa4\x7f!i\x9br\xab\x03\x1a\xfd\x9d\x11\
\x00\x00\x80q\x17%\xf5(w\xe2\xff\xfc\xc1\xee\xbd\xae\
\xcf\xf3\x01 \x0a\x00\xc0W\xb7\xdfyw\x5c\xd2\xc7%\
\xdd!\xe9g%\xd5\xfb;#\x00\x00\x80\xa2\xf5Iz\
LR\x97\xa4\xbf?\xd8}\xff\xb8\xcf\xf3\x010\x05\x05\
\x00\x10\x10\xb7\xdfywD\xd2OH\xfa\xb9\x89\xb7\x9f\
\x96\x14\xf3uR\x00\x00\x003\x1b\x96\xf4\xb4\xa4'&\
\xde^8\xd8}\x7f\xd6\xdf)\x01\xc8\x87\x02\x00\x08\xa8\
\xdb\xef\xbc;&\xe9\xa7t\xb5\x10\xf8g\x92\xc2\xbeN\
\x0a\x00\x00\xd4\xb21I\x87\x94;\xd9\xff\xae\xa4\xe7\xf8\
-?PY(\x00\x80\x0aq\xfb\x9dw\xd7+\xb7w\
\xc0\xcf*W\x08\xfc\xb8\xf8\x1a\x06\x00\x00\xde\xc9Jz\
VW\x7f\xc3\x7f\xf8`\xf7\xfd\xa3\xfeN\x09@)8\
y\x00*\xd4\xedw\xde\xdd\x22\xe9_\xea\xea\x0a\x81\x9b\
\xfd\x9d\x11\x00\x00\xa8p\xae\xa4\x17t\xf5\x84\xff\xe9\x83\
\xdd\xf7\x0f\xfa;%\x00&Q\x00\x00U\xe2W\xee\xf8\
T\x9beY\x1f\x91\xb4n\xe2m\xfd\xc4\x7f\xe7\xfa:\
1\x00\x00\x10D\x17\x94\xbb=\xdf\xe4\xb7\x7f:\xd8}\
\xffE_g\x05\xc0S\x14\x00@\x95\xbb\xfd\xce\xbb[\
\xe5\xba\xebeY\xeb$\xad\xd5\xd5\x82\xe0\x06IQ_\
'\x07\x00\x00\xbc\x94\x92\xf4\xaa>x\xa2\x7f\xfc`\xf7\
\xfd\xfd~N\x0c\x80?(\x00\x80\x1au\xfb\x9dw\x87\
%\xad\xd0\xd5B`\xf2[\x9b\x7f3\x03\x00\x00\xb3t\
V\x97O\xee]\xf7\x84,\xeb\xd8\xc4\x9fO\x1f\xec\xbe\
\xdf\xf1wj\x00\x82\x84\x02\x00\xc0\x07\xdc~\xe7\xddI\
IM\xae\xeb6X\x96U/\xa9AR\xa3\xa4\xcb\xef\
\xcf\xe6-^\xf6\x0f\x00\x00\x80\xe0\x1b\x914x\xfd7\
wH\xb2\x06\xf2\xbc\xa6\x9f\x8d\xf9\x00\x00\x00\x00\x00\x00\
\x00\x00\x00\x00\x00\x00\x00\x00\x00\x00\x00\x00\x00\x00\x00\x00\
\x00\x00\x00\x00\x00\x00\x00\x00\x00\x00\x00\x00\x00\x00\x00\x00\
\x00\x00\x00\x00\x00\x00\x00\x00\x00\x00\x00\x00\x00\x00\x00\x00\
\x00\x00\x00\x00\x00\x00\x00\x00\x00\x00\x00\x00\x00\x00\x00\x00\
\x00\x00\x00\x00\x00\x00\x00\x00\x00\x00\x00\x00\x00\x00\x00\x00\
\x00\x00\x00\x00\x00\x00\x00\x00\x00\x00\x00\x00\x00\x00\x00\x00\
\x00\x00\x00\x00\x00\x00\x00\x00\x00\x00\x00\x00\x00\x00\x00\x00\
\x00\x00\x00\x00\x00\x00\x00\x00\x00\x00\x00\x00\x00\x00\x00\x00\
\x00\x00\x00\x00\x00\x00\x00\x00\x00\x00\x00\x00\x00\x00\x00\x00\
\x00\x00\x00\x00\x00\x00\x00\x00\x00\x00\x00\x00\x00\x00\x00\x00\
\x00\x00\x00\x00\x00\x00\x00\x00\x00\x00\x00\x00\x00\x00\x00\x00\
\x00\x00\x00\x00\x00\x00\x00\x00\x00\x00\x00\x00\x00\x00\x00\x00\
\x00\x00\x00\x00\x00\x00\x00\x00\x00\x00\x00\x00\x00\x00\x00\x00\
\x00\x00\x00\x00\x00\x00\x00\x00\x00\x00\x00\x00\x00\x00\x00\x00\
\x00\x00\x00\x00\x00\x00\x00\x00\x00\x00\x00\x00\x00\x00\x00\x00\
\x00\x00\x00\x00\x00\x00\x00\x00\x00\x00\x00\x00\x00\x00\x00\x00\
\x00\x00\x00\x00\x00\x00\x00\x00\x00\x00\x00\x00\x00\x00\x00\x00\
\x00\x00\x00\x00\x00\x00\x00\x00\x00\x00\x00\x00\x00\x00\x00\x00\
\x00\x00\x00\x00\x00\x00\x00\x00\x00\x00\x00\x00\x00\x00\x00\x00\
\x00\x00\x00\x00\x00\x00\x00\x00\x00\x00\x00\x00\x00\x00\x00\x00\
\x00\x00\x00\x00\x00\x00\x00\x00\x00\x00\x00\x00\x00\x00\x00\x00\
\x00\x00\x00\x00\x00\x00\x00\x00\x00\x00\x00\x00\x00\x00\x00\x00\
\x00\x00\x00\x00\x00\x00\x00\x00\x00\x00\x00\x00\x00\x00\x00\x00\
\x00\x00\x00\x00\x00\x00\x00\x00\x00\x00\x00\x00\x00\x00\x00\x00\
\x00\x00\x00\x00\x00\x00\x00\x00\x00\x00\x00\x00\x00\x00\x00\x00\
\x00\x00\x00\x00\x00\x00\x00\x00\x00\x00\x00\x00\x00\x00\x00\x00\
\x00\x00\x00\x00\x00\x00\x00\x00\x00\x00\x00\x00\x00\x00\x00\x00\
\x00\x00\x00\x00\x00\x00\x00\x00\x00\x00\x00\x00\x00\x00\x00\x00\
\x00\x00\x00\x00\x00\x00\x00\x00\x00\x00\x00\x00\x00\x00\x00\x00\
\x00\x00\x00\x00\x00\x00\x00\x00\x00\x00\x00\x00\x00\x00\x00\x00\
\x00\x00\x00\x00\x00\x00\x00\x00\x00\x00\x00\x00\x00\x00\x00\x00\
\x00\x00\x00\x00\x00\x00\x00\x00\x00\x00\x00\x00\x00\x00\x00\x00\
\x00\x00\x00\x00\x00\x00\x00\x00\x00\x00\x00\x00\x00\x00\x00\x00\
\x00\x00\x00\x00\x00\x00\x00\x00\x00\x00\x00\x00\x00\x00\x00\x00\
\x00\x00\x00\x00\x00\x00\x00\x00\x00\x00\x00\x00\x00\x00\x00\x00\
\x00\x00\x00\x00\x00\x00\x00\x00\x00\x00\x00\x00\x00\x00\x00\x00\
\x00\x00\x00\x00\x00\x00\x00\x00\x00\x00\x00\x00\x00\x00@!\
\xfe?\x01\x88!\x01\xe2\xe2\xe5Z\x00\x00\x00\x00IE\
ND\xaeB`\x82\
\x00\x00/%\
\x89\
PNG\x0d\x0a\x1a\x0a\x00\x00\x00\x0dIHDR\x00\
\x00\x01\x00\x00\x00\x01\x00\x08\x06\x00\x00\x00\x5cr\xa8f\
\x00\x00\x05\xb7iTXtXML:com.\
adobe.xmp\x00\x00\x00\x00\x00<?\
xpacket begin=\x22\xef\
\xbb\xbf\x22 id=\x22W5M0MpCe\
hiHzreSzNTczkc9d\
\x22?>\x0a<x:xmpmeta x\
mlns:x=\x22adobe:ns\
:meta/\x22 x:xmptk=\
\x22XMP Core 5.5.0\x22\
>\x0a <rdf:RDF xmln\
s:rdf=\x22http://ww\
w.w3.org/1999/02\
/22-rdf-syntax-n\
s#\x22>\x0a  <rdf:Desc\
ription rdf:abou\
t=\x22\x22\x0a    xmlns:x\
mp=\x22http://ns.ad\
obe.com/xap/1.0/\
\x22\x0a    xmlns:phot\
oshop=\x22http://ns\
.adobe.com/photo\
shop/1.0/\x22\x0a    x\
mlns:dc=\x22http://\
purl.org/dc/elem\
ents/1.1/\x22\x0a    x\
mlns:exif=\x22http:\
//ns.adobe.com/e\
xif/1.0/\x22\x0a    xm\
lns:tiff=\x22http:/\
/ns.adobe.com/ti\
ff/1.0/\x22\x0a    xml\
ns:xmpMM=\x22http:/\
/ns.adobe.com/xa\
p/1.0/mm/\x22\x0a    x\
mlns:stEvt=\x22http\
://ns.adobe.com/\
xap/1.0/sType/Re\
sourceEvent#\x22\x0a  \
 xmp:CreateDate=\
\x222026-04-26T21:2\
0:16-05:00\x22\x0a   x\
mp:ModifyDate=\x222\
026-04-26T22:37:\
32-05:00\x22\x0a   xmp\
:MetadataDate=\x222\
026-04-26T22:37:\
32-05:00\x22\x0a   pho\
toshop:DateCreat\
ed=\x222026-04-26T2\
1:20:16-05:00\x22\x0a \
  photoshop:Colo\
rMode=\x223\x22\x0a   pho\
toshop:ICCProfil\
e=\x22sRGB IEC61966\
-2.1\x22\x0a   exif:Pi\
xelXDimension=\x222\
56\x22\x0a   exif:Pixe\
lYDimension=\x22256\
\x22\x0a   exif:ColorS\
pace=\x221\x22\x0a   tiff\
:ImageWidth=\x22256\
\x22\x0a   tiff:ImageL\
ength=\x22256\x22\x0a   t\
iff:ResolutionUn\
it=\x222\x22\x0a   tiff:X\
Resolution=\x22300/\
1\x22\x0a   tiff:YReso\
lution=\x22300/1\x22>\x0a\
   <dc:title>\x0a  \
  <rdf:Alt>\x0a    \
 <rdf:li xml:lan\
g=\x22x-default\x22>Lo\
go</rdf:li>\x0a    \
</rdf:Alt>\x0a   </\
dc:title>\x0a   <xm\
pMM:History>\x0a   \
 <rdf:Seq>\x0a     \
<rdf:li\x0a      st\
Evt:action=\x22prod\
uced\x22\x0a      stEv\
t:softwareAgent=\
\x22Affinity Design\
er 2 2.6.3\x22\x0a    \
  stEvt:when=\x2220\
26-04-26T22:37:3\
2-05:00\x22/>\x0a    <\
/rdf:Seq>\x0a   </x\
mpMM:History>\x0a  \
</rdf:Descriptio\
n>\x0a </rdf:RDF>\x0a<\
/x:xmpmeta>\x0a<?xp\
acket end=\x22r\x22?>\x5c\
\xc7\xe5$\x00\x00\x01\x81iCCPsRGB \
IEC61966-2.1\x00\x00(\x91\
u\x91\xdf+\x83Q\x18\xc7?\xfb!b\x9a\xe2Bq\
\xb14\xae6\xcdV\xe2F\x994ji\xcd\x94\xe1f\
{\xf7Km\xf3\xf6\xbe\x93\xe4V\xb9U\x94\xb8\xf1\xeb\
\x82\xbf\x80[\xe5Z)\x22%\xd7rI\xdc\xb0^\xcf\
\xbb\xa9I\xf6\x9c\x9e\xf3|\xce\xf7\x9c\xe7\xe9\x9c\xe7\x80\
5\x96W\x0a\xba\xdd\x07\x85bI\x8b\x86\x82\xae\xd9\xf8\
\x9c\xab\xf1\x05;]X\xf1\x13H(\xba:\x1a\x89\x84\
\xa9k\x1fwX\xccx\xe35k\xd5?\xf7\xaf\xb5\xa4\
\xd2\xba\x02\x96&\xe1\x11E\xd5J\xc2\x13\xc2\xe1\x95\x92\
j\xf2\xb6p\x87\x92K\xa4\x84O\x85=\x9a\x5cP\xf8\
\xd6\xd4\x93U~69[\xe5/\x93\xb5Xt\x0c\xac\
m\xc2\xae\xec/N\xfeb%\xa7\x15\x84\xe5\xe5\xb8\x0b\
\xf9e\xe5\xe7>\xe6K\x1c\xe9\xe2\xcc\xb4\xc4\x1e\xf1n\
t\xa2\x84\x08\xe2b\x92q\xc6\x18d\x80a\x99\x07\xf1\
J\x7f\xfaeE\x9d|_%\x7f\x8a%\xc9UdV\
YEc\x91,9JxD]\x96\xeai\x89\x19\xd1\
\xd32\xf2\xac\x9a\xfd\xff\xdbW=\x13\xf0W\xab;\x82\
\xd0\xf0d\x18o\xbd\xd0\xb8\x05\xe5M\xc3\xf8<4\x8c\
\xf2\x11\xd8\x1e\xe1\xa2X\xcb_:\x80\xa1w\xd17k\
\x9a{\x1f\x9c\xebpvY\xd3\x92;p\xbe\x01\x9d\x0f\
jBKT$\x9b\xb85\x93\x81\xd7\x13h\x8dC\xfb\
54\xcfW{\xf6\xb3\xcf\xf1=\xc4\xd6\xe4\xab\xae`\
w\x0f\xfa\xe4\xbcs\xe1\x1b\xa7fh\x03\x15K\xd0[\
\x00\x00\x00\x09pHYs\x00\x00.#\x00\x00.#\
\x01x\xa5?v\x00\x00 \x00IDATx\x9c\xed\
\xddy|\x1c\xe5\x99\xe0\xf1_w\xabO\xdd\xf7e\xf9\
\xb6\xe5K\xbe\xb0\xc1\x06\x0361\x90\x90\x18r\x90\x0c\
\x10\xc8&;av\xb3\x9b\xf9l\x92\x1d6!\xd8`\
Lf&\x04\x12\x98I2@\xc8\x81\xc1\x5c9\x18\xae\
pe8l\xc0\x06\x1b\x1b\xcb\xf2%[\xbe$\xeb\xbe\
\x8fn\xa9\xcf\xda?d\xc9\xad\xea\x96\xd4jwW\xb5\
\xa4\xe7\xcb\xa7\x91\xab\xba\xba\xea\xad\xee~\x9f~\xdf\xb7\
\xdez_\x10B\x08!\x84\x10B\x08!\x84\x10B\x08\
!\x84\x10B\x08!\x84\x10B\x08!\x84\x10B\x08!\
\x84\x10B\x08!\x84\x10B\x08!\x84\x10B\x08!\x84\
\x10B\x08!\x84\x10B\x08!\x84\x10B\x08!\x84\x10\
B\xc4\x9cA\xef\x04h\xed\x9e\x9f\xfc\xd6\x18\x08\xf8\x8b\
\x8dFS!P\xa4(J\xb1\xc1`(\x04\x8a\xce=\
\x06\xfe\x9d\xa3g:E\xcc\xb8\x81\xba0\x8fzE\x09\
\xd4\x1b\x0c\xc6Z\xa0\xe6\xde\x8d\xdf\xee\xd11\x8d\xba\x99\
\x14\x01\xe0\x9e\x9f\xfc\xd6\x02\xac\x03n8\xf7(\xd27\
E\x22\xc1\xf8\x80\xed\xc0K\xc0K\xf7n\xfcv\xb5\xce\
\xe9\xd1\xcc\x84\x0d\x00\xf7\xfc\xe4\xf1t\xe0s\xc0\x17\xcf\
\xfdM\xd37Eb\x1c\xd9G\x7f0x\x11\xa8\xb8w\
\xe3\xed\x8a\xce\xe9\x89\x9b\x09\x15\x00\xee\xbe\xefq\xab\xa2\
(\xff\xcd`0|\x85\xfe_|\xb3\xdei\x12\xe3\xde\
i\xfa\x03\xc1\xe3[6\xdd~X\xe7\xb4\xc4\xdc\x84\x08\
\x00w\xdf\xf7\xb8\x11\xb8\x09\xf8g`\xfaX^\xeb\xf5\
xp\xbb\xfb\x82\x1en<\xee><\x1e\x8fjK\x05\
\x94\xf3\xffV\xce\xad\x0az\x96\xb0KA\x1b*\xaa\xa7\
\x95p\xdb\x0f9N\xc8.\xce\x1f{\xd8c\x05-\xaa\
\x12\xa9\x84\xddH\xfd\x1a\xf5\x8f\x9d\xfax\x84=\x11\xf5\
\xbe\xc3\xbf&8\xadaS3t\x0f\x8a\xea\x99\xe1O\
\xf5\xfc\xf1Ui3\x9aL8\xec\xc9\xd8\x1d\x0e\xec\x8e\
d\xec\x8edrs\x0b0\x18\xc6\xfc\xd5\x0f\x00\x7f\x00\
\xee\xd9\xb2\xe9\xf6\xda\xb1\xbe8Q\x8d\xfb\x00p\xf7}\
\x8f\xaf\x07~\x06,\x1bm[\x9f\xd7KKs#\x8d\
\x8du\xb8\x9c=x\xdcn\xfc\x81\x00\xc1_\x9c\xd0/\
R\xf8/\xd7\xb0\x99R\x09\xbf<t\xf3\xf0\xcb\x83\xaf\
T}\xf1\xc3\x1eK\xf5EW\x86\xfe/h\xb7\xaaL\
\xa9\xca\xe0\xea\x0c\x1f6\x00\xa8\x8f5Z\x00\x08\x13\x10\
\xfa\xd7\x8d\x10\x00B\x02\xc2h\x9f\xc9\xd0(:\xecg\
4\xf8\xe4\xf9\xe5\x1bo\xfa\x16\x0eG\xf2\xd0\xb3\x0c9\
\xefa\xf5\x02\x0f\x03\xf7o\xd9t{g\xa4/JT\
\xe36\x00\xdc}\xdf\xe3K\x81\xfb\x81kF\xda\xae\xb7\
\xd7EKs#m-\xcd\xb4\xb5\xb5\x9c[;\xfc\x97\
K\x02\xc0\xe4\x0c\x00\xc1\x22\x0c\x06\xad\xc0O\x80G\xb6\
l\xba\xdd\x1d\xc9\x0b\x12\xd1\xb8\x0b\x00w\xdf\xf7\x9b\xa9\
\xf4\x17\xf5\xbf\xce0\xe9\xefu9ih\xa8\xa3\xa3\xbd\
\x8d\xce\x8e\xf61}\xb9$\x00H\x00\x18p\xbc\xf2 \
\xc9\xc9\xa9\x14\x16\x97\x8c\xb4\xd9i\xe0.\xe0\xd9-\x9b\
\xfe!\xa2\xc8\x91HLz'`,6m\xf9\xcdz\
\xe0m\xe0\x12\xc2d~\xaf\xd7\xc3\xd9\xea\xd3\x1c\xaa\xd8\
OGG\x1b\xee\xbe>\xcd\xd3(\x12\xdf\x82E\xcb0\
\x9b-\xa3nw\xbc\xf2\x10\x1f\xef\xdaN]m5\xa9\
i\x19$\xa7\x84\xbd\x90\x94\x01|\x05\x98}\xe5\xba\x0d\
\xaf\xefx\xf7\x15_\x8c\x93\x1bW\xe3\x22\x00l\xda\xf2\
\x1b\xc3\x95\xeb6\xfc#\xb0\x0dp\x84\xdb\xa6\xbe\xae\x86\
C\x15\xfb\x83\x8a\xf9B\x84\x17i\x008[s\x9a\x96\
\xe6F\x9c\xcen\xaa\x8e\x1d\xa1\xb3\xa3\x8d\xd4\xd4\xf4\xe1\
J\x0f\x8b\x81k\xae\x5c\xb7\xe1\xaf;\xde}\xa5;\xd6\
i\x8e\x17\xa3\xde\x09\x18\xcd\xa6-\xbf\xb1\x00\x8f\x01\xff\
N\x98\x80\xd5\xde\xd6\xca\x9e\x8f>\xe0x\xe5a|>\
\xaf\xe6\xe9\x13\x93\xc7\xe9\x93\xc7y\xf5\xc5\xe7\xf8x\xe7\
{tu\xb6\x87\xdbd%\xb0\xe7\xae\xcd\x8f\xae\xd46\
e\xd1K\xe8\x00\xb0i\xcbor\x81\xbf\x01\xb7\xab\x9f\
s:{\xd8\xbf\xefc\x0e\x96\xef\xa5\xaf\xd7\xa5}\xe2\
\xc4\xa4u\xe4p9/\xfc\xe9I\xca\xf7\xed\x0e\xf7t\
\x91\xd1h\xdc\xb1i\xcbon\xd6:]\xd1H\xd8*\
\xc0\xa6-\x8f\x95\x01\xef\x00K\xd4\xcfu\xb4\xb7q\xe4\
P9\xbd.\xa7\xf6\x09\x13\xe3\xdeX\xab\x00\xc3i\xa8\
;KkK\x133f\xcdA\xd5\xad \x09\xf8\xca\x95\
\xeb6X\xae\x5c\xb7\xe1\xbd\x1d\xef\xbe\x9a\xb0\x8d\x83\x09\
Y\x02\xd8x\xefcW)\x0a;\x15\x85\xe9\x8a\xd2\xdf\
@<\xf08s\xea\x04\x15\xe5\xfb\xf0\xb8\xc7\xed\x95\x17\
1\x81\xd4T\x9f\xe2\xf5W\xfeLOO7\xea\xef\xaa\
\xa2\xf0cE\xe1O\x1b\xef},I\xeft\x0e'\xe1\
\x02\xc0\xc6{\x1f+\x05^\x00R\xd4\xcfU\x1e\xa9\xa0\
\xe6\xcc)\xed\x13%\xc4\x08\x9a\x1a\xebx\xfd\xd5?\xd3\
X\x1f\xb6\x83\xe0\x97\x81\x074NR\xc4\x12*\x00l\
\xbc\xf7\xb1L\xe0e =x\xbd\xd7\xeb\xe1\xe0\x81\xbd\
#\x16\xc7\x84\xd0SOw\x17\xaf\xbf\xfag\x8e\x1c\xdc\
\x1f\xee\xe9\xefm\xbc\xf7\xb1\xbf\xd7:M\x91H\x98\x00\
p\xae\x98\xf4\x1c07x\xbd\xcb\xe5\xa4\xa2|_\x7f\
\x87\x1e!\x12\xdc\xc7\xbb\xb6\xf3\xd1\x87\xef\x84{\xea\x91\
\x8d\xf7>\xb6F\xeb\xf4\x8c&a\x02\x00\x8a\xf2\x00\x8a\
rMp\x05\xca\xe7\xf5r\xec\xc8Ai\xec\x13\xe3\xca\
\xd1\xc3\x07\xa8\xd8\xbfG\xdd `FQ^\xd8\xb8\xf9\
\xd1iz\xa7/XB\x04\x80\xbb6?\xfa\xf7\x0a|\
O\xa1\xbf\xd7\xe6\xc0\xa3\xf2\xe8A\x9c\xceI9P\x8b\
\x18\xe7\xf6\xee\xf9\x90\xfa\xfa\xb3\xa8\xbe\xd3\xb9\x0a\xbc|\
\xd7\xe6GC\xda\xb7\xf4\xa2{\x00\xb8k\xf3\xa3k\x80\
G\xd4\xeb\xab\x8e\x1d\xa6\xb3\xa3M\x87\x14\x09\x11\x1b\xef\
\xbf\xf7&]\x9d\x1d\xea\xd5\x8b\x81\xa7\xee\xda\xfc\xa8\xee\
y\x0ft\x0e\x00wm~4\x03\xf8\x0b\xaa\x81;j\
\xcf\x9e\xa1\xb9\xa9A\x9fD\x09\x11#Ng\x0f;\xde\
}\x13\xbf?\xe4\xf6\x80/*\x8a\xf2\x03=\xd2\xa4\xa6\
w\x14\xfa!\x90\x17\xbc\xa2\xb3\xb3\x9d\xea\xd3'uJ\
\x8e\x10\xb1\xd5\xd2\xdc\xc0;\x7f{5d\xbd\xc1`\xb8\
\xeb\xae\xcd\x8ff\xe9\x90\xa4!t\x0b\x00wn\xfau\
\x09\x8a\xf2\xbd\xe0\x86\x92\xbe^\x17U\x95G\xf4J\x92\
\x10qQ[s\x9a\x8f>xG\xdd(\x98\x81\xa2\xfc\
X\xef\xb4\xe9\x16\x00\x8cF\xe3f\xc0\x16\xbc\xae\xe6\xcc\
I<\x1e\xe9\xe1'&\x9e\xa3G\x0e\x84\xeb\xc7\xf2\x8f\
w\xdd\xf3\x88\xaeW\x05t\x09\x00?\xbe\xe7\x91\x85\x0a\
|3\xb8\x85\xb4\xb3\xab\x83\xd6\xd6f=\x92#\x84&\
\xca\xf7\xefQ_\x15\xb0(p\x9f\x9ei\xd2\xab\x04\xf0\
S\xf5\xb1\xa5\x8b\xaf\x98\xe8\xaa\xcf\x9c\xa0\xbe\xaeF\xbd\
\xfa\xd6\x1f\xdf\xf3H\xc8\x0doZ\xd1<\x00\xdcy\xf7\
\xaf\xaf\x04\xe5\x0b\xc1q\xb0\xb3\xb3\x8d\x9e\xee.\xad\x93\
\x22\x84\xe6\xf6\xed\xd9\xc9\xd0\xde.\x8a\x01\x94\xfb\xf5J\
\x8f\xa6\x01\xe0\xc7\xf7\xfc\x87\xc1`0\x84\x9c\xec\x99S\
'\xb4L\x86\x10\xbainj\xa0\xae6d\xe2\xa1k\
\xef\xdc\xf4\xab\xf5z\xa4G\xdb\x12\x80\xc2\x15(\x5c\x12\
\x1c\x00\x9b\x1b\x1b\xe8u\xc9\x80\x1eb\xf2\xf8\xe8\x83w\
Q7\x06\x18\x0c\xc6;\xf4H\x8b\xa6\x01@\x81/\x06\
\x9f\xb7?\x10\xa0\xa6\xfa\xb4\x96I\x10Bw]]\x1d\
T\x1e=\xa8\x8e\x01\xeb\xee\xbc\xfb?\xd2Gyi\xcc\
i\x16\x00\xee\xbc\xfb\xd7\x06Pn\x08>\xe5\x8e\xb6\x16\
\xbc^\xf5\x0c<BL|'\x8e\x1fFU\x0c0\x83\
\xf29\xad\xd3\xa1e\x09\xa0\x0c\x98\x11\xbc\xa2\xbd\xbdU\
\xc3\xc3\x0b\x918\x9a\x1a\xeb\xe9\xee\x0e\x99X\xe8\x8bZ\
\xa7C\xcb\x00\x10rrr\xb3\x8f\x98\xccjB\xbb\xbc\
_w\xe7\xdd\xbf\xb6j\x99\x06\xed\x02\x80\xc2\x0d\xc1%\
\x9e\xce\xf6v\xfc~\xbff\x87\x17\x22\xd1\x9c\xad9\xad\
n\x0cLEa\xad\x96i\xd0$\x00\xfch\xd3\xaf\xa7\
*\xb0<\xf8\x5c\xa5\xf8/&\xbb\xfa\xba\x1a\xdcn\xb7\
\xba1P\xd3j\x80F%\x00\xe5zu\xa8\x93!\xbe\
\x84\xe8\xef\x1d\xa8\xca\x1b\xd7\xffh\xd3\xaf4+\x99k\
u\xa0\x1b\x82\x17\x9c==r\xd3\x8f\x10\xf4\xdf\x00\xa7\
R\x04\x5c\xa4\xd5\xf1\xb5\x0a\x00\x0b\x83\x17\xda\xe4\xa6\x1f\
!\x80\xfe\xc1o\xd4\x14EY\xa4\xd5\xf1\xe3\x1e\x00~\
\xb4\xf1W&\x14\xf2\x83K9^\x8f\x5c\xfb\x17\x02\xc0\
\xef\xf7\xd3\xdd\xd91\xb4W \x86\x02\xad\x8e\xafE\x09\
 O}\x1c\x8ft\xfe\x11b\x90+t\xd4\xeb\x22\xad\
\x8e\x1d\xf7)\x8b\x14\x94\x90\x93\x91\x12\x80\x10\xe7\xb9\x5c\
=(\x0c\x99>P\xb3\x00\x10\xf7\x12\x80\xa2(\xc5\xea\
u\xd2\xfdW\x88\xf3\xf4,\x01\xc4=\x00\x18\x0c\x86\xc2\
\xe0e\x9f\xcfG \x10\x88\xf7a\x85\x187\xc2\xdc\x0d\
[\x18n\xbbx\x88\x7f\x1b\x80B\x914\x00\x0a1<\
\x97\xabG\xddM\xa6\xe8\x87w\xfd\xd20\xca\xcbbB\
\x8bF\xc0!\xc5\x19\x09\x00B\x0c\x15\xa6\x04`\x06\xb2\
\xb58v\xfc\xdb\x00P\x8a\x14\xce\xff'W\x00\x84\x18\
\xaa\xd7\xe5D\x09\xfdO\x93v\x00-J\x00i\xc1\x0b\
afI\x11bR\x1b\xa6W\xac&\x83\x83\xe8=3\
\x90\x10BGq\xef\x070\xf4\xf2\xa6\x10\x22,\x9d\xf2\
I\xfc\x03\x80D\x00!\x22\xa0O>\x91*\x80\x10\x93\
\x98\x06]\x81\x85\x10\xa3\xd1+\x9fH\x09@\x88IL\
\xfbF@)\x12\x08\x11j\xf24\x02J\x04\x10\x22\x94\
>\xf9B\xf36\x80\x89\x96\xfd\x8dF#S\xa6N\xa5\
\xa0\xa8\x84\xfc\x82\x22rs\x0b(\xcc\xcb\xc7aw`\
\xb5X1\x9b-\x18\xcdf\x0c&\x13\x04\x02\x18\xfd~\
\x0c\x01?&\x7f\x00\x83\xd7\x8b\xd1\xd9\x83\xd2\xd3\x8d\xd2\
\xdd\x8d\xbb\xad\x95\x96\x9a34twR\xdf\xd3Mu\
W\x07\xfb[\x1bqkt\xf3T^~\x01\x0b\xcb\x96\
\x91\x91\x95MJr*Y\xe9\x19\xe4gd\xe2HN\
\xc1jw\x90d\xb3c\xb2\xda \xe0\xc7\xe8\xf1b\xf2\
y1{}\xe0\xf5\x10p\xb9\xf0\xb54\xd1[_G\
Oc#\xed}N\x8e\xb56Q\xdeT\xcf\xe1\xb6\x16\
\x02\x8a\xfe\x9f\xbc#9\x99\xec\xec\x5cL\xa6\xa4\x88\xbe\
\x87vG2\x06\x83\x01E\x83\xb4\xeb\xf5\xeehP\x02\
\x88\x9dE\x8b\x97Q:\xbflp9\xd7j#\xc7j\
\xbb\xe0\xfd\xf6\xd5\x9e\xc5u\xe2\xf8\xe0\xf2\x81\x96F\xde\
\x09\x9d\xc6yP^A!eK.b\xee\xbcE\xcc\
\x985\x17\xbb\xdd\x11\xd9\x81L&\x02f3\x00\x83\x03\
\xa2ge\x0d\xd9$\xd7\xefcj{\x07\x8e\xb6V\x92\
\x1b\x1b\xa1\xad\x8d\xaa\xf6\x16\x0e57\xf0a]5\xe5\
\xadMc9\xb5\x11e\xe7\xe4\xb2x\xd9\x0aJ\xe7\x95\
1sv)9\xb9\xf9\x11\xbe2\x09\xc5b\xc5\x07\x0c\
\xe9\xd79{\x0e\x16 \xc7\xebeJW\x17+;;\
\xf8\x87\xc6F\x94\xc6\x06N\xb7\xb7R\xd5\xd6\xc4{g\
N\xf0Am\xb5f_x\x83\xc1\xc0\xf4\x99s\x98=\
w>\xf9\x05E`\x88\xbc\xd9k\xf1\xb2\x8b\x99;o\
\x11'\xab\x8er\xa8b\x1f\xce\x9e\x9e8\xa6T\x1f\xe3\
*\x00L\x9f9\x87\xd5k\xd6\xc5|\xbf\x99\xa9\xe9\xe4\
\x06\xce\xdf|\xa5\xa0\x84\x04\x00\xa3\xd1\xc8\xc5\xab\xd6\xb0\
f\xed5L\x9b>+\xe6i\x18<\xb6)\x09WN\
\x0e\xae\x9c\x1cZ\xe6\x96b\xeb\xec\xa0\xa4\xba\x9a\xf9\xb5\
\xb5|m\xc1RN\xb6\xb7\xf2\xd6\xa9J^>y\x0c\
\xa7o\xec\xdd\xaag\xcc\x9a\xc3\xfak70k\xce<\
\xf2\xf2\xe3\xd3\xdd<`6\xe3\xca\xce\xc6\x95\x9dM\xdb\
\xccYX\xbb\xbb)\xaa\xae\xa6\xf4l\x0d\xd7\xcf[B\
Mg\x1bo\x1c?\xcc\x9f\x8e\x1e\xa0\xcd\x1d\xbf\xc1a\
\xf3\xf2\x0bY\xbd\xe6*R\xd32\xa2\xde\x87\xcd\xee`\
A\xd9r\xe6-X\xc2\xd1\xc3\xe5\xec\xf9\xe8}MJ\
\x04Z\x91F\xc0Q\x18\x0c\x06\xd6\x7f\xf6\x0b\x5c\xbe\xf6\
\x1a235\xb9Ak\x88\xbe\xf4\x0c\x1a\xca20\x95\
\x96RP^\xceL\xe0\x7ff^\xca-\x0b\x97\xf3\xf0\
\x9e\xf7y\xfb\xec\xe9\x88\xf6SPT\xcc\x97\xbfv\x1b\
\xcb.Z\x8d\xd1\xa8\xed\xc5\x1fwj*M\x0b\x17\xd2\
<\xaf\x94\xb4\xfaz\xf2O\x9e\xe4\xf6\xf4,\xbe\xb1t\
\x15;kN\xb0\xed\xc0'\x9477\xc6\xf4\x98\xcbW\
^\xca\xbc\x05\x8b1\x18M1\xd9\x9f\xd1dbA\xd9\
r\xf2\x0b\x8ax\xef\x9d\xd7\xe9\xea\xec\x88\xc9~\x07M\
\x9eF\xc0\xf1#7\xbf\x80\xdb\xbe\xf5\x1d\xa6\xcf\x9c\xa3\
wR\xf0[\xac\xd4\xaeXI\xd6\xc9\x93dW\x1e%\
\xcdjc\xd3e\xebYr\xec \xff\xb6\xffc|\xc3\
\xfc*efe\xf3\xa5\xaf\xde\xca%\x97\xae%)I\
\xdf\x02\x9fbJ\xa2sJ\x09\x9dE\xc5\xe4\x1e?F\
FU\x15\xebf\x94\xb2f\xeal\x9e\xab\xd8\xc3/\xf7\
\xee\xc2\x1f\x83_\xd7Uk\xd62k\xce\x82\x18\xa48\
Tvn\x01\x9f\xdf\xf05\xfe\xfa\xf2\xf3tu\x86\xcc\
\xedw\x01&h#\xe0xu\xf9\xda\xf5l\xf8\xf2\xcd\
\xd8lv\xbd\x93r\x9e\xc1@\xdb\xacY\xf4feR\
\xb8o\x1fI}}\xdcPZ\xc6\xbc\x9c|\xee\xdd\xf9\
6g\x83\xea\xa8If37\xfe\xdd7\xb8|\xdd\xb5\
Xc\xd0N\x12SF#\xcd\xa5\xf3\xe8\xc9\xcb\xa3`\
\xff~\xcc.\x17\xb7-]\xc5\xca\xe2\xe9\xdc\xbb\xfd\x0d\
\x8e]\xc0\x9c\x91K\x96\xaf\x8c[\xe6\x1f`s$\xb3\
\xfe\xda\x1bx\xf5\xc5\xe7\xc7\xfd\xfc\x16\x1a\x8c\x070\xf4\
\x91\xe8\x14 w\xfdg\xf9\xea-\xff=\xb12\x7f\x90\
\xde\xcc,\xce\x5c~\x05\x9e\x94\x14\x00J\xb3\xf3x\xec\
\x9a/Q\x9a\x91\x09\x80\xdd\xee\xe0\xff\xfeh\x0b\xeb?\
{C\xe2e\xfe \x03\xe7\xd19u*\x0a0/\xb7\
\x80\xdf\xdfp\x0b\xdfZ\xb4\x9ch\x86\xc3)\x996\x83\
E\x8bW\xc4:\x99a\xa5gfs\xd55\x9f\x8f\xc9\
\xbe\xd4yD\xcb\xbc\x22=\x01\x83(@\xd3\xd2\xa5\xa4\
\xcd[8\xea\xb6z\xf3[,\xd4]t\x11\x01S\x7f\
\x1d7\xd5j\xe3\x9e\xcb\xd6S\x90\x95\xc3\x1d\x1b\xff\x85\
9\xa5\x89\x7f\x0e\x00\x81\xa4$\x1a\xcb\x16\xd3VZ\x0a\
\x80\xddl\xe1\xbb\xab\xd6\xf2\xc3Uk\xc7\xbc\xaf\xa5\xcb\
.\x01\x83&#i\x01PX<\x8d\x19\xb3\xe6jv\
\xbcx\xd0bL\xc0qQ\x04P\x80\xc6\xa5\xcb\xe8,\
\x9e\xa2wR\x22\xe6II\xa5q\xc9\x92\xc1\xb7\xb5 \
7\x9f\xcd\x9b\x1f`\xea\xb4\x99\xba\xa6+\x1a\xad\xb3\xe7\
\xd0U2up\xf9\xab\x8b.\xe2\x1b\x8b\x96E\xfc\xfa\
9\xa5\x0bH\xcb\xc8\x1a}\xc3\x18[\xbeb5\x86X\
\x04\x1d\x9d\x8a\x00\x1a\x94\x00\xf4*\xdc\x8c\x81\xc1@\xe3\
\xb2et\x15\x87\x8c`\x9e\xf0\xba\x0b\x8b\xe8\x9c1\x03\
\xaf\xc3A\xcd\xa5\x97\x91\x94\xa5\xfd\x95\x8aXiX\xb4\
\x08Wn\xee\xe0\xf2w/Y\xcb\xd5\xd3\x22\xbb\xe4\xba\
\xb0,\xf2`\x11Ki\x19Y,([\x1a\x83=\xe9\
\x93O\xa4\x0a\x00t\x94\x94\xd0U4\xfe2\xff\x80\xa6\
y\xf3\xa9\xbe\xf42\xbc\x8e\x08;$%*\xa3\x91\xba\
e\xcb\x07\xcf\xc3d4r\xf7\xba\xeb\x98;\xca/{\
vn\x1e\xc9)i#n3\x1c\x9f\xd7C\xaf\xab\x07\
%\xe0\x1f}\xe3a\xcc\x9c5?\xea\xd7\xeaM\xba\x02\
\xd3\x7fyj\x5c3\x1a\xf1[\xadz\xa7\x22&\x02f\
3\xed3g\x92w\xf0 \x00\x0e\xb3\x85o,^\xc1\
\xc6\x1do\x0e\xfb\x9a\xe2)S\x87}.\x1cgO\x17\
U\xc7\x0es\xac\xf2P\xff\x88\xbcJ\x7f\xd3AfV\
6\x85\xc5SY\xb0h)vGJ\xc4\xfb\xcb\xce\xc9\
\xc3\xe1p\xe0r\x86\x8c\xee\x1b1\xb9\x1dX\x88s\xba\
\x8a\xa7\xe0\x0f\xea\xb3\xb0nf)Y#\x5c\xcd\xc8\xcf\
\x8f\xbc\xf4\xe6\xec\xe9\xe2\xcdW_\xe0\xc0\xa7{\x86\x0c\
\xc7\xad(\x0am\xad-\x1c<\xb0\x8f\xbf<\xbf\x95#\
\x07\xf7E\xbcO\x83\xd1\xc8\xcc\xd9\xa5\x11o\x9fH4\
\xe8\x09\xa8\x8am\x89X\x04\x18\x8b@\x80$\x8f\x07\xa3\
\xcf\x8b\xc9\xe7\xc3\xe0\xf5\xe2\xf7\xf9\xf0%%\xe17\x9b\
Q\xcc\x16\xb0\xdb1h\xdc\xdb.\x1a\x96\x9e\x1e\x92<\
nL\x1e\x0f&\x8f\x07\x97\xd3I\x1f\x0a^\xb3\x19\xbf\
\xd9\x8c\xc1n\xc7\x96\x93\x1b\xb3\xdet\x91\x0a$%\xd1\
5m\x1a\x99'N\x00\xfdW\x06nY\xb8\x8c_\xed\
\xdd\x15\xb2\xad\xd1h$+'/\xe2}o\x7f\xe7u\
\x9c\xce\x91\xfb\xf4\xfb\xfd~v\xefz\x9f\xf4\x8cl\x8a\
\xa6L\x8bh\xbfSJfr\xb0\xfc\xd3\x88\xd3\x11B\
\xa7\xee\xc5\xe3\xbc\xec\xab\x01E!\xb9\xa5\x05{{\x1b\
\xf6\xb66\x92\xda\xda8\xdaTGe[\x0b\x07[\x9b\
\xd8\xdf\xd2\x8c\xcb\xef=\x1f\xd7\x14\xb0\xd9m,,[\
J\xe9\xfc2\xe6/\x5cJVv\x8e\x9eg0\xc8\xe0\
\xf3\x91\xd2\xdcLrs\x13\x8e\xa6&|\xce\x1e\xca\x1b\
j\xf9\xa4\xbe\x86\xf7jNQ\xe7r\x86\xf4s\xb7;\
\xec,^\xba\x92\xb2%\x17q\xf1\xea+\xb0X\xb4\xa9\
jtL\x9bF\xc6\x89\x13\x83\xfd\x01\xbeP\xba\x98_\
\xef\xdd\x15\xf2\xfb\xe1HN\xc6\x14a\x0f\xc7>\x97\x93\
\xd6\x96\xe6\x88\xd3\xf0\xe1\xf6\xbfq\xfdW\xbe\x8e5\x82\
\xfe \x19:\x5c\x81\x88\x05\x09\x00\xc3\x09\x04H\xaf=\
KVU\x15f\x97\x0b_\xc0\xcf\x07g\xcf\xf0\xcc\xb1\
\x83\x9c\xe9\xe9\xea\xff\x22\x0e\x13\xb4\xfbz{\xf9d\xf7\
.>\xd9\xbd\x0b\x93\xd1\xc4\xd5\x9f\xbb\x9e\xf5\xd7n\xc0\
\x91\x1cy\xbd2\xd6\xd2jk\xc99r\x98\xa4s7\
\xdf\xbc_}\x82_\xee\xddI\xed(\xbf\x86\xbd.\x17\
\x1f}\xb8\x9d\x8f>\xdc\xce\x8b\x7f~\x9a\x1bo\xfe&\
\x97\xac\xba\x22\xee%\x1c\xaf\xddA\xc0b\xc1tn&\
\xa9\xbc\x94T\xf2\xec\x0e\x1a{\x87\xd6\xb3m\x91\xde\x89\
\x09\xb4\xb7\xb7\x8e)\x0d.\x97\x93\xba\xdajf\xcc\x1a\
\xbdxo\x1f\xa7\x0d\xb0\x12\x00\xc20\xbb\x5c\x14\xef\xfe\
\x18\x8b\xb3\x7f\xd6\xd6&W\x0fw\xefz\x97S\xdd]\
c\xde\x97\xdf\xef\xe7\x8dW_`\xe7\xfbo\xf3\x7f\xee\
\xd8La\x91\xb6\xfd\x0c\x92z{)\xdc\xff)\xf6\xb6\
\xfe\xee\xb5\xad.'\xf7\xefz\x87\x9d\x0d\xb5c\xdeW\
sS\x03\x8f\xfc\xdbO9q\xfc\x08\xb7\xdc\xf6?\xe2\
\x1e\x04|V\xeb`\x00\x00(LI\x0d\x0d\x00c\xe8\
\xe9\xe8\xec\xe9\x1es\x1a:\xdaZ \x82\x00`0\x9a\
H\xcf\xc8\xa0\xb3#\xc67\x09\xc5\x99\x16S\x83\x0d\xf9\
/\xd1\x1b\x01\xac\xdd\xdd\x94\xec\xfcp0\xf3\x9f\xed\xee\
\xe4\x8e\xf7\xff\xc6\xa9\x9e\xb1g\xfe`]\x9d\x9d\xfc\xfb\
\x83[hnj\x88E2#b\xf4x\x98\xb2\xfb\xe3\
\xc1\xcc\xdf\xe3qs\xe7{\xafE\x95\xf9\x83\xbd\xf9\xd7\
\x97x\xfe\x99\xdf\xc5\x22\x89#\xf2\xdb\x86f\xee\xbc0\
%\xa8H\x8a\xe7\x03\xa2)\x81\xb5\xb6F^eH\xbf\
\x80j@\x98\xa9\xc1\xa2\xde\xd7XHO\xc0`\x8aB\
\xd1\xdeO\x06\x8b\xc9\x01E\xe1'\xbbw\xd0\xd0\xd7\x1b\
\x93\xddwt\xb4k\x92q\x00\x0c~?\xc5{?\xc1\
r\xee\x06!\x8f\xdf\xc7\xbd\xef\xbf\xc5\xe11\x16\x83\x87\
\xf3\xfa+/Ps\xe6dL\xf65\x1c\xf5\xa5\xcd\x9c\
0\x97\xe6\xacc\xb8\xfc\x99\x99\x953\xe6[\xa1\x9b\x1b\
\xeb\xe9\xeel\xa7\xbb\xb3#\xe8\xd1\x1e\xf6a\xb1X\xc6\
\xb4\xef!t\xea/'U\x80 )MM\x98\xcf\xfd\
\xf2\x03\xeco\xaa\xe3t\x14\xc5\xc6\x91\x1c:\xb0\x9f\xf6\
\xb6V2\xe3\xdcc/\xa3\xfa\xcc\xe0/?\xc0['\
+\xd9\xd5X\x17\xb3\xfd+\x8a\xc2\x9b\xaf\xbd\xc0\xb7\xbf\
\xf3O1\xdb\xa7\x9aO\x95\xa12\xc3\xd4\xf7\xc728\
\x87\xdd\x91\xcc\xc2EK\xa9(\x8f\xfc\x12\x9f\xc7\xe3\xe1\
/\x7f\xdc:$C\x0e\xfe:+\xaa5\x89\xfe\x03\x17\
F\xe2_\xab\xd2P\xe6\xa9\xa1\xbfh/\x9d8\x1a\x97\
\xe3\x1c\xd8\xbf;.\xfb\x1d\xa4(d\x9c>=\xb8\x18\
P\x14\xfex\xf4@\xcc\x0f\xf3\xc1\xf6\xb7q\xb9\x9c\xa3\
o\x18%u\x09 \xcb\x16\x1a\x00\xdc\xee\xbe1\xeds\
\xc9\xf2U,^\xa6\xcd\x1d\x83\xe3\x81\xe6\xb7\x03'j\
\x904y<\xd8Z\xcf\x17\x8f\xbb\xddnv\xc7x\x94\
\x9a\x01\x87\x0f\x96\xc7e\xbf\x03R\x9a\x9a0\x07ur\
\xd9W_\x13U\x03\xe6h\x02\x81\x00\xedm-1\xdf\
\xef\x00u\x00\xc8\x08S\x02\xe8\x1bc\xf5\xcc`4\xb2\
d\xf9*\xd6\xad\xbfN\xf7\x01R\x82M\xe0\xdb\x81\xc7\
G\x08Hr\xf7\x0d\xb9\x07\xbd\xdd\xdd\x1b\xb7\x94\xb6\xb7\
\xc5\xa6\x1e>\x9c\x94\xc6\xa1\x0d\x8d\x1f\xd5\x9e\x89\xdb\xb1\
\xe2\x19\x00|\xaa>\x07\x19a\x1a\xfc\xa2\x1d\xa8s\xca\
\xb4Y|\xf9\xab\xdf\xe0\x92\xd5W\x90~n\x1c\x05}\
\xe9\x93OdL\xc0s\x92\xfa\x86\x8e\xec\xd2\x11\xa3\x86\
\xbfp\xe2\x1d\x00\x82\x7f\xfd\x01\xea.\xf0\x0a\xc6H:\
;\xda\xe3\xb6o\xbf\xaa\x0d \xcd\x1a\x1a\x00:;\xda\
\xe9\xebub\xb3'\x8fy\xff6G2\xa5\x0b\x96P\
:\x7f1\xcdM\xf5\x9c:Q\xc9\x89\x13\xc7\xf0\xc4q\
\xa0\xd2aM\xdc1\x01\xc7\x87\xa4\xbe\xa1u\xc9vw\
\xfc\x02@Ow\x17~\xbf\x0fS\x9cnBJ\xea\x1d\
\x9a\xf6\x9a8\x14\xff\x07\x04\x94\xf8\xcdY\xa0\xa8Z\xec\
\x93\x86i\xc1onl\xa0\xe4BFj6\x18\xc8\xcd\
/\x227\xbf\x88\x15\x97\x5cASc\x1d5\xd5'9\
y\xbcr\xccU\x8c\xf1F\x02\xc09I\xaa\xb1\xdd:\
\xe3\xfc+\xe0t\xf6\x90v\x01\xc3U\x0fKQ\x86\x04\
\x00\x7f @\x8d3\xb6W2\xb4\xa3\x8c\xb0t^\xed\
\xd9\xd3\x17\x16\x00\x82\x18M&\x0a\x8aJ((*a\
\xc5\xc5k\xa8\xab\xad\xa1\xf2\xc8\x01\xaaO\xc7\xf7\x92\xa7\
^$\x00\x0cP]N\xf2\xc7\xf1\x97\x0d\xc0\xe7\xf5\xc6\
e\xbf\x86\x80\x1fC\xd0\xb9x\xfc\xfe\x98\x8c\xb4\xab\x8b\
\x90d\x87?\x8f\x93U\xc7X\xb8\xf8\xa2\x0b\x1a\xff?\
\x1c\x83\xd1Dq\xc9t\x8aK\xa6\xd3\xdd\xd9N\xd5\xb1\
\xc3\x1c9t\x00\xb7glW\x1e\x12\x99\xe6=\x01\xc7\
\xe9WQ$\x80\x91\xe2\xd8\xa1\x8a\xc8\xaf\xedG#5\
=\x93e+/\xe3+7}\x93\xe93g\xc7x\xef\
\xe1\xfa\x01JO@1\xe9\xa9\xab\x00\xc3\x7f\x81N\x1c\
\xaf\xa4\xb6\xe6T\xbc\x13\x84\xd5fg\xddg\xbe\xc0\xea\
\xcb\xd6\xc5f,@\xd0uX`\xe9\x08$\x12\x96a\
\x8c\x99\xe0\x83\xed\xffE\xd7\x05\xcc)\x101\x83\x81y\
\x0b\x97\xf2\x85/\xdeDjZtC\x91%\x0a\x09\x00\
b\xdc\x18\xad)\xc3\xe7\xf3\xf2\xd6k/r\xb6Z\x9b\
\x06\xbb\x9c\xbc\x02>\xb7\xe1\xabXm\x89;\xf7\xc2h\
$\x00\x88q#\x92z\xb1\xdb\xdd\xc7\xf6\xb7\xdf`\xf7\
\xcew\xf1\x05\xddJ\x1c/\xc9)i\xac\xfd\xccuq\
?N\xbc\xc8\xed\xc0\x22\x81E\xff]9^y\x98\xbf\
\xbe\xf2G\x9acx\x03\xd4p\x8a\xa6Lg^\xd0\xb4\
\xf5\xd1\x98<\x8d\x80\x92\xffE\xa4\xd4\xc3I\x8e\xf1r\
fwW'o\xbe\xf6\x9f\xbc\xf1\xca\x9f8Uu$\
\xae%\x82E\x8b/\xba\xb0\x1d\xc8\xed\xc0B\xa8E\xd6\
\x11h4-\xcdM\xb44\xbf\x8d\xc9\xbc\x83\xb9\xa5\x0b\
\x985{>\x19Y\xb1\x1d\xa71-#\x8b\xd9s\xe7\
Qu,>w\x90\xc6\x8b\x04\x00\x91\xb0\xd4\x17\xd9\xc6\
Z\x02P\xf3y\xbd\x1c>X\xce\xe1\x8ar\xf2\xf2\x0b\
\x98;\x7f\x11%Sg\x92d\xbe\x80\x81<\x82L\x9b\
>[\x02\x80\x101\x13\xc7bpSc=\x8d\x8d\xf5\
\x98\xcd\x96\xfeR\xc1\x9c\x0b/\x15\xe4\xe6\x15\xc6(u\
\xda\xd1 \x00H\xa5_\xc4F<\x1a\xc6\xbc^\x0f\x87\
*\xf6s\xa8\xe2S\xf2\x0a\x0a)\x9dWF\xc9\xb4\xe8\
J\x05\x8e\x94T22\xb3\xe8\x88j\xd8\xb5\x09:/\
@\xc8\xbc \x12\x0fD\xc4Tm\x00q\xfe\xee45\
\xd4\xd3\xd8\xd0_*\xb8h\xe5jJ\x17,\x19\xf3>\
2\xb3\xb2\xa3\x0a\x00z\xe5\x0b\xe9\x07 \x12\x97N\x99\
\xc2\xeb\xf5\xf0\xd1\x87\xefQ\xbew\xd7\x98s\xa6u\x0c\
\xc3\x94'\x02\x09\x00b\xdc\xd0\xfaV\xb2\xfd\xfbv\xb3\
\xef\x93\x9dcz\xcdx\xeb\x15\xa8C\x1b\x80\xd4\x01D\
d\x0c\xa3T\x01\xf2\xf2\x0b\x99\x7f\xae\x98\xae\x04\xfd?\
\x9c\xf7\xdf}\x13\x9f\x7f\xecS\x80W\xec\xff\x84y\x0b\
\x96D<\xa7\x80\xc5\x12m\x00\x98\xa8m\x00\xf1>\x80\
\x98\xb4\x92\xccf\x8a\xa7\xce\x88h[\xbb#\x99\xee(\
GFjj\xa8ez\x04\xb3\x03A\x7f\xf5!\x1a\x13\
wzp\xe9\x05(\xa2\x152\xb1\xf4\xd0\x15\xaeQ\xe6\
5\x0c\x96\x9c\x12\xfd\xbc\x8cNW\xe4\xc7qG;\x84\
\x98\xdc\x0e,\xc4\xc8\xd4U\x80\x9e\xee\xc8\x87:\xcb\xcd\
-\x88\xfa\xb8&S\xe4\xd3\xa3\x8f\xb71\x04%\x00\x88\
\x046r\xfb\x91\xcf\xe7\x8dxh\xb5\xfc\xc2\xe8'e\
\xb5\x85\x99\x90d8}\xaa\xc9K\x13\x9d\x0e\xf3\x02\x08\
\x11\xa1\x90*@\xa8H\x8b\xdc\x05\x85S\xc8\xcd\xcb\x8f\
*\x19\xb9y\x91\x97\x1e\x5c\xaeh\x03\x80>u\x00)\
\x01\x88q#\xdc%\xf9\xb6\x08g\xef5\x18\x8d\x5c\xbc\
\xea\xca1\x1fs\xc6\xac9$\xa7D6\xea\x8f\xd7\xdd\
\x17\xd7y\x12\xe2!\xfe\xe3\x01(\xa1\x0f!\x22\x11r\
\x190\xcc\xafb}]M\xc4\xfb\xcb\xca\xc9c\xc1\xa2\
\xa5\x11o\x9f\x9a\x9a\xc6\xaaK\xaf\x8ax\xfb\xa6\xa6\xfa\
\x88\xb7U\xd3+\x9fH\x09@$\xae\x08\xc6\x03\xa89\
s\x12%\x10\xf9\x10\xee\xcbW\xacf\xe5\xaa5\xa3N\
\x13\x9e\x9c\x9c\xc2\xda\xf5\xd7a\x19C\xc7\x9e\x86\xba\xb3\
\x11o\x9b(\xe4n@1\xae\xb9\xddn\xda\xdbZ\xc8\
\xca\xc9\x8bh{\x83\xd1\xc4\xbc\x85K)*\x9eJ\xf9\
\xa7\xbbih\xa8\xa5\xd7y\xbe\xden\xb7;X\xb4d\
9sK\xcbH2\x9b\xc7\x94\x96\xea3\xe3o\xf2\x10\
\xe9\x09(\x12Xd\x03\x82\x9c9]\x15q\x00\x18\x90\
\x96\x91\xc5\xe5\xeb>\x0b\xf4\xb7\xdc\xf7\xbazp$\xa7\
b\x0d3\x01i$:\xdb[/p\xceG}\xf2\x85\
T\x01D\xe2\x8apH\xb0\xa3\x87\x0e\xe0\xbc\x80\x09P\
mv\x07\x99\xd9yQg~\x80\x8a\xf2=Q\xbfV\
O\xd2\x13P\x8c{\x8a\xa2p\xe8@|g\x06\x1aI\
G[\x0b\xc7*\x0f_\xd8N&jO@\xc9\xff\x22\
Z\x91\x5c\x05\x18p\xfc\xd8\x91(\x07\xe2\xb8p\x07\xf6\
\xef\xbe\xe0}\xe85v\xae\x0e\x1d\x81$\x0c\x88\xe8\x8c\
vi\xec\x83\xedo\xe1qk;q\xe7\xc9\xaa#\x9c\
8\x1e\x8bq\x00\xa5#\x90\x10C\x8d1\x0ftv\xb4\
\xf3\xe1\xf6\xbf\x11\x88\xe2\xb6\xdfh47\xd6\xb3\xe3\x9d\
759V\xbcH\x00\x10\xe3F$\x03\x82\xd4\xd5\xd6\
\xb0\xe7\xa3\x1d\x04\xfc\xbe\xb8\xa6\xa5\xbb\xb3\x9d\xb7\xdfz\
\xf9\x82G*\xd6[\xfc/\x03\xcaU@\x11\xb5\xe8\xc6\
\x04\xac:v\x84\xce\x8e6.\xbb\xe2j\x92Sc?\
yg\xf5\xe9*v\xbc\xf7&^w\x0c'\x1a\x99\xa8\
c\x02\xea3\xe1\x91\x98\x98\x22\xff\xf6475\xf0\xea\
\xcb\xcfs\xfa\xe4\xb1\x98U\x09<\xee>>\xf9h\x07\
o\xbf\xf5\x0a\xde\x18\xcf2\xa4\xd7\xd4`\xd2\x13P$\
,\xf5\xf4\xe0c\xcd\x12^\x8f\x87\x0f\xb6\xff\x0d\x87c\
\x17\x0b\x16-a\xc6\xac\xd2\xa8\xae\xf5w\xb6\xb7r\xac\
\xf2 \x95\x87+\xf0\xf9\xe2[\xb5\xd0\xda\xb8\x0b\x00\xea\
:\x97z\xf6\x98\x0b\xd8\xb1\xe6\xf5\xb9\xe0\xe3\xc5\xee<\
\xd4\xefQ\x9c\xcf)\xcc\xfb\x16\xabsQT\xfb\x8e\xf6\
\xf3q9{\xf8\xe4\xe3\x0f\xd8\xf3\xf1\x07\xa4\xa6\xa6\x91\
\x99\x95MzF&\xa9i\x19\xa4\xa6\xa6\x93\x92\x9a\x86\
\xd5j\xc3\xe5\xec\xa1\xa7\xa7\x8b\xee\xee.\xba;;\xe8\
\xecl\xa7\xbd\xb5\x85\xee\x9e\xae\x09[u\x8d\xd9\xf7n\
8\xdf\xf9\xc7\xfb\xde\x07\xd6\x0c,w\xb4\xb7\xd1\xdc\xd4\
pnIQ\xd5\xeb\x82\x97\xcf\x0d\xf3\xa8ZFQ\x0d\
\x009\xf8'hG\x8azY=d\xa4\xa2z\xf9\xf0\
\xcb\xe1\xd7\x9d\xdb\xbbzyp]\xe8\xf2\xd0\xcd\xc3/\
\x0f\xbeR\xfd\x9e\x84;\x96\xfa}R\x1d\xeb\xfcn\x87\
\x9cuHEZ\x9d\xa9B3Yt\x9f\x89\xfa\x1d\x1f\
\xf53\x19\xc3gt.U\xea$\xa8\xb6\x19\xfd3\x89\
\xe43\x1a\xdcr\x84cG\xfa\x99\x0c\xf7\x19\xd9l6\
>\xfb\x85\x1bQ\xb9\xe2\x91_nz_\xbd2\xd6\xb4\
o\x04\x14B\x84\xd2)\x9fh0*\xb02\xe2\xb2\x10\
\x93\x9d\x82~\xf9B\xfa\x01\x081\x89I\x00\x10b\x12\
\x93\x00 \xc4$&=\x01\x85H\x04\x93\xa5\x11P\x08\
\x11J\x1a\x01\x85\x10\x9a\x93\x00 \xc4$&\x01@\x88\
IL\x1a\x01\x85H\x04\x13\xb5\x11P\x22\x80\x10\xa3Q\
\xd0+_hp\x15`\xe4e!\x84~\xf9B\xda\x00\
\x84\x98\xc4$\x00\x081\x89\xc9\xed\xc0B$\x82\xc9\xd3\
\x08(\x84\x085I\x1a\x01\x85\x10\xa1\xa4\x11P\x08\xa1\
9\x09\x00BLb\xd2\x11H\x88\x840A\xdb\x00$\
\xff\x0b1\x0a\xfd:\x02JO@!\x12\x814\x02\x0a\
\x01\xd8\xecvV\x5c\xbc\x9a_=\xfe<\xf7\xfc\xcb\xc3\
z'g\xc2\x1bw3\x03\x89\x89'99\x99\xdb\xbf\
{\x07+/^\x83\xc1p~\xae\x9a\xe6\xa6z\x1dS\
59h\xd0\x06 \x95\x001\x94\xc1`\xe0\xf3\xd7\xdf\
\xc8u7|\x8d\xd4\xb4\x0c\x8cF)\x88F<\xf5q\
\x8cI\x09@hb\xc9E+\xf8\xd2\x8d\xb7Q2m\
&V\xabM\xef\xe4\x88s\xa4'\xa0\x88\x8b)S\xa7\
\xf1\xe5\xaf\xdd\xca\xfc\x85KIMM\xd7;9\x09O\
\xaf|\x22%\x00\x11\x13\xc5SJ\xb8\xea\xea\xcf\xb3l\
\xc5jr\xf3\x0a\xf4N\x8e\x88\x90\x04\x00\x11\x95\xe2)\
S\xb9\xe4\xd2+X\xbdf\x1d\xf9\x05\xc5q9\x86\xd7\
\xeb\x8d\xcb~\xc5y\xda7\x02J\x9d`\xdc1\x1a\x8d\
L\x9d>\x83%KW\xf0\x99ko =#3n\
\xc7\xf2\xf9\xbc\x1c\xaa\xf8\x94\xdf?\xf6\x10M\x0d\x0d\xa3\
\xbf`\xa2\x90F@\x91(lv;\x05\x85\xc5\x5c\xfd\
\xd9\xeb\xb9\xe4\xd2\xb5$%\xc5\xf7k\xe2\xf3z9Q\
u\x94\x87\xee\xbf\x9b\xce\xce\xcesk\xe5\x97B\x0b\x12\
\x00&9\xa3\xc9\x84\xcdf\xe3\xd2\xcb\xd7\xb1\xe1\x8b7\
\x91\x96\x1e\xbf_\xf7`\x81@\x80\xea3'\xf9\xc5O\
7\xd1\xd2\xdc\xa4\xdb/\xe0d']\x81'\x99\x94\xb4\
4>\xbf\xe1F._{5V\x9b\x1d\x93I\xdb\xdf\
\x80\xb35\xa7\xf9\xd7\xcd\xff\x8f\x8e\xf6V@\xbe\x0f\x03\
&\xf0U\x00\x09\x01z\x98R2\x8d5W^M\xd9\
\xd2\x15\xa4\xa4\xa6a\xb7;t\xebps\xf2D%O\
\xfe\xeeW\x9c8^I \x10\xd0%\x0d\x89o\xa2\xb6\
\x01H~\x8f\x8b\xe4\xe4d\x16-YN\xe9\x822J\
\xa6\xce --\x93\xb4\xf4\x8c\xb8\xd7\xd7#u\xea\xe4\
q\x9e\xdf\xf68\x87\x0f\x96\xf7gzE&\x8a\x1d\xd1\
D\xbd\x1bP\x8cMzF\x16%%\xd3(,.!\
\xbf\xa0\x88\xec\x9c\x5c\xd23\xb2HO\xcf$9%u\
H_\xf9Ds\xfc\xd8a\xfe\xfa\xf2\x1f\xd9\xfb\xd1\xce\
s\xdfg\xc9\xf0\x89n\x5c\x05\x80y\x0b\xca\xf8\xf6w\
~0d\x9d\xd7\xeb\xa1\xd7\xe5\xc2\xe9\xec\xc6\xd9\xd3M\
o\xaf\x0b\x97\xd3\x89\xcb\xe5\xa4\xb7\xd7E__/\xee\
^\x17\xbd\xbd\xbd\xb8\xdd}\xb8\xddn\xdc}\xbdx\xdc\
n\xbc^/\x1e\x8f\x1b\x8f\xc7\x83\xdf\xe7\x1bSZL\
\xa6$\x92LIX\xacV\xac6+\x16K\xff_\x9b\
\xd5\x8e\xcdn\xc7fs`w8\xb0\xdb\x1d8\x1c\xc9\
\xd8\x93\x93INI%\xd9\x91\x8a#%\x99\xd4\x944\
\xec\x8e\xe4X\xbe=\x9aS\x02\x01\xaaNT\xf2\xdaK\
\x7fd\xef\xee](\x8a\x14\xef\xc7\x9bq\xdf\x08h6\
[0\xa7[HK\xcf\x88\xf1\x9eE8J @U\
\xd5Q^~\xe1Y\xca\xf7\xed>\xb7R~\xeb/\xd4\
$j\x04\x14\xe3\x8d\xd7\xe3\xe1\xf4\xa9*~\xfb\xe8\xcf\
i\xa8\xab\x95+vq1Y\x1a\x01\xe5\xcb\x93\xf0\x94\
@\x80\xee\x9en\xb6\xbf\xfd\x1a/\xfci\x1b\x01\xff@\
\xd1^>\xbc\xb8\x91F@\xa1\x17EQ\xf0\xb8\xdd\xbc\
\xf5\xc6\x8b\xfc\xe5\xb9'\xd5\xcf\xea\x92&\xa1\x0d-\x02\
@W\xf0\x82\x0c\xfe\xa0?EQ\xa89s\x92\xbf<\
\xbf\x95\x13U\x95\xb8\x9cN\x14)\xd7\xeb&\xc9l\x0e\
\xb7\xba3\xdc\xca\x98\x1f;\xde\x07PP\xea\x82\x97\x8d\
&\x09\x00Zkh8\xcb\xf6\xb7\xdf\xe0P\xc5~\xea\
kk\xf0\xfb\xfd\x83\xcfI\xc6\xd7\x9f\xd5j\x0b\xd7G\
\xa2.\xdc\xb6\xb1\xa6E\x09`\xc8\x89\x98L&\x0d\x0e\
99\xf9\x03~N\x1d?\xca\xa7\xfb>\xa6\xaa\xf20\
'\xaa\x8e\x0f\xb94\xa7\x80\xf4\xb9O@aFH\xf2\
\x02\xadZ\x1c[\x87\x00 \xcd\x0e\x17\xaa\xaf\xaf\x97\xb3\
\xd5\xa78QU\xc9\xa9\xaaJ\x8e\x1e\xa9\xa0\xa7\xa7g\
 \x87\x0fn'y}|\xb0\xda\xec\xeaUuO\xfc\
\xf6_5\xf9\xf4\xb4\xb8\x0a0dhW\xa3\xc1\x88\xc1\
`\x90\xa2\xe7\x08|>/\xed\xad-\xb4\xb64\xd3\xd0\
p\x96S'\x8fs\xec\xe8aZ\x9b\x9b\x18\xecP;\
\xf8\xf6\xc9\xfb8\xdeY\xad6\xf5\xc7\xa8\xd9p\xc8Z\
\xfc\x1c\xd7\xaaW\x98L&|c\xecy\x07p\xf4p\
\x05\xff\xf4\xddo\xa1\xd0\xdf\x17\xbed\xda\x0c\x8a\x8aK\
\xc8\xcd+ 3+\x1b\xbb#\x19\x9b\xcd\x8e\xc5j\xc3\
j\xb5b\xb1X0\x18\xf4os\xf0y}\xb8=}\
\xb8\xfbz\xe9\xedu\xd1\xdb\xeb\xa2\xa3\xbd\x95\xfa\xba\xb3\
\xd4\xd6Ts\xfaT\x15\x1dm\x03w\xc7\xa9{\xd5\xa8\
3\xbc\x98h\xc2T\x014\xa9\xff\x83\x0e\x8d\x80\xd0\x7f\
\x0f:Q\x04\x80`Ng\x0fG\x0fWp\xf4P\xc5\
\xc0q\x82\x0f\xaaZV\xf7L?\x9f\xc9\x0cF#F\
\x93\x11\xa3\xc1\x88\xd1`\x00c\xff_\x03\xe7\xf0E\x8d\
W\x00\x00\x07{IDAT\xfa\xdc\x0f\xf6\xbdWP\
\x02\x0a\x0a\x0a\x81@\xe0\xfc\xc3\xef\xc7\xe7\xf3\xaa~\x90\
\x95\x90\xe5!\xc7W\xa7GJC\x93\x9a\xd5\x16\xd2\x08\
8q\x02\x00\xd0\x04\x04\x08\x9a\x85\xa8\xbf\x1d\xc0\xad\xc1\
\xa1G\xd7\x9f\x91\xfd\x83\xb9q0k\x0e\x8d'\xaau\
\xf2\xab,b\xc7j\xd3\xaf\x04\x10\xf7\xf2\xf1\xd6\xdf\xfd\
\xd4\x0f4\x06\xaf\x93+\x01B\xf43\x1a\x8d8\x1c)\
C\xd6)\x8a\xa2\xd9`\x88\xdaT\x90\x15\x0e\x0d\xce\x80\
\xaa\x80\xdd\xee\xd0\xe4\xb0B$\xba\x9c\xdc|\x82\xf3\x06\
\x0a\x180\x1c\xd4\xea\xf8Z\xb5\x90\xbd\x14\xbc`\xb1X\
\xe5r\xa0\x10@n^\xa1zU\x1d\xb0W\xab\xe3k\
\x14\x00\x94\x97\xd5a\xce\x16Z\xef\x11b\xd2\xc9\xcb/\
D\x957^\xde\xfa\xfb\x9fj6\xb0\x82&\x01`\xeb\
\xef\xef\xafV`_\xf0i\xda\xa4\x1a &\xb9\xac\xec\
\x5c\x92\xccfu\x0d\xe0E-\xd3\xa0\xddEr\x85\x97\
\x82\xcf\xd2j\xb5%\xc45z!\xf4\x92\x93\x13R\xff\
\xefF\xe1=-\xd3\xa0e\x0e\x0c\x89l\xb6\xd0.\x90\
BL\x1a\xb9\xf9!\xf5\xff\xd7\x9e\xfc\xc3\xfd\x9a^\x1f\
\xd72\x00T\x00\xa7\x82W\xd8\xec\x12\x00\xc4\xe4\x94\x91\
\x91\x8d\xdd\x1e2&\xa4\xa6\xc5\x7f\xd00\x00<\xf9\x87\
\xfb\x15P^\x1a\xda\x10h\xef\xef\x15(\xc4$SX\
<\x05U\xf9\xdf\x0b\xca\xebZ\xa7C\xd3J\xb8\x02/\
\x06\x9f2\x06\x03ii2\x98\xa7\x98\x5c\xec\x8ed\x8a\
\xa6LW7\xfe\xbd\xfb\xe4\x1f~\xa6\xc9  \xc1\xb4\
m\x85S\xd8\x81\xc2\xc7\xc1g\xedp$\x93\x94\x14v\
D\x14!&\xa4y\xf3\x97\x84t\xfeQ\x02\xca\x03z\
\xa4E\xd3\x00\xf0\xd4\x13?S\x80\x1f\xaa\xd7\xc7s\xba\
i!\x12IZz&Y\xd9\xb9\xea\xd5on\xdb\xfa\
\xc0\x7f\xe9\x91\x1e\xcd\xaf\xc3=\xf5\xc4\xcf\xb6\x03\xaf\x06\
\xaf\xb3ZmX,V\xad\x93\x22\x84\xe6f\xcf\x99\xaf\
^\x15\xf6GQ+:]\x88W~\x04J \xb8\x0c\
\x94\x96\x96\xaeOR\x84\xd0\xc8\xc0\xb8\x15\xaa\xf2\xff\xb6\
\xa7\x9e\xf8Y\xb9^i\xd2%\x00<\xf5\xc4\x03\x87\x14\
x\x22\xf8m0[\xad\xd2;PLh\xd3f\xccQ\
W\xfd=\x0al\xd23M\xbau\xc5S\x14e3\xd0\
\x17\xbc.5-Cn\x15\x16\x13R\xf1\x94\xe9\xe1\xae\
x\xfdr\xdb\x13\x0f\x9c\xd1#=\x03t\x0b\x00Oo\
}\xb0\x06\x85\x87\x83\xc3a\x92)\x89\x8c\xccl\xbd\x92\
$D\x5cde\xe52w^\x99\xba\xe5\xbf\x03\x85\x7f\
\xd19i\xfa\x05\x80~\xca\xfd\xa04\x05\xbf+V\xab\
U\xda\x03\xc4\x84\x91\x96\x96A\xd9\xd2\x95\xa8s\xbf\xa2\
\x04\xfey\xdb\xd6\x07\xda\xf4M\x9d\xce\x01`\xdb\xd6\x07\
;\x80\xaf\xd0?\x0e\xfa\xa0\x94\xd44\x1c\xe3|\xeal\
!\xacV\x1b\x0b\x16-\x0d7\x1b\xd6\x7f\x1a\x0c\x86_\
\xe8\x91&5\xdd+\xdc\x07\xcawV/^zi\x1d\
p}\xf0z\x9b\xdd\x81\xc7\xe3\x8ej\xf4`!\x12\xc1\
\xa2%+H\x0d-\xcd\x1e\x006l\xdb\xfa`B\x0c\
\x8a\xa9{\x00\x008P\xbe\xf3\xd3\xb2\xa5\x97f\x00\xab\
\x82\xd7\xdblv\xdc}}\xfd\x83v\x0a1\x8e\xcc\x98\
5\x8f\xfc\xc2b\xf5\xeaf\xe0\xaa\xa7\xb7>\xd8\xacC\
\x92\xc2J\x9c\x1b\xf2\x15\xee@\xe1\xcd!c\xa3\x19\x8c\
dffKWa1\xae\x14\x15Oc\xea\xb4Y\xea\
j\xbf\x17\x85/?\xbd\xf5A][\xfd\xd5\x12&\x00\
<\xfd\xe4\x83>Pn\x02\xe5X\xf0\xbb\x96dN\x22\
'77\xdc\xe4\x09B$\x9c\xd9s\x170\xa7t!\
!\x9d\xfdQ\xbe\xf3\xf4\x93\x0f~\xa0k\xe2\xc2H\x98\
\x00\x00\xf0\xf4\x93?\xefP\x14\xe5z\xa0#x\xbd\xd1\
h\x22;'OF\x13\x16\x09\xcbf\xb3\xb3t\xf9%\
\x14O\x99\x16\xee\xe9\x87\x9f~\xf2\xe7\xbf\xd3:M\x91\
H\xa8\x00\x00\xf0\xccS\xbf\xa8\xa4\xff\xca@\x8f\xfa\xb9\
\xcc\xac\x9cp\x8d*B\xe8*-=\x93\xa5\xcbW\x91\
\x9e\x91\x15\xee\xe9\xbf\x00wh\x9c\xa4\x88%D#\xa0\
ZE\xf9\xaeSeK.}\x15\xf8\x1c0\xa4\xfb\x94\
\xc5j\xc3b\xb5\xe2q\xf7\xc9\x04\xa3BwY9y\
,Z\xb2b\xb8v\xaa\x7f\x06\xfe\xd73O\xfe<a\
[\xb1\x0d\xa3o\xa2\x9f[n\xfbA.\xf0g\xe0\x0a\
\xf5s^\xaf\x97\xce\x8eV<n\x0f\x10\xfd\xdc\x80\xea\
i\xbf\xa2\x9b\x1a,t.\xc0h\xe7\x06\x1c}r\xd0\
\xf0\xb3\x03+C\xff\x17\xb4\xdb!g\x8dz\x1eBu\
\x10\x0d\x0d\xaaJ\xd0K\x14Ur\xcf\xbfi\xcaH\xcb\
\x83\xebF\xf8L\xc6\xf0\x19\x9dK\x95:\x09\xaamF\
\xffL\x22\xf9\x8c\x06\xb7\x0cs\xeci\xd3g\xf77\xf6\
\x85\xea\x03\xbe\xf5\xccS\xbfx.\xdc\x93\x89$!K\
\x00\x03*\x0e\xecr\x95-Y\xfd\x0c\x90\x0f\x5c\x14\xfc\
\x9c\xc9d\xc2\x91\x9c\x82\xc5b\xc5\xebq\x13\x08h6\
\x94\xba\x98\xe4\x8a\x8a\xa7R:\x7fq\xff\xa8\xbe\xa1\xea\
\x14E\xb9\xf6\xd9m\x0f\xbd\xa5u\xba\xa2\x91\xd0\x01\x00\
\xa0\xe2\xc0.\x7f\xd9\x92\xd5\x7f\x05Z\x80kQ\xb5[\
$%%\x91\x9c\x92\x8a\xc9\x94\x84\xc7\xe3\x96j\x81\x88\
\x9b\x9c\xdc\x02\xe6\xce_DA\xc1\x14\xcc\xe6\xb0E\xfe\
\xdd\xc0g\x9e\xdd\xf6P\xa5\xc6I\x8bZBW\x01\xd4\
n\xb9\xed\x07\xeb\x81?\x02a\x87\x10\x0a\x04\x028{\
\xba\xe9\xea\xec\x90*\xc0\xe0n\xa5\x0ap\xa1U\x80\xd4\
\xb4t\xa6\xcd\x98Cz\xfa\x88#W=\x0d\xdc\xfe\xcc\
S\xbf\xe8\x1di\xa3D\x93\xf0%\x80`\x15\x07v\x9d\
\x5c\xb4x\xf5\xb3@\x0e\xb0\x18U\x003\x18\x0cX\xac\
6\xec\x8e\x94\xfe\xfe\xd7\x8a\x82\xdf\x9f\xb0\xed/\x22\x81\
\x99\x92\x92\xc8\xce\xcec\xc6\xacR\xa6N\x9f\x8d\xd5:\
\xec\x10\xf6\xa7\x80\xff\x0d\xdc\xf7\xec\xb6_x\x87\xdb(\
Q\x8d\xab\x12@\xb0\x9bo\xfd\xfe\x12\xe0~\xfa\xab\x05\
\xc3\xf2\xfb|\xf4\xf6\xba\xe8\xeb\xeb\xa5\xafo 8K\
\x09\xe0\xfc6R\x02\x18X\xb6Zmdd\xe5\x90\x95\
\x95\x13\xc9m\xe9\xad\x8a\xa2\xfc\xc4`0<\xf2\xec\xb6\
\x87\x12\xa2_\x7f4\xc6m\x00\x18p\xf3\xad\xdf_O\
\x7f X>\xda\xb6\x81@\x80\xbe^\x17.W\x0f>\
\xaf\x17\xbf\xdfO@Q\x90\x000\xfc\xf2D\x0e\x00&\
\xb3\x19\x8b\xd9J\xe6\xb9L\x9f\x92\x9aF\x04z\x81\x87\
\x80\x9f=\xbb\xed!\xcd\x87\xf1\x8e\xb5q\x1f\x00\x00n\
\xbe\xf5\xfbF\xe0\xef\xe8\xbf\xee:c,\xaf\x0d\x04\xfc\
\xf8\xfd~\xfc>\x1f~\xbf\x1f\x9f\xbf\xffo \xa8\xea\
\x10\xee\xcb\x15\xfcG\xf5O\x86\x0b\x00\xea\x8d\x15\xf5\x8a\
\x81W\xaa\xf3\xe0\x90M\x94\x90c\x0dw\x98\x90\x80\x10\
.\xa5!\xaf\x09\x13\x00\x86\xddD}\x22\xe1\xce\xe8\xfc\
\x8ap\x01 \xccf\xc1/\x18\x9a\xee\xf0/\x19f\x9b\
\xfe\xa3\x19\x8dF,f+f\x8b\x05\x8b%\xe8\xaf\xd9\
\x12\xee6\xdd\x91\x04\x80\xdf\x03\x9b\x9f\xdd\xf6P\xedX\
^\x98\xc8&D\x00\x18p\xf3\xad\xdf\xb7\x02\xb7\x017\
\x02W\x01r\x17\x91\xb8P\xa7\xe8\x9f\xb2\xeb\xb7\xcfn\
{\xe8\xb0\xde\x89\x89\xb5\x09\x15\x00\x82\xdd\xf4\xf5\xef\xa7\
\xd3\xdf\x93\xf0\x06\xe0: \xa2\xf2\x9d\x10\xc0^\xe0%\
\xfa3\xfe\xc1\xe7\x9e~h\x84\xb2\xc7\xf86a\x03@\
\xb0\x9b\xbe\xfe=\x0b\xb0\x96\xfe`p\x03\x10r\xa3\xb6\
\x98\xd4|\xc0{\xf4g\xfa\x97\x9f{\xfa\xe1j}\x93\
\xa3\x9dI\x11\x00\x82\xdd\xf4\xf5\xef\x19\x14E\x99b0\
\x18\x0a\x80\xa2a\x1e\x85@\xc8\xf4-b\x5c\xea\x03\xea\
\xc2<\xea\x83\xfe}\xf6\xb9\xa7\x1f\x0e\xb9\xf9L\x08!\
\x84\x10B\x08!\x84\x10B\x08!\x84\x10B\x08!\x84\
\x10B\x08!\x84\x10B\x08!\x84\x10B\x08!\x84\x10\
B\x08!\x84\x10B\x08!\x84\x10B\x08!\x84\x10B\
\x08!\x84\x10B\x08!\x84\x10B\x08!\xa2\xf2\xff\x01\
\x90B,>\xed\x01\x03\x05\x00\x00\x00\x00IEND\
\xaeB`\x82\
"

qt_resource_name = b"\
\x00\x06\
\x06\x8a\x9c\xb3\
\x00a\
\x00s\x00s\x00e\x00t\x00s\
\x00\x0b\
\x04\xbd\xeb\x07\
\x00l\
\x00o\x00g\x00o\x001\x002\x008\x00.\x00p\x00n\x00g\
\x00\x0b\
\x08\xa3\xeb\x07\
\x00l\
\x00o\x00g\x00o\x005\x001\x002\x00.\x00p\x00n\x00g\
\x00\x0c\
\x0d<\x93\xc7\
\x00l\
\x00o\x00g\x00o\x001\x000\x002\x004\x00.\x00p\x00n\x00g\
\x00\x0b\
\x05o\xeb\x07\
\x00l\
\x00o\x00g\x00o\x002\x005\x006\x00.\x00p\x00n\x00g\
"

qt_resource_struct = b"\
\x00\x00\x00\x00\x00\x02\x00\x00\x00\x01\x00\x00\x00\x01\
\x00\x00\x00\x00\x00\x00\x00\x00\
\x00\x00\x00\x00\x00\x02\x00\x00\x00\x04\x00\x00\x00\x02\
\x00\x00\x00\x00\x00\x00\x00\x00\
\x00\x00\x00\x12\x00\x00\x00\x00\x00\x01\x00\x00\x00\x00\
\x00\x00\x01\x9d\xcd\x03V\x08\
\x00\x00\x00h\x00\x00\x00\x00\x00\x01\x00\x01+\x08\
\x00\x00\x01\x9d\xcd\x03\x81\xb7\
\x00\x00\x00.\x00\x00\x00\x00\x00\x01\x00\x00\x1a\xaa\
\x00\x00\x01\x9d\xcd\x03\xa39\
\x00\x00\x00J\x00\x00\x00\x00\x00\x01\x00\x00u\x0d\
\x00\x00\x01\x9d\xcd\x03\xcc\xb0\
"

def qInitResources():
    QtCore.qRegisterResourceData(0x03, qt_resource_struct, qt_resource_name, qt_resource_data)

def qCleanupResources():
    QtCore.qUnregisterResourceData(0x03, qt_resource_struct, qt_resource_name, qt_resource_data)

qInitResources()
